,Rk,Player,Pos,Squad,Age,Born,90s,SCA,SCA90,PassLive,PassDead,TO,Sh,Fld,Def,GCA,GCA90,PassLive.1,PassDead.1,TO.1,Sh.1,Fld.1,Def.1,Matches
0,1,Che Adams,FW,sct Scotland,27-361,1996,2.3,2,0.86,1,0,0,0,1,0,0,0.0,0,0,0,0,0,0,Matches
1,2,Michel Aebischer,DF,ch Switzerland,27-184,1997,5.3,9,1.7,9,0,0,0,0,0,2,0.38,2,0,0,0,0,0,Matches
2,3,Arlind Ajeti,DF,al Albania,30-287,1993,3.0,2,0.67,2,0,0,0,0,0,0,0.0,0,0,0,0,0,0,Matches
3,4,Manuel Akanji,DF,ch Switzerland,28-355,1995,5.3,7,1.4,7,0,0,0,0,0,2,0.4,2,0,0,0,0,0,Matches
4,5,Samet Akaydın,DF,tr Türkiye,30-117,1994,3.7,4,1.07,4,0,0,0,0,0,0,0.0,0,0,0,0,0,0,Matches
5,6,Nathan Aké,DF,nl Netherlands,29-141,1995,4.2,5,1.18,4,0,0,0,0,1,1,0.24,1,0,0,0,0,0,Matches
6,7,Yunus Akgün,FW,tr Türkiye,24-001,2000,0.8,3,3.91,2,1,0,0,0,0,0,0.0,0,0,0,0,0,0,Matches
7,8,Kerem Aktürkoğlu,"FW,MF",tr Türkiye,25-261,1998,1.2,5,4.29,3,0,1,1,0,0,0,0.0,0,0,0,0,0,0,Matches
8,9,Trent Alexander-Arnold,"MF,DF",eng England,25-275,1998,1.5,3,2.11,2,0,0,0,1,0,0,0.0,0,0,0,0,0,0,Matches
9,10,Denis Alibec,FW,ro Romania,33-185,1991,0.3,0,0.0,0,0,0,0,0,0,0,0.0,0,0,0,0,0,0,Matches
10,11,Barış Alper Yılmaz,FW,tr Türkiye,24-046,2000,5.0,11,2.2,8,0,2,0,1,0,1,0.2,1,0,0,0,0,0,Matches
11,12,Sandro Altunashvili,MF,ge Georgia,27-050,1997,0.6,0,0.0,0,0,0,0,0,0,0,0.0,0,0,0,0,0,0,Matches
12,13,Zeki Amdouni,"MF,FW",ch Switzerland,23-217,2000,0.6,1,1.67,1,0,0,0,0,0,0,0.0,0,0,0,0,0,0,Matches
13,14,Joachim Andersen,DF,dk Denmark,28-038,1996,4.0,4,1.0,4,0,0,0,0,0,0,0.0,0,0,0,0,0,0,Matches
14,15,Robert Andrich,MF,de Germany,29-290,1994,3.5,9,2.82,9,0,0,0,0,0,0,0.0,0,0,0,0,0,0,Matches
15,16,Waldemar Anton,DF,de Germany,27-354,1996,0.4,2,60.0,2,0,0,0,0,0,0,0.0,0,0,0,0,0,0,Matches
16,17,Stuart Armstrong,MF,sct Scotland,32-100,1992,0.2,0,0.0,0,0,0,0,0,0,0,0.0,0,0,0,0,0,0,Matches
17,18,Marko Arnautović,FW,at Austria,35-080,1989,3.1,4,1.29,4,0,0,0,0,0,0,0.0,0,0,0,0,0,0,Matches
18,19,Jasir Asani,FW,al Albania,29-050,1995,2.3,6,2.57,4,0,0,1,1,0,1,0.43,1,0,0,0,0,0,Matches
19,20,Kristjan Asllani,MF,al Albania,22-121,2002,3.0,14,4.67,8,4,1,0,0,1,1,0.33,1,0,0,0,0,0,Matches
20,21,Kaan Ayhan,"MF,DF",tr Türkiye,29-241,1994,4.0,13,3.27,9,1,0,0,1,2,2,0.5,1,0,0,0,0,1,Matches
21,22,Alex Baena,"MF,FW",es Spain,22-354,2001,0.3,2,6.67,1,1,0,0,0,0,0,0.0,0,0,0,0,0,0,Matches
22,23,Alexander Bah,"DF,MF",dk Denmark,26-212,1997,3.1,8,2.57,4,2,0,0,1,1,1,0.32,0,1,0,0,0,0,Matches
23,24,Nedim Bajrami,"FW,MF",al Albania,25-131,1999,2.7,3,1.1,2,0,0,1,0,0,0,0.0,0,0,0,0,0,0,Matches
24,25,Johan Bakayoko,"FW,DF",be Belgium,21-079,2003,0.5,2,3.75,2,0,0,0,0,0,0,0.0,0,0,0,0,0,0,Matches
26,26,Jure Balkovec,DF,si Slovenia,29-303,1994,1.3,1,0.99,1,0,0,0,0,0,0,0.0,0,0,0,0,0,0,Matches
27,27,Iván Balliu,DF,al Albania,32-189,1992,1.0,0,0.0,0,0,0,0,0,0,0,0.0,0,0,0,0,0,0,Matches
28,28,Nicușor Bancu,DF,ro Romania,31-294,1992,3.0,7,2.33,6,0,0,0,1,0,0,0.0,0,0,0,0,0,0,Matches
29,29,Antonín Barák,MF,cz Czechia,29-218,1994,0.5,4,8.78,4,0,0,0,0,0,0,0.0,0,0,0,0,0,0,Matches
30,30,Bradley Barcola,FW,fr France,21-310,2002,0.8,6,9.0,2,0,3,0,0,1,0,0.0,0,0,0,0,0,0,Matches
31,31,Abdülkerim Bardakcı,DF,tr Türkiye,29-305,1994,4.0,7,1.75,7,0,0,0,0,0,0,0.0,0,0,0,0,0,0,Matches
32,32,Nicolò Barella,MF,it Italy,27-152,1997,3.7,5,1.36,5,0,0,0,0,0,0,0.0,0,0,0,0,0,0,Matches
33,33,Alessandro Bastoni,DF,it Italy,25-086,1999,4.0,5,1.25,5,0,0,0,0,0,0,0.0,0,0,0,0,0,0,Matches
34,34,Martin Baturina,FW,hr Croatia,21-143,2003,0.1,2,25.71,0,0,2,0,0,0,0,0.0,0,0,0,0,0,0,Matches
35,35,Christoph Baumgartner,"MF,FW",at Austria,24-342,1999,3.2,10,3.11,6,0,3,0,1,0,1,0.31,1,0,0,0,0,0,Matches
36,36,Altay Bayındır,GK,tr Türkiye,26-085,1998,1.0,0,0.0,0,0,0,0,0,0,0,0.0,0,0,0,0,0,0,Matches
37,37,Jan Bednarek,DF,pl Poland,28-087,1996,3.0,1,0.33,0,0,0,1,0,0,1,0.33,0,0,0,1,0,0,Matches
38,38,Maximilian Beier,FW,de Germany,21-265,2002,0.3,0,0.0,0,0,0,0,0,0,0,0.0,0,0,0,0,0,0,Matches
39,39,Jude Bellingham,MF,eng England,21-009,2003,5.4,14,2.74,13,0,0,1,0,0,3,0.59,3,0,0,0,0,0,Matches
40,40,László Bénes,MF,sk Slovakia,26-303,1997,0.8,3,6.59,2,1,0,0,0,0,0,0.0,0,0,0,0,0,0,Matches
41,41,Bartosz Bereszyński,DF,pl Poland,31-362,1992,0.1,0,0.0,0,0,0,0,0,0,0,0.0,0,0,0,0,0,0,Matches
42,42,Steven Bergwijn,FW,nl Netherlands,26-274,1997,1.0,2,2.0,1,0,1,0,0,0,0,0.0,0,0,0,0,0,0,Matches
43,43,Medon Berisha,MF,al Albania,20-261,2003,0.2,1,4.29,1,0,0,0,0,0,0,0.0,0,0,0,0,0,0,Matches
44,44,Victor Bernth Kristiansen,"DF,MF",dk Denmark,21-205,2002,1.7,3,1.73,2,1,0,0,0,0,1,0.58,1,0,0,0,0,0,Matches
45,45,Matúš Bero,"MF,DF",sk Slovakia,28-306,1995,0.5,0,0.0,0,0,0,0,0,0,0,0.0,0,0,0,0,0,0,Matches
46,46,Jaka Bijol,DF,si Slovenia,25-154,1999,4.3,2,0.5,2,0,0,0,0,0,0,0.0,0,0,0,0,0,0,Matches
47,47,Veljko Birmančević,DF,rs Serbia,26-125,1998,0.3,1,3.46,0,0,0,0,1,0,0,0.0,0,0,0,0,0,0,Matches
48,48,Daley Blind,FW,nl Netherlands,34-121,1990,0.0,0,0.0,0,0,0,0,0,0,0,0.0,0,0,0,0,0,0,Matches
49,49,Bendegúz Bolla,DF,hu Hungary,24-229,1999,2.3,3,1.32,3,0,0,0,0,0,0,0.0,0,0,0,0,0,0,Matches
50,50,Endre Botka,DF,hu Hungary,29-318,1994,1.0,2,2.0,1,0,0,0,0,1,0,0.0,0,0,0,0,0,0,Matches
52,51,Jarrod Bowen,FW,eng England,27-201,1996,0.4,1,2.43,1,0,0,0,0,0,0,0.0,0,0,0,0,0,0,Matches
53,52,Róbert Boženík,FW,sk Slovakia,24-233,1999,2.3,4,2.02,4,0,0,0,0,0,0,0.0,0,0,0,0,0,0,Matches
54,53,Volodymyr Brazhko,MF,ua Ukraine,22-167,2002,2.0,3,1.48,3,0,0,0,0,0,0,0.0,0,0,0,0,0,0,Matches
55,54,David Brekalo,MF,si Slovenia,25-218,1998,0.0,0,0.0,0,0,0,0,0,0,0,0.0,0,0,0,0,0,0,Matches
56,55,Armando Broja,FW,al Albania,22-302,2001,1.2,6,5.0,4,0,0,0,2,0,0,0.0,0,0,0,0,0,0,Matches
57,56,Marcelo Brozović,MF,hr Croatia,31-235,1992,2.5,6,2.4,5,0,0,1,0,0,0,0.0,0,0,0,0,0,0,Matches
58,57,Jacob Bruun Larsen,FW,dk Denmark,25-293,1998,0.1,0,0.0,0,0,0,0,0,0,0,0.0,0,0,0,0,0,0,Matches
59,58,Ante Budimir,FW,hr Croatia,32-352,1991,1.4,5,3.69,2,0,1,2,0,0,2,1.48,1,0,0,1,0,0,Matches
60,59,Adam Buksa,FW,pl Poland,27-362,1996,1.7,3,1.81,3,0,0,0,0,0,0,0.0,0,0,0,0,0,0,Matches
61,60,Andrei Burcă,DF,ro Romania,31-084,1993,4.0,3,0.75,2,1,0,0,0,0,0,0.0,0,0,0,0,0,0,Matches
62,61,Riccardo Calafiori,DF,it Italy,22-050,2002,3.0,8,2.67,7,0,0,1,0,0,1,0.33,1,0,0,0,0,0,Matches
63,62,Hakan Çalhanoğlu,MF,tr Türkiye,30-151,1994,3.9,11,2.79,8,2,0,0,1,0,0,0.0,0,0,0,0,0,0,Matches
64,63,Eduardo Camavinga,MF,fr France,21-241,2002,1.6,7,4.5,7,0,0,0,0,0,0,0.0,0,0,0,0,0,0,Matches
65,64,Andrea Cambiaso,"FW,DF",it Italy,24-139,2000,0.8,2,2.4,2,0,0,0,0,0,0,0.0,0,0,0,0,0,0,Matches
66,65,Emre Can,MF,de Germany,30-178,1994,1.1,2,1.75,2,0,0,0,0,0,0,0.0,0,0,0,0,0,0,Matches
67,66,João Cancelo,"DF,MF",pt Portugal,30-042,1994,3.8,14,3.65,8,0,3,0,3,0,0,0.0,0,0,0,0,0,0,Matches
68,67,Yannick Carrasco,"DF,FW",be Belgium,30-308,1993,2.4,5,2.06,4,0,0,1,0,0,0,0.0,0,0,0,0,0,0,Matches
69,68,Dani Carvajal,DF,es Spain,32-179,1992,4.2,10,2.37,10,0,0,0,0,0,0,0.0,0,0,0,0,0,0,Matches
70,69,Timothy Castagne,DF,be Belgium,28-216,1995,4.0,2,0.5,2,0,0,0,0,0,0,0.0,0,0,0,0,0,0,Matches
71,70,Koen Casteels,GK,be Belgium,32-013,1992,4.0,0,0.0,0,0,0,0,0,0,0,0.0,0,0,0,0,0,0,Matches
72,71,Žan Celar,"FW,MF",si Slovenia,25-116,1999,0.7,0,0.0,0,0,0,0,0,0,0,0.0,0,0,0,0,0,0,Matches
73,72,Zeki Çelik,"DF,MF",tr Türkiye,27-142,1997,1.2,6,5.14,4,1,0,1,0,0,0,0.0,0,0,0,0,0,0,Matches
74,73,Václav Černý,MF,cz Czechia,26-265,1997,0.6,5,8.33,4,0,1,0,0,0,0,0.0,0,0,0,0,0,0,Matches
75,74,Giorgi Chakvetadze,"MF,FW",ge Georgia,24-314,1999,2.7,5,1.84,5,0,0,0,0,0,0,0.0,0,0,0,0,0,0,Matches
76,75,Federico Chiesa,"FW,MF",it Italy,26-257,1997,2.9,6,2.05,4,0,2,0,0,0,0,0.0,0,0,0,0,0,0,Matches
78,76,Tomáš Chorý,MF,cz Czechia,29-164,1995,0.4,2,5.0,0,0,0,1,1,0,1,2.5,0,0,0,1,0,0,Matches
79,77,Andreas Christensen,DF,dk Denmark,28-089,1996,3.9,0,0.0,0,0,0,0,0,0,0,0.0,0,0,0,0,0,0,Matches
80,78,Ryan Christie,"MF,FW",sct Scotland,29-137,1995,1.1,2,2.0,2,0,0,0,0,0,0,0.0,0,0,0,0,0,0,Matches
81,79,Mojmir Chytil,FW,cz Czechia,25-070,1999,1.2,2,1.68,1,0,0,1,0,0,1,0.84,0,0,0,1,0,0,Matches
82,80,Alexandru Cicâldău,MF,ro Romania,27-000,1997,0.2,0,0.0,0,0,0,0,0,0,0,0.0,0,0,0,0,0,0,Matches
83,81,Florinel Coman,MF,ro Romania,26-089,1998,1.3,3,2.29,2,0,1,0,0,0,0,0.0,0,0,0,0,0,0,Matches
84,82,Kingsley Coman,MF,fr France,28-025,1996,0.2,1,5.63,1,0,0,0,0,0,0,0.0,0,0,0,0,0,0,Matches
85,83,Francisco Conceição,"FW,MF",pt Portugal,21-207,2002,2.0,14,10.33,9,0,1,1,3,0,0,0.0,0,0,0,0,0,0,Matches
86,84,Diogo Costa,GK,pt Portugal,24-293,1999,5.7,0,0.0,0,0,0,0,0,0,0,0.0,0,0,0,0,0,0,Matches
87,85,Vladimír Coufal,"DF,FW",cz Czechia,31-321,1992,3.0,14,4.67,7,7,0,0,0,0,1,0.33,1,0,0,0,0,0,Matches
88,86,Bryan Cristante,MF,it Italy,29-127,1995,1.5,2,1.35,2,0,0,0,0,0,0,0.0,0,0,0,0,0,0,Matches
89,87,Kevin Csoboth,DF,hu Hungary,24-018,2000,0.1,3,30.0,2,0,0,0,1,0,1,10.0,1,0,0,0,0,0,Matches
90,88,Marc Cucurella,DF,es Spain,25-352,1998,4.1,13,3.49,12,0,0,0,0,1,1,0.27,1,0,0,0,0,0,Matches
91,89,Mirlind Daku,FW,al Albania,26-189,1998,0.1,2,30.0,2,0,0,0,0,0,0,0.0,0,0,0,0,0,0,Matches
92,90,Diogo Dalot,"DF,MF",pt Portugal,25-112,1999,1.7,6,3.55,4,0,1,1,0,0,0,0.0,0,0,0,0,0,0,Matches
93,91,Mikkel Damsgaard,FW,dk Denmark,24-005,2000,0.4,0,0.0,0,0,0,0,0,0,0,0.0,0,0,0,0,0,0,Matches
94,92,Kevin Danso,DF,at Austria,25-293,1998,2.4,3,1.27,3,0,0,0,0,0,0,0.0,0,0,0,0,0,0,Matches
95,93,Márton Dárdai,DF,hu Hungary,22-147,2002,1.9,2,1.03,2,0,0,0,0,0,0,0.0,0,0,0,0,0,0,Matches
96,94,Matteo Darmian,DF,it Italy,34-219,1989,1.8,2,1.11,2,0,0,0,0,0,0,0.0,0,0,0,0,0,0,Matches
97,95,Zuriko Davitashvili,"FW,MF",ge Georgia,23-144,2001,1.3,0,0.0,0,0,0,0,0,0,0,0.0,0,0,0,0,0,0,Matches
98,96,Paweł Dawidowicz,DF,pl Poland,29-049,1995,2.0,0,0.0,0,0,0,0,0,0,0,0.0,0,0,0,0,0,0,Matches
99,97,Kevin De Bruyne,MF,be Belgium,33-010,1991,4.0,28,7.0,17,8,2,1,0,0,0,0.0,0,0,0,0,0,0,Matches
100,98,Charles De Ketelaere,FW,be Belgium,23-120,2001,0.0,0,0.0,0,0,0,0,0,0,0,0.0,0,0,0,0,0,0,Matches
101,99,Zeno Debast,DF,be Belgium,20-258,2003,1.2,1,0.87,1,0,0,0,0,0,0,0.0,0,0,0,0,0,0,Matches
102,100,Thomas Delaney,MF,dk Denmark,32-309,1991,0.9,1,1.07,1,0,0,0,0,0,0,0.0,0,0,0,0,0,0,Matches
104,101,Ousmane Dembélé,"FW,MF",fr France,27-054,1997,3.1,23,8.18,13,4,3,1,2,0,1,0.36,0,0,0,0,1,0,Matches
105,102,Merih Demiral,DF,tr Türkiye,26-125,1998,2.3,1,0.43,1,0,0,0,0,0,0,0.0,0,0,0,0,0,0,Matches
106,103,Giovanni Di Lorenzo,"DF,FW",it Italy,30-339,1993,4.0,4,1.0,4,0,0,0,0,0,0,0.0,0,0,0,0,0,0,Matches
107,104,Rúben Dias,DF,pt Portugal,27-055,1997,4.7,3,0.75,3,0,0,0,0,0,0,0.0,0,0,0,0,0,0,Matches
108,105,Federico Dimarco,"DF,FW",it Italy,26-241,1997,2.5,4,1.58,3,1,0,0,0,0,1,0.39,1,0,0,0,0,0,Matches
109,106,Berat Djimsiti,DF,al Albania,31-140,1993,3.0,3,1.0,2,0,0,1,0,0,0,0.0,0,0,0,0,0,0,Matches
110,107,Jeremy Doku,"FW,MF",be Belgium,22-042,2002,3.6,19,5.34,12,0,6,1,0,0,1,0.28,1,0,0,0,0,0,Matches
111,108,Kasper Dolberg,FW,dk Denmark,26-276,1997,0.4,0,0.0,0,0,0,0,0,0,0,0.0,0,0,0,0,0,0,Matches
112,109,Gianluigi Donnarumma,GK,it Italy,25-134,1999,4.0,0,0.0,0,0,0,0,0,0,0,0.0,0,0,0,0,0,0,Matches
113,110,David Doudera,FW,cz Czechia,26-038,1998,1.0,0,0.0,0,0,0,0,0,0,0,0.0,0,0,0,0,0,0,Matches
114,111,Artem Dovbyk,FW,ua Ukraine,27-017,1997,2.7,8,2.93,6,0,1,1,0,0,0,0.0,0,0,0,0,0,0,Matches
115,112,Denis Drăguș,FW,ro Romania,25-002,1999,3.2,4,1.24,3,0,1,0,0,0,1,0.31,1,0,0,0,0,0,Matches
116,113,Radu Drăgușin,DF,ro Romania,22-156,2002,4.0,0,0.0,0,0,0,0,0,0,0,0.0,0,0,0,0,0,0,Matches
117,114,Vanja Drkušič,DF,si Slovenia,24-252,1999,4.3,1,0.25,1,0,0,0,0,0,0,0.0,0,0,0,0,0,0,Matches
118,115,Kwadwo Duah,FW,ch Switzerland,27-135,1997,1.2,0,0.0,0,0,0,0,0,0,0,0.0,0,0,0,0,0,0,Matches
119,116,Martin Dúbravka,GK,sk Slovakia,35-175,1989,4.3,1,0.25,1,0,0,0,0,0,0,0.0,0,0,0,0,0,0,Matches
120,117,Ondrej Duda,MF,sk Slovakia,29-216,1994,3.5,9,2.56,7,1,0,0,1,0,0,0.0,0,0,0,0,0,0,Matches
121,118,Denzel Dumfries,DF,nl Netherlands,28-081,1996,4.0,9,2.25,6,1,0,1,0,1,0,0.0,0,0,0,0,0,0,Matches
122,119,Dávid Ďuriš,"FW,MF",sk Slovakia,25-108,1999,0.3,0,0.0,0,0,0,0,0,0,0,0.0,0,0,0,0,0,0,Matches
123,120,Lasha Dvali,DF,ge Georgia,29-055,1995,4.0,2,0.5,1,0,0,0,0,1,0,0.0,0,0,0,0,0,0,Matches
124,121,Timi Elšnik,MF,si Slovenia,26-070,1998,4.0,7,1.76,5,0,1,1,0,0,1,0.25,1,0,0,0,0,0,Matches
125,122,Breel Embolo,FW,ch Switzerland,27-145,1997,3.3,3,0.91,2,0,0,1,0,0,0,0.0,0,0,0,0,0,0,Matches
126,123,Christian Eriksen,"MF,FW",dk Denmark,32-145,1992,3.9,26,6.72,12,12,1,1,0,0,0,0.0,0,0,0,0,0,0,Matches
127,124,Eberechi Eze,"DF,MF",eng England,26-009,1998,1.1,2,4.29,1,0,0,1,0,0,1,2.14,0,0,0,1,0,0,Matches
128,125,Wout Faes,DF,be Belgium,26-096,1998,4.0,2,0.5,2,0,0,0,0,0,0,0.0,0,0,0,0,0,0,Matches
130,126,Nicolò Fagioli,MF,it Italy,23-147,2001,1.1,4,3.79,4,0,0,0,0,0,0,0.0,0,0,0,0,0,0,Matches
131,127,João Félix,"MF,FW",pt Portugal,24-241,1999,1.2,8,8.0,6,2,0,0,0,0,0,0.0,0,0,0,0,0,0,Matches
132,128,Bruno Fernandes,MF,pt Portugal,29-304,1994,4.2,19,4.97,14,5,0,0,0,0,0,0.0,0,0,0,0,0,0,Matches
133,129,Attila Fiola,DF,hu Hungary,34-142,1990,2.0,2,1.0,1,1,0,0,0,0,0,0.0,0,0,0,0,0,0,Matches
134,130,Phil Foden,"FW,MF",eng England,24-041,2000,5.0,15,3.01,6,3,3,2,1,0,0,0.0,0,0,0,0,0,0,Matches
135,131,Youssouf Fofana,MF,fr France,25-180,1999,0.5,1,8.18,1,0,0,0,0,0,0,0.0,0,0,0,0,0,0,Matches
136,132,Michael Folorunsho,FW,it Italy,26-152,1998,0.0,0,0.0,0,0,0,0,0,0,0,0.0,0,0,0,0,0,0,Matches
137,133,Przemysław Frankowski,DF,pl Poland,29-087,1995,3.0,9,3.0,8,0,1,0,0,0,0,0.0,0,0,0,0,0,0,Matches
138,134,Davide Frattesi,MF,it Italy,24-260,1999,2.1,4,1.95,3,0,0,0,1,0,1,0.49,1,0,0,0,0,0,Matches
139,135,Remo Freuler,MF,ch Switzerland,32-084,1992,5.1,7,1.38,7,0,0,0,0,0,2,0.39,2,0,0,0,0,0,Matches
140,136,Jeremie Frimpong,FW,nl Netherlands,23-211,2000,1.0,1,1.05,1,0,0,0,0,0,0,0.0,0,0,0,0,0,0,Matches
141,137,Chris Führich,FW,de Germany,26-181,1998,0.2,0,0.0,0,0,0,0,0,0,0,0.0,0,0,0,0,0,0,Matches
142,138,Niclas Füllkrug,FW,de Germany,31-150,1993,1.8,9,5.96,9,0,0,0,0,0,0,0.0,0,0,0,0,0,0,Matches
143,139,Mijat Gaćinović,DF,rs Serbia,29-151,1995,0.5,1,2.0,0,0,0,1,0,0,1,2.0,0,0,0,1,0,0,Matches
144,140,Cody Gakpo,FW,nl Netherlands,25-062,1999,4.8,19,3.95,16,0,2,1,0,0,3,0.62,2,0,1,0,0,0,Matches
145,141,Conor Gallagher,MF,eng England,24-153,2000,1.3,1,0.87,1,0,0,0,0,0,0,0.0,0,0,0,0,0,0,Matches
146,142,Dániel Gazdag,MF,hu Hungary,28-128,1996,0.0,0,0.0,0,0,0,0,0,0,0,0.0,0,0,0,0,0,0,Matches
147,143,Lutsharel Geertruida,DF,nl Netherlands,23-356,2000,1.2,3,2.5,1,0,0,0,1,1,1,0.83,0,0,0,0,0,1,Matches
148,144,Billy Gilmour,MF,sct Scotland,23-027,2001,2.0,0,0.0,0,0,0,0,0,0,0,0.0,0,0,0,0,0,0,Matches
149,145,Olivier Giroud,FW,fr France,37-282,1986,0.5,2,3.83,2,0,0,0,0,0,0,0.0,0,0,0,0,0,0,Matches
150,146,Klaus Gjasula,MF,al Albania,34-207,1989,0.2,1,5.0,1,0,0,0,0,0,0,0.0,0,0,0,0,0,0,Matches
151,147,Adam Gnezda Čerin,MF,si Slovenia,24-358,1999,4.3,6,1.5,2,4,0,0,0,0,0,0.0,0,0,0,0,0,0,Matches
152,148,Anthony Gordon,FW,eng England,23-135,2001,0.0,1,45.0,1,0,0,0,0,0,0,0.0,0,0,0,0,0,0,Matches
153,149,Jon Gorenc Stanković,MF,si Slovenia,28-176,1996,1.0,1,1.38,1,0,0,0,0,0,0,0.0,0,0,0,0,0,0,Matches
154,150,Michael Gregoritsch,FW,at Austria,30-081,1994,1.4,1,0.71,1,0,0,0,0,0,0,0.0,0,0,0,0,0,0,Matches
156,151,Antoine Griezmann,"MF,FW",fr France,33-109,1991,4.1,15,3.7,9,3,0,3,0,0,0,0.0,0,0,0,0,0,0,Matches
157,152,Florian Grillitsch,MF,at Austria,28-336,1995,2.2,4,1.86,3,0,0,1,0,0,0,0.0,0,0,0,0,0,0,Matches
158,153,Álex Grimaldo,DF,es Spain,28-292,1995,1.3,8,6.26,6,2,0,0,0,0,0,0.0,0,0,0,0,0,0,Matches
159,154,Pascal Groß,MF,de Germany,33-023,1991,0.5,5,10.0,5,0,0,0,0,0,0,0.0,0,0,0,0,0,0,Matches
160,155,Kamil Grosicki,MF,pl Poland,36-030,1988,0.2,0,0.0,0,0,0,0,0,0,0,0.0,0,0,0,0,0,0,Matches
161,156,Nemanja Gudelj,MF,rs Serbia,32-235,1991,1.0,0,0.0,0,0,0,0,0,0,0,0.0,0,0,0,0,0,0,Matches
162,157,Marc Guéhi,DF,eng England,23-361,2000,4.3,1,0.25,1,0,0,0,0,0,1,0.25,1,0,0,0,0,0,Matches
163,158,Péter Gulácsi,GK,hu Hungary,34-063,1990,3.0,0,0.0,0,0,0,0,0,0,0,0.0,0,0,0,0,0,0,Matches
164,159,Arda Güler,"FW,MF",tr Türkiye,19-134,2005,3.8,17,4.5,10,3,2,1,1,0,2,0.53,1,1,0,0,0,0,Matches
165,160,İlkay Gündoğan,MF,de Germany,33-258,1990,4.3,16,3.76,12,1,0,1,2,0,4,0.94,2,0,0,1,1,0,Matches
166,161,Angus Gunn,GK,sct Scotland,28-168,1996,3.0,1,0.33,0,1,0,0,0,0,0,0.0,0,0,0,0,0,0,Matches
167,162,Mert Günok,GK,tr Türkiye,35-129,1989,4.0,0,0.0,0,0,0,0,0,0,0,0.0,0,0,0,0,0,0,Matches
168,163,Joško Gvardiol,DF,hr Croatia,22-167,2002,3.0,1,0.33,1,0,0,0,0,0,0,0.0,0,0,0,0,0,0,Matches
169,164,Giorgi Gwelesiani,DF,ge Georgia,33-064,1991,1.8,0,0.0,0,0,0,0,0,0,0,0.0,0,0,0,0,0,0,Matches
170,165,Norbert Gyömbér,DF,sk Slovakia,32-005,1992,0.4,4,180.0,4,0,0,0,0,0,0,0.0,0,0,0,0,0,0,Matches
171,166,Ianis Hagi,MF,ro Romania,25-260,1998,2.1,4,1.91,3,0,0,0,1,0,1,0.48,0,0,0,0,1,0,Matches
172,167,Dávid Hancko,DF,sk Slovakia,26-208,1997,4.1,5,1.34,3,2,0,0,0,0,1,0.27,0,1,0,0,0,0,Matches
173,168,Grant Hanley,DF,sct Scotland,32-231,1991,2.5,2,0.8,2,0,0,0,0,0,0,0.0,0,0,0,0,0,0,Matches
174,169,Lukáš Haraslín,FW,sk Slovakia,28-043,1996,2.9,11,3.75,4,4,2,1,0,0,1,0.34,1,0,0,0,0,0,Matches
175,170,Kai Havertz,"FW,MF",de Germany,25-027,1999,4.3,9,2.08,7,0,0,2,0,0,1,0.23,1,0,0,0,0,0,Matches
176,171,Jack Hendry,DF,sct Scotland,29-062,1995,2.9,0,0.0,0,0,0,0,0,0,0,0.0,0,0,0,0,0,0,Matches
177,172,Benjamin Henrichs,DF,de Germany,27-136,1997,0.1,0,0.0,0,0,0,0,0,0,0,0.0,0,0,0,0,0,0,Matches
178,173,Theo Hernández,DF,fr France,26-276,1997,5.3,9,1.8,8,0,0,0,1,0,0,0.0,0,0,0,0,0,0,Matches
179,174,Morten Hjulmand,MF,dk Denmark,25-013,1999,2.7,8,2.93,7,0,0,1,0,0,0,0.0,0,0,0,0,0,0,Matches
180,175,Adam Hložek,MF,cz Czechia,21-349,2002,1.2,3,2.5,2,0,0,1,0,0,0,0.0,0,0,0,0,0,0,Matches
182,176,Tomáš Holeš,DF,cz Czechia,31-099,1993,3.0,5,1.67,4,0,0,0,0,1,0,0.0,0,0,0,0,0,0,Matches
183,177,Arbër Hoxha,"FW,MF",al Albania,25-276,1998,0.6,4,7.2,4,0,0,0,0,0,1,1.8,1,0,0,0,0,0,Matches
184,178,Robin Hranáč,DF,cz Czechia,24-161,2000,3.0,3,1.0,3,0,0,0,0,0,0,0.0,0,0,0,0,0,0,Matches
185,179,Elseid Hysaj,DF,al Albania,30-139,1994,2.0,2,1.0,2,0,0,0,0,0,0,0.0,0,0,0,0,0,0,Matches
186,180,Pierre Højbjerg,MF,dk Denmark,28-338,1995,3.9,10,2.56,9,0,0,0,1,0,0,0.0,0,0,0,0,0,0,Matches
187,181,Rasmus Højlund,FW,dk Denmark,21-155,2003,3.2,6,1.89,4,0,0,1,0,1,0,0.0,0,0,0,0,0,0,Matches
188,182,Ivan Ilić,MF,rs Serbia,23-113,2001,2.2,5,2.24,4,1,0,0,0,0,1,0.45,0,1,0,0,0,0,Matches
189,183,Josip Iličić,"FW,MF",si Slovenia,36-161,1988,0.3,1,5.63,1,0,0,0,0,0,0,0.0,0,0,0,0,0,0,Matches
190,184,Gonçalo Inácio,DF,pt Portugal,22-318,2001,1.3,4,3.05,4,0,0,0,0,0,1,0.76,1,0,0,0,0,0,Matches
191,185,Luka Ivanušec,MF,hr Croatia,25-225,1998,0.2,0,0.0,0,0,0,0,0,0,0,0.0,0,0,0,0,0,0,Matches
192,186,Erik Janža,DF,si Slovenia,31-017,1993,3.0,6,2.01,4,1,0,1,0,0,0,0.0,0,0,0,0,0,0,Matches
193,187,Jorginho,MF,it Italy,32-201,1991,2.4,7,2.93,6,0,0,0,0,1,0,0.0,0,0,0,0,0,0,Matches
194,188,Joselu,FW,es Spain,34-103,1990,1.0,1,1.27,1,0,0,0,0,0,0,0.0,0,0,0,0,0,0,Matches
195,189,Diogo Jota,"FW,MF",pt Portugal,27-217,1996,1.1,5,6.43,2,0,0,0,1,2,0,0.0,0,0,0,0,0,0,Matches
196,190,Luka Jović,"MF,FW",rs Serbia,26-198,1997,1.1,0,0.0,0,0,0,0,0,0,0,0.0,0,0,0,0,0,0,Matches
197,191,Josip Juranović,DF,hr Croatia,28-327,1995,1.0,2,1.98,2,0,0,0,0,0,0,0.0,0,0,0,0,0,0,Matches
198,192,David Jurásek,DF,cz Czechia,23-336,2000,1.8,6,3.38,6,0,0,0,0,0,0,0.0,0,0,0,0,0,0,Matches
199,193,Matěj Jurásek,"DF,MF",cz Czechia,20-313,2003,0.5,1,1.96,1,0,0,0,0,0,0,0.0,0,0,0,0,0,0,Matches
200,194,Ferdi Kadioglu,"DF,MF",tr Türkiye,24-275,1999,5.0,17,3.4,15,1,1,0,0,0,0,0.0,0,0,0,0,0,0,Matches
201,195,İrfan Kahveci,FW,tr Türkiye,28-359,1995,0.1,0,0.0,0,0,0,0,0,0,0,0.0,0,0,0,0,0,0,Matches
202,196,Otar Kakabadze,"DF,MF",ge Georgia,29-011,1995,4.0,8,2.0,8,0,0,0,0,0,1,0.25,1,0,0,0,0,0,Matches
203,197,Harry Kane,FW,eng England,30-346,1993,5.1,8,1.56,6,0,0,2,0,0,0,0.0,0,0,0,0,0,0,Matches
204,198,N'Golo Kanté,MF,fr France,33-101,1991,5.0,15,3.21,14,0,0,1,0,0,0,0.0,0,0,0,0,0,0,Matches
205,199,Žan Karničnik,DF,si Slovenia,29-294,1994,4.3,4,1.0,4,0,0,0,0,0,1,0.25,1,0,0,0,0,0,Matches
206,200,Guram Kashia,DF,ge Georgia,37-004,1987,4.0,0,0.0,0,0,0,0,0,0,0,0.0,0,0,0,0,0,0,Matches
208,201,Milos Kerkez,DF,hu Hungary,20-244,2003,2.6,2,0.76,1,0,0,0,1,0,0,0.0,0,0,0,0,0,0,Matches
209,202,Semih Kılıçsoy,FW,tr Türkiye,18-328,2005,0.0,1,45.0,1,0,0,0,0,0,0,0.0,0,0,0,0,0,0,Matches
210,203,Joshua Kimmich,DF,de Germany,29-151,1995,5.3,27,5.4,25,0,0,1,1,0,2,0.4,2,0,0,0,0,0,Matches
211,204,Otar Kiteishvili,MF,ge Georgia,28-104,1996,1.4,1,0.69,1,0,0,0,0,0,0,0.0,0,0,0,0,0,0,Matches
212,205,Jakub Kiwior,DF,pl Poland,24-144,2000,3.0,5,1.67,5,0,0,0,0,0,0,0.0,0,0,0,0,0,0,Matches
213,206,László Kleinheisler,MF,hu Hungary,30-091,1994,0.6,0,0.0,0,0,0,0,0,0,0,0.0,0,0,0,0,0,0,Matches
214,207,Giorgi Kochorashvili,MF,ge Georgia,25-009,1999,4.0,6,1.5,4,0,1,0,1,0,1,0.25,1,0,0,0,0,0,Matches
215,208,Orkun Kökçü,MF,tr Türkiye,23-192,2000,2.5,8,3.26,4,0,0,1,2,1,3,1.22,2,0,0,0,0,1,Matches
216,209,Randal Kolo Muani,FW,fr France,25-216,1998,1.5,4,2.59,4,0,0,0,0,0,0,0.0,0,0,0,0,0,0,Matches
217,210,Yukhym Konoplia,DF,ua Ukraine,24-317,1999,0.8,0,0.0,0,0,0,0,0,0,0,0.0,0,0,0,0,0,0,Matches
218,211,Ezri Konsa,DF,eng England,26-259,1997,1.0,0,0.0,0,0,0,0,0,0,0,0.0,0,0,0,0,0,0,Matches
219,212,Filip Kostić,DF,rs Serbia,31-250,1992,0.5,0,0.0,0,0,0,0,0,0,0,0.0,0,0,0,0,0,0,Matches
220,213,Jules Koundé,DF,fr France,25-239,1998,5.3,17,3.4,17,0,0,0,0,0,0,0.0,0,0,0,0,0,0,Matches
221,214,Mateo Kovačić,MF,hr Croatia,30-063,1994,2.5,8,3.23,7,0,1,0,0,0,1,0.4,1,0,0,0,0,0,Matches
222,215,Matej Kovar,GK,cz Czechia,24-052,2000,0.4,0,0.0,0,0,0,0,0,0,0,0.0,0,0,0,0,0,0,Matches
223,216,Andrej Kramarić,FW,hr Croatia,33-019,1991,2.7,13,4.81,10,0,1,2,0,0,0,0.0,0,0,0,0,0,0,Matches
224,217,Ladislav Krejčí,DF,cz Czechia,25-079,1999,3.0,8,2.67,5,0,0,3,0,0,0,0.0,0,0,0,0,0,0,Matches
225,218,Toni Kroos,MF,de Germany,34-186,1990,5.2,30,6.15,20,10,0,0,0,0,1,0.21,1,0,0,0,0,0,Matches
226,219,Jan Kuchta,FW,cz Czechia,27-182,1997,1.1,1,0.95,1,0,0,0,0,0,0,0.0,0,0,0,0,0,0,Matches
227,220,Juraj Kucka,MF,sk Slovakia,37-133,1987,3.9,8,2.06,6,0,0,2,0,0,3,0.77,2,0,0,1,0,0,Matches
228,221,Jasmin Kurtić,FW,si Slovenia,35-180,1989,0.0,0,0.0,0,0,0,0,0,0,0,0.0,0,0,0,0,0,0,Matches
229,222,Khvicha Kvaratskhelia,FW,ge Georgia,23-147,2001,3.8,13,3.42,11,1,1,0,0,0,0,0.0,0,0,0,0,0,0,Matches
230,223,Nika Kvekveskiri,MF,ge Georgia,32-040,1992,0.1,0,0.0,0,0,0,0,0,0,0,0.0,0,0,0,0,0,0,Matches
231,224,Giorgi Kvilitaia,FW,ge Georgia,30-281,1993,0.0,0,0.0,0,0,0,0,0,0,0,0.0,0,0,0,0,0,0,Matches
232,225,Solomon Kvirkvelia,DF,ge Georgia,32-153,1992,2.0,0,0.0,0,0,0,0,0,0,0,0.0,0,0,0,0,0,0,Matches
234,226,Qazim Laçi,"MF,FW",al Albania,28-171,1996,1.8,5,2.74,5,0,0,0,0,0,0,0.0,0,0,0,0,0,0,Matches
235,227,Konrad Laimer,"MF,FW",at Austria,27-042,1997,3.0,5,1.67,3,0,2,0,0,0,0,0.0,0,0,0,0,0,0,Matches
236,228,Ádám Lang,DF,hu Hungary,31-173,1993,0.5,0,0.0,0,0,0,0,0,0,0,0.0,0,0,0,0,0,0,Matches
237,229,Aymeric Laporte,DF,es Spain,30-042,1994,3.8,10,2.86,10,0,0,0,0,0,1,0.29,1,0,0,0,0,0,Matches
238,230,Robin Le Normand,DF,es Spain,27-240,1996,4.0,4,1.0,4,0,0,0,0,0,0,0.0,0,0,0,0,0,0,Matches
239,231,Rafael Leão,FW,pt Portugal,25-028,1999,3.2,10,3.14,7,0,2,0,1,0,1,0.31,1,0,0,0,0,0,Matches
240,232,Robert Lewandowski,FW,pl Poland,35-322,1988,1.3,4,2.98,3,0,0,0,0,1,1,0.74,1,0,0,0,0,0,Matches
241,233,Philipp Lienhart,DF,at Austria,27-363,1996,2.4,0,0.0,0,0,0,0,0,0,0,0.0,0,0,0,0,0,0,Matches
242,234,Ondřej Lingr,"MF,FW",cz Czechia,25-275,1998,0.9,4,4.34,2,0,0,2,0,0,1,1.08,0,0,0,1,0,0,Matches
243,235,Dominik Livaković,GK,hr Croatia,29-181,1995,3.0,0,0.0,0,0,0,0,0,0,0,0.0,0,0,0,0,0,0,Matches
244,236,Stanislav Lobotka,MF,sk Slovakia,29-226,1994,4.3,7,1.75,6,0,0,0,1,0,0,0.0,0,0,0,0,0,0,Matches
245,237,Saba Lobzhanidze,FW,ge Georgia,29-203,1994,0.1,0,0.0,0,0,0,0,0,0,0,0.0,0,0,0,0,0,0,Matches
246,238,Luka Lochoshvili,"DF,MF",ge Georgia,26-040,1998,1.9,2,1.06,1,0,0,0,1,0,1,0.53,0,0,0,0,1,0,Matches
247,239,Fermin López,MF,es Spain,21-058,2003,0.3,0,0.0,0,0,0,0,0,0,0,0.0,0,0,0,0,0,0,Matches
248,240,Romelu Lukaku,FW,be Belgium,31-056,1993,4.0,8,2.01,7,0,0,0,1,0,1,0.25,1,0,0,0,0,0,Matches
249,241,Dodi Lukebakio,"FW,DF",be Belgium,26-288,1997,0.7,3,4.15,3,0,0,0,0,0,0,0.0,0,0,0,0,0,0,Matches
250,242,Saša Lukić,MF,rs Serbia,27-330,1996,2.3,2,0.86,2,0,0,0,0,0,0,0.0,0,0,0,0,0,0,Matches
251,243,Andriy Lunin,GK,ua Ukraine,25-148,1999,1.0,0,0.0,0,0,0,0,0,0,0,0.0,0,0,0,0,0,0,Matches
252,244,Mike Maignan,GK,fr France,29-005,1995,5.3,1,0.2,1,0,0,0,0,0,0,0.0,0,0,0,0,0,0,Matches
253,245,Kobbie Mainoo,MF,eng England,19-080,2005,2.3,6,2.57,4,0,0,0,2,0,0,0.0,0,0,0,0,0,0,Matches
254,246,Lovro Majer,"FW,MF",hr Croatia,26-173,1998,1.6,5,3.1,5,0,0,0,0,0,0,0.0,0,0,0,0,0,0,Matches
255,247,Donyell Malen,FW,nl Netherlands,25-181,1999,1.6,9,5.59,4,0,4,1,0,0,1,0.62,0,0,1,0,0,0,Matches
256,248,Ruslan Malinovskyi,MF,ua Ukraine,31-065,1993,0.4,5,12.86,4,1,0,0,0,0,0,0.0,0,0,0,0,0,0,Matches
257,249,Giorgi Mamardashvili,GK,ge Georgia,23-283,2000,4.0,1,0.25,0,1,0,0,0,0,0,0.0,0,0,0,0,0,0,Matches
258,250,Dennis Man,MF,ro Romania,25-317,1998,3.0,8,2.71,5,2,1,0,0,0,3,1.02,2,0,1,0,0,0,Matches
260,251,Rey Manaj,FW,al Albania,27-135,1997,1.7,1,0.58,0,0,0,1,0,0,0,0.0,0,0,0,0,0,0,Matches
261,252,Gianluca Mancini,DF,it Italy,28-082,1996,1.0,0,0.0,0,0,0,0,0,0,0,0.0,0,0,0,0,0,0,Matches
262,253,Orel Mangala,MF,be Belgium,26-112,1998,1.5,3,2.05,2,0,0,0,0,1,0,0.0,0,0,0,0,0,0,Matches
263,254,Marius Marin,MF,ro Romania,25-313,1998,3.4,4,1.19,4,0,0,0,0,0,1,0.3,1,0,0,0,0,0,Matches
264,255,Răzvan Marin,MF,ro Romania,28-046,1996,3.9,8,2.03,7,0,0,0,1,0,0,0.0,0,0,0,0,0,0,Matches
265,256,Ádám Martin,"FW,DF",hu Hungary,29-245,1994,0.5,1,2.0,1,0,0,0,0,0,0,0.0,0,0,0,0,0,0,Matches
266,257,Mykola Matviyenko,DF,ua Ukraine,28-067,1996,3.0,9,3.0,8,1,0,0,0,0,0,0.0,0,0,0,0,0,0,Matches
267,258,Kylian Mbappé,FW,fr France,25-201,1998,4.2,24,5.78,14,1,7,1,1,0,0,0.0,0,0,0,0,0,0,Matches
268,259,John McGinn,"MF,FW",sct Scotland,29-264,1994,2.6,2,0.78,1,0,0,0,1,0,0,0.0,0,0,0,0,0,0,Matches
269,260,Callum McGregor,MF,sct Scotland,31-024,1993,2.7,3,1.1,3,0,0,0,0,0,1,0.37,1,0,0,0,0,0,Matches
270,261,Scott McKenna,DF,sct Scotland,27-239,1996,1.5,1,0.67,1,0,0,0,0,0,0,0.0,0,0,0,0,0,0,Matches
271,262,Kenny McLean,MF,sct Scotland,32-182,1992,0.5,3,6.14,1,1,0,0,1,0,0,0.0,0,0,0,0,0,0,Matches
272,263,Scott McTominay,MF,sct Scotland,27-213,1996,3.0,7,2.33,0,3,0,2,2,0,0,0.0,0,0,0,0,0,0,Matches
273,264,Anzor Mekvabishvili,MF,ge Georgia,23-033,2001,2.1,3,1.44,2,0,0,1,0,0,0,0.0,0,0,0,0,0,0,Matches
274,265,Memphis,"FW,MF",nl Netherlands,30-146,1994,4.7,19,4.04,10,7,1,0,0,1,1,0.21,1,0,0,0,0,0,Matches
275,266,Nuno Mendes,DF,pt Portugal,22-019,2002,4.7,8,2.01,6,0,0,0,1,1,1,0.25,1,0,0,0,0,0,Matches
276,267,Mikel Merino,"MF,FW",es Spain,28-016,1996,1.8,7,4.67,7,0,0,0,0,0,0,0.0,0,0,0,0,0,0,Matches
277,268,Valentin Mihaila,MF,ro Romania,24-157,2000,1.3,2,1.57,1,0,0,0,1,0,0,0.0,0,0,0,0,0,0,Matches
278,269,Srđan Mijailović,DF,rs Serbia,30-241,1993,0.8,0,0.0,0,0,0,0,0,0,0,0.0,0,0,0,0,0,0,Matches
279,270,Georges Mikautadze,FW,ge Georgia,23-251,2000,3.8,9,2.35,7,0,1,0,1,0,2,0.52,1,0,0,0,1,0,Matches
280,271,Nikola Milenković,DF,rs Serbia,26-270,1997,3.0,2,0.67,2,0,0,0,0,0,0,0.0,0,0,0,0,0,0,Matches
281,272,Sergej Milinković-Savić,MF,rs Serbia,29-132,1995,1.3,3,2.23,2,0,1,0,0,0,0,0.0,0,0,0,0,0,0,Matches
282,273,Mario Mitaj,DF,al Albania,20-337,2003,3.0,0,0.0,0,0,0,0,0,0,0,0.0,0,0,0,0,0,0,Matches
283,274,Aleksandar Mitrović,FW,rs Serbia,29-296,1994,2.7,2,0.75,1,0,1,0,0,0,0,0.0,0,0,0,0,0,0,Matches
284,275,Maximilian Mittelstädt,DF,de Germany,27-112,1997,3.4,8,2.63,7,0,0,0,1,0,3,0.99,3,0,0,0,0,0,Matches
286,276,Filip Mladenović,DF,rs Serbia,32-328,1991,1.2,4,3.24,2,1,1,0,0,0,0,0.0,0,0,0,0,0,0,Matches
287,277,Jan Mlakar,MF,si Slovenia,25-259,1998,3.3,4,1.22,3,0,1,0,0,0,0,0.0,0,0,0,0,0,0,Matches
288,278,Jakub Moder,MF,pl Poland,25-092,1999,2.0,3,1.5,2,0,0,0,1,0,0,0.0,0,0,0,0,0,0,Matches
289,279,Luka Modrić,MF,hr Croatia,38-303,1985,2.6,9,3.46,8,1,0,0,0,0,0,0.0,0,0,0,0,0,0,Matches
290,280,Vasile Mogos,DF,ro Romania,31-251,1992,0.4,0,0.0,0,0,0,0,0,0,0,0.0,0,0,0,0,0,0,Matches
291,281,Álvaro Morata,FW,es Spain,31-259,1992,3.4,9,2.64,8,0,0,1,0,0,1,0.29,1,0,0,0,0,0,Matches
292,282,Lewis Morgan,DF,sct Scotland,27-282,1996,0.0,0,0.0,0,0,0,0,0,0,0,0.0,0,0,0,0,0,0,Matches
293,283,Ernest Muçi,FW,al Albania,23-111,2001,0.2,0,0.0,0,0,0,0,0,0,0,0.0,0,0,0,0,0,0,Matches
294,284,Mykhailo Mudryk,"FW,MF",ua Ukraine,23-185,2001,1.9,10,5.17,5,1,2,1,1,0,0,0.0,0,0,0,0,0,0,Matches
295,285,Mert Müldür,"DF,MF",tr Türkiye,25-096,1999,3.8,3,0.78,3,0,0,0,0,0,1,0.26,1,0,0,0,0,0,Matches
296,286,Thomas Müller,"MF,FW",de Germany,34-299,1989,0.6,4,12.86,4,0,0,0,0,0,1,3.21,1,0,0,0,0,0,Matches
297,287,Jamal Musiala,FW,de Germany,21-133,2003,4.7,18,4.16,14,0,2,1,1,0,3,0.69,2,0,1,0,0,0,Matches
298,288,Phillipp Mwene,DF,at Austria,30-161,1994,2.2,4,1.86,2,0,1,0,1,0,2,0.93,1,0,1,0,0,0,Matches
299,289,Vitaliy Mykolenko,DF,ua Ukraine,25-040,1999,0.6,3,4.74,3,0,0,0,0,0,0,0.0,0,0,0,0,0,0,Matches
300,290,Joakim Mæhle,"DF,MF",dk Denmark,27-049,1997,3.1,5,1.58,3,0,0,0,1,1,0,0.0,0,0,0,0,0,0,Matches
301,291,Nacho,DF,es Spain,34-172,1990,1.8,2,1.33,2,0,0,0,0,0,0,0.0,0,0,0,0,0,0,Matches
302,292,Ádám Nagy,MF,hu Hungary,29-021,1995,1.8,1,0.57,1,0,0,0,0,0,0,0.0,0,0,0,0,0,0,Matches
303,293,Zsolt Nagy,DF,hu Hungary,31-044,1993,0.2,1,4.29,0,1,0,0,0,0,0,0.0,0,0,0,0,0,0,Matches
304,294,Jesús Navas,DF,es Spain,38-230,1985,1.1,3,2.7,3,0,0,0,0,0,0,0.0,0,0,0,0,0,0,Matches
305,295,Dan Ndoye,"MF,DF",ch Switzerland,23-257,2000,4.5,9,1.99,5,0,2,2,0,0,1,0.22,1,0,0,0,0,0,Matches
306,296,Pedro Neto,"DF,FW",pt Portugal,24-121,2000,1.3,6,4.5,4,0,2,0,0,0,1,0.75,0,0,1,0,0,0,Matches
307,297,Manuel Neuer,GK,de Germany,38-103,1986,5.3,1,0.2,1,0,0,0,0,0,1,0.2,1,0,0,0,0,0,Matches
308,298,João Neves,MF,pt Portugal,19-285,2004,0.9,3,3.51,3,0,0,0,0,0,0,0.0,0,0,0,0,0,0,Matches
309,299,Rúben Neves,MF,pt Portugal,27-117,1997,1.4,4,3.96,2,2,0,0,0,0,1,0.99,1,0,0,0,0,0,Matches
310,300,Florin Niță,GK,ro Romania,37-005,1987,4.0,1,0.25,1,0,0,0,0,0,0,0.0,0,0,0,0,0,0,Matches
312,301,Matheus Nunes,MF,pt Portugal,25-316,1998,0.2,3,16.88,3,0,0,0,0,0,0,0.0,0,0,0,0,0,0,Matches
313,302,Christian Nørgaard,MF,dk Denmark,30-120,1994,0.4,2,4.74,2,0,0,0,0,0,0,0.0,0,0,0,0,0,0,Matches
314,303,Adam Obert,DF,sk Slovakia,21-320,2002,0.3,2,7.2,2,0,0,0,0,0,0,0.0,0,0,0,0,0,0,Matches
315,304,Jan Oblak,GK,si Slovenia,31-183,1993,4.3,0,0.0,0,0,0,0,0,0,0,0.0,0,0,0,0,0,0,Matches
316,305,Darius Olaru,MF,ro Romania,26-127,1998,0.3,1,3.46,1,0,0,0,0,0,0,0.0,0,0,0,0,0,0,Matches
317,306,Dani Olmo,"MF,FW",es Spain,26-062,1998,3.0,17,6.46,12,0,3,1,1,0,3,1.14,2,0,1,0,0,0,Matches
318,307,Amadou Onana,MF,be Belgium,22-327,2001,4.0,5,1.25,5,0,0,0,0,0,0,0.0,0,0,0,0,0,0,Matches
319,308,Loïs Openda,FW,be Belgium,24-143,2000,0.8,1,1.29,1,0,0,0,0,0,0,0.0,0,0,0,0,0,0,Matches
320,309,Willi Orban,DF,hu Hungary,31-248,1992,3.0,3,1.0,3,0,0,0,0,0,0,0.0,0,0,0,0,0,0,Matches
321,310,Mikel Oyarzabal,FW,es Spain,27-078,1997,1.8,6,4.06,6,0,0,0,0,0,1,0.68,1,0,0,0,0,0,Matches
322,311,Salih Özcan,MF,tr Türkiye,26-179,1998,1.7,2,1.16,2,0,0,0,0,0,0,0.0,0,0,0,0,0,0,Matches
323,312,João Palhinha,MF,pt Portugal,28-365,1995,3.3,7,2.34,5,0,0,1,0,1,0,0.0,0,0,0,0,0,0,Matches
324,313,Cole Palmer,"MF,FW",eng England,22-063,2002,1.3,1,1.55,1,0,0,0,0,0,0,0.0,0,0,0,0,0,0,Matches
325,314,Mario Pašalić,"FW,MF",hr Croatia,29-150,1995,1.3,1,0.78,1,0,0,0,0,0,0,0.0,0,0,0,0,0,0,Matches
326,315,Strahinja Pavlović,DF,rs Serbia,23-045,2001,3.0,4,1.33,4,0,0,0,0,0,0,0.0,0,0,0,0,0,0,Matches
327,316,Pedri,MF,es Spain,21-226,2002,2.1,16,7.74,15,0,1,0,0,0,1,0.48,1,0,0,0,0,0,Matches
328,317,Peter Pekarík,DF,sk Slovakia,37-252,1986,4.2,9,2.15,8,0,0,1,0,0,1,0.24,1,0,0,0,0,0,Matches
329,318,Lorenzo Pellegrini,"FW,MF",it Italy,28-019,1996,2.4,8,3.3,5,1,1,0,1,0,1,0.41,1,0,0,0,0,0,Matches
330,319,Patrick Pentz,GK,at Austria,27-188,1997,4.0,0,0.0,0,0,0,0,0,0,0,0.0,0,0,0,0,0,0,Matches
331,320,Pepe,DF,pt Portugal,41-133,1983,4.5,2,0.48,2,0,0,0,0,0,0,0.0,0,0,0,0,0,0,Matches
332,321,Danilo Pereira,DF,pt Portugal,32-303,1991,1.0,0,0.0,0,0,0,0,0,0,0,0.0,0,0,0,0,0,0,Matches
333,322,Ayoze Pérez,FW,es Spain,30-345,1993,0.1,1,6.92,0,0,1,0,0,0,0,0.0,0,0,0,0,0,0,Matches
334,323,Ivan Perišić,"DF,FW",hr Croatia,35-157,1989,1.5,5,3.24,4,0,0,1,0,0,0,0.0,0,0,0,0,0,0,Matches
335,324,Bruno Petković,FW,hr Croatia,29-296,1994,1.0,4,4.14,2,0,0,1,1,0,0,0.0,0,0,0,0,0,0,Matches
336,325,Krzysztof Piątek,FW,pl Poland,29-007,1995,0.7,1,1.53,1,0,0,0,0,0,0,0.0,0,0,0,0,0,0,Matches
338,326,Jordan Pickford,GK,eng England,30-123,1994,5.7,0,0.0,0,0,0,0,0,0,0,0.0,0,0,0,0,0,0,Matches
339,327,Jakub Piotrowski,MF,pl Poland,26-278,1997,0.6,2,3.1,1,0,1,0,0,0,0,0.0,0,0,0,0,0,0,Matches
340,328,Marin Pongračić,DF,hr Croatia,26-301,1997,2.0,0,0.0,0,0,0,0,0,0,0,0.0,0,0,0,0,0,0,Matches
341,329,Ryan Porteous,DF,sct Scotland,25-105,1999,0.5,0,0.0,0,0,0,0,0,0,0,0.0,0,0,0,0,0,0,Matches
342,330,Stefan Posch,DF,at Austria,27-055,1997,4.0,13,3.25,10,2,0,1,0,0,1,0.25,0,0,0,1,0,0,Matches
343,331,Yussuf Poulsen,"FW,MF",dk Denmark,30-023,1994,0.6,1,1.58,1,0,0,0,0,0,0,0.0,0,0,0,0,0,0,Matches
344,332,Alexander Prass,DF,at Austria,23-043,2001,1.8,6,3.25,6,0,0,0,0,0,3,1.63,3,0,0,0,0,0,Matches
345,333,Lukáš Provod,MF,cz Czechia,27-259,1996,2.6,5,1.94,3,1,1,0,0,0,0,0.0,0,0,0,0,0,0,Matches
346,334,George Pușcaș,FW,ro Romania,28-091,1996,0.4,0,0.0,0,0,0,0,0,0,0,0.0,0,0,0,0,0,0,Matches
347,335,Leopold Querfeld,DF,at Austria,20-201,2003,0.3,0,0.0,0,0,0,0,0,0,0,0.0,0,0,0,0,0,0,Matches
348,336,Adrien Rabiot,MF,fr France,29-096,1995,3.4,13,3.77,12,0,1,0,0,0,1,0.29,1,0,0,0,0,0,Matches
349,337,Bogdan Racovitan,DF,ro Romania,24-032,2000,0.6,0,0.0,0,0,0,0,0,0,0,0.0,0,0,0,0,0,0,Matches
350,338,Predrag Rajković,GK,rs Serbia,28-251,1995,3.0,1,0.33,0,1,0,0,0,0,0,0.0,0,0,0,0,0,0,Matches
351,339,Anthony Ralston,DF,sct Scotland,25-235,1998,2.9,2,0.69,2,0,0,0,0,0,0,0.0,0,0,0,0,0,0,Matches
352,340,Ylber Ramadani,MF,al Albania,28-087,1996,2.9,4,1.36,3,0,0,0,1,0,1,0.34,1,0,0,0,0,0,Matches
353,341,Gonçalo Ramos,FW,pt Portugal,23-018,2001,0.3,0,0.0,0,0,0,0,0,0,0,0.0,0,0,0,0,0,0,Matches
354,342,Giacomo Raspadori,FW,it Italy,24-141,2000,0.9,6,6.51,2,3,0,1,0,0,0,0.0,0,0,0,0,0,0,Matches
355,343,Andrei Ratiu,DF,ro Romania,26-018,1998,4.0,6,1.5,4,0,1,1,0,0,1,0.25,1,0,0,0,0,0,Matches
356,344,David Raum,DF,de Germany,26-077,1998,1.8,7,3.8,4,0,2,0,1,0,2,1.08,1,0,1,0,0,0,Matches
357,345,David Raya,GK,es Spain,28-297,1995,1.0,0,0.0,0,0,0,0,0,0,0,0.0,0,0,0,0,0,0,Matches
358,346,Tijjani Reijnders,MF,nl Netherlands,25-345,1998,4.5,13,2.88,11,0,1,1,0,0,1,0.22,1,0,0,0,0,0,Matches
359,347,Mateo Retegui,FW,it Italy,25-070,1999,1.7,0,0.0,0,0,0,0,0,0,0,0.0,0,0,0,0,0,0,Matches
360,348,Declan Rice,MF,eng England,25-176,1999,5.7,12,2.4,11,0,0,1,0,0,1,0.2,1,0,0,0,0,0,Matches
361,349,Fabian Rieder,MF,ch Switzerland,22-143,2002,2.4,6,2.49,3,2,0,0,1,0,1,0.41,1,0,0,0,0,0,Matches
362,350,Andrew Robertson,DF,sct Scotland,30-119,1994,3.0,6,2.01,3,2,0,0,0,1,1,0.34,1,0,0,0,0,0,Matches
364,351,Rodri,MF,es Spain,28-016,1996,4.3,14,3.55,14,0,0,0,0,0,2,0.51,2,0,0,0,0,0,Matches
365,352,Ricardo Rodríguez,DF,ch Switzerland,31-318,1992,5.3,10,2.0,10,0,0,0,0,0,0,0.0,0,0,0,0,0,0,Matches
366,353,Taras Romanchuk,MF,pl Poland,32-237,1991,0.6,0,0.0,0,0,0,0,0,0,0,0.0,0,0,0,0,0,0,Matches
367,354,Cristiano Ronaldo,FW,pt Portugal,39-154,1985,5.4,13,2.75,9,0,1,3,0,0,1,0.21,1,0,0,0,0,0,Matches
368,355,Antonio Rüdiger,DF,de Germany,31-127,1993,5.3,8,1.6,8,0,0,0,0,0,0,0.0,0,0,0,0,0,0,Matches
369,356,Fabián Ruiz Peña,MF,es Spain,28-096,1996,4.0,18,4.5,15,0,2,0,1,0,5,1.25,3,0,2,0,0,0,Matches
370,357,Adrian Rus,MF,ro Romania,28-112,1996,0.2,0,0.0,0,0,0,0,0,0,0,0.0,0,0,0,0,0,0,Matches
371,358,Marcel Sabitzer,"FW,MF",at Austria,30-113,1994,4.0,13,3.25,6,4,1,1,1,0,3,0.75,1,0,1,0,1,0,Matches
372,359,Bukayo Saka,"FW,DF",eng England,22-307,2001,5.0,14,3.21,11,0,2,0,1,0,1,0.23,1,0,0,0,0,0,Matches
373,360,Bartosz Salamon,DF,pl Poland,33-068,1991,0.9,0,0.0,0,0,0,0,0,0,0,0.0,0,0,0,0,0,0,Matches
374,361,William Saliba,DF,fr France,23-106,2001,5.3,4,0.8,3,0,1,0,0,0,0,0.0,0,0,0,0,0,0,Matches
375,362,Roland Sallai,MF,hu Hungary,27-047,1997,3.0,9,3.05,8,0,0,0,0,1,2,0.68,2,0,0,0,0,0,Matches
376,363,Lazar Samardzic,MF,rs Serbia,22-135,2002,0.6,1,1.67,0,0,1,0,0,0,0,0.0,0,0,0,0,0,0,Matches
377,364,Leroy Sané,FW,de Germany,28-179,1996,2.3,7,3.03,6,0,0,0,1,0,1,0.43,1,0,0,0,0,0,Matches
378,365,Leo Sauer,FW,sk Slovakia,18-205,2005,0.1,0,0.0,0,0,0,0,0,0,0,0.0,0,0,0,0,0,0,Matches
379,366,Gianluca Scamacca,FW,it Italy,25-189,1999,2.8,5,1.79,2,0,0,2,0,1,1,0.36,0,0,0,1,0,0,Matches
380,367,András Schäfer,MF,hu Hungary,25-086,1999,3.0,2,0.67,0,1,0,1,0,0,0,0.0,0,0,0,0,0,0,Matches
381,368,Fabian Schär,DF,ch Switzerland,32-201,1991,5.3,7,1.4,6,0,0,0,1,0,1,0.2,1,0,0,0,0,0,Matches
382,369,Patrik Schick,FW,cz Czechia,28-166,1996,1.4,1,0.71,1,0,0,0,0,0,0,0.0,0,0,0,0,0,0,Matches
383,370,Nico Schlotterbeck,DF,de Germany,24-220,1999,1.3,2,1.5,2,0,0,0,0,0,1,0.75,1,0,0,0,0,0,Matches
384,371,Kasper Schmeichel,GK,dk Denmark,37-246,1986,4.0,1,0.25,1,0,0,0,0,0,0,0.0,0,0,0,0,0,0,Matches
385,372,Romano Schmid,"FW,MF",at Austria,24-163,2000,1.6,7,4.34,4,3,0,0,0,0,0,0.0,0,0,0,0,0,0,Matches
386,373,Jerdy Schouten,MF,nl Netherlands,27-178,1997,4.6,12,2.63,12,0,0,0,0,0,2,0.44,2,0,0,0,0,0,Matches
387,374,Ivan Schranz,FW,sk Slovakia,30-299,1993,3.7,9,2.45,9,0,0,0,0,0,0,0.0,0,0,0,0,0,0,Matches
388,375,Taulant Seferi,FW,al Albania,27-236,1996,1.0,2,1.91,1,0,0,0,0,1,0,0.0,0,0,0,0,0,0,Matches
390,376,Nicolas Seiwald,MF,at Austria,23-065,2001,4.0,9,2.25,9,0,0,0,0,0,1,0.25,1,0,0,0,0,0,Matches
391,377,Nélson Semedo,DF,pt Portugal,30-235,1993,1.1,1,1.36,1,0,0,0,0,0,0,0.0,0,0,0,0,0,0,Matches
392,378,Benjamin Šeško,FW,si Slovenia,21-038,2003,4.0,7,1.92,4,0,0,2,1,0,1,0.27,0,0,0,1,0,0,Matches
393,379,Petr Ševčík,MF,cz Czechia,30-065,1994,0.2,2,8.18,1,0,0,1,0,0,0,0.0,0,0,0,0,0,0,Matches
394,380,Stephan El Shaarawy,FW,it Italy,31-255,1992,0.5,0,0.0,0,0,0,0,0,0,0,0.0,0,0,0,0,0,0,Matches
395,381,Lawrence Shankland,FW,sct Scotland,28-333,1995,0.3,1,3.6,1,0,0,0,0,0,0,0.0,0,0,0,0,0,0,Matches
396,382,Mykola Shaparenko,MF,ua Ukraine,25-278,1998,2.4,4,1.64,4,0,0,0,0,0,1,0.41,1,0,0,0,0,0,Matches
397,383,Xherdan Shaqiri,"MF,FW",ch Switzerland,32-272,1991,0.8,2,3.05,2,0,0,0,0,0,0,0.0,0,0,0,0,0,0,Matches
398,384,Luke Shaw,DF,eng England,28-362,1995,0.5,0,0.0,0,0,0,0,0,0,0,0.0,0,0,0,0,0,0,Matches
399,385,Vincent Sierro,MF,ch Switzerland,28-274,1995,0.4,2,5.14,1,0,0,1,0,0,0,0.0,0,0,0,0,0,0,Matches
400,386,António Silva,DF,pt Portugal,20-252,2003,0.8,1,1.23,1,0,0,0,0,0,0,0.0,0,0,0,0,0,0,Matches
401,387,Bernardo Silva,"FW,MF",pt Portugal,29-333,1994,4.7,20,5.0,18,1,1,0,0,0,0,0.0,0,0,0,0,0,0,Matches
402,388,Unai Simón,GK,es Spain,27-027,1997,4.3,0,0.0,0,0,0,0,0,0,0,0.0,0,0,0,0,0,0,Matches
403,389,Xavi Simons,"MF,FW",nl Netherlands,21-078,2003,4.1,20,4.93,16,0,0,1,2,1,3,0.74,3,0,0,0,0,0,Matches
404,390,Michał Skóraś,DF,pl Poland,24-144,2000,0.3,1,3.91,1,0,0,0,0,0,0,0.0,0,0,0,0,0,0,Matches
405,391,Łukasz Skorupski,GK,pl Poland,33-064,1991,1.0,1,1.0,0,1,0,0,0,0,0,0.0,0,0,0,0,0,0,Matches
406,392,Andreas Skov Olsen,"MF,FW",dk Denmark,24-192,1999,1.4,4,2.95,2,1,1,0,0,0,0,0.0,0,0,0,0,0,0,Matches
407,393,Milan Škriniar,DF,sk Slovakia,29-148,1995,4.3,6,1.5,5,0,0,0,1,0,0,0.0,0,0,0,0,0,0,Matches
408,394,Bartosz Slisz,MF,pl Poland,25-101,1999,1.2,4,3.27,2,0,0,0,1,1,0,0.0,0,0,0,0,0,0,Matches
409,395,Yann Sommer,GK,ch Switzerland,35-204,1988,5.3,0,0.0,0,0,0,0,0,0,0,0.0,0,0,0,0,0,0,Matches
410,396,Deian Sorescu,"MF,DF",ro Romania,26-314,1997,0.4,1,2.65,0,1,0,0,0,0,0,0.0,0,0,0,0,0,0,Matches
411,397,Borna Sosa,DF,hr Croatia,26-169,1998,0.1,0,0.0,0,0,0,0,0,0,0,0.0,0,0,0,0,0,0,Matches
412,398,Tomáš Souček,MF,cz Czechia,29-132,1995,3.0,6,2.0,6,0,0,0,0,0,0,0.0,0,0,0,0,0,0,Matches
413,399,Andraž Šporar,FW,si Slovenia,30-132,1994,3.8,8,2.13,6,0,0,1,0,1,0,0.0,0,0,0,0,0,0,Matches
414,400,Nicolae Stanciu,"MF,FW",ro Romania,31-062,1993,3.9,9,2.29,6,1,0,1,0,1,0,0.0,0,0,0,0,0,0,Matches
416,401,Jindřich Staněk,GK,cz Czechia,28-072,1996,2.6,0,0.0,0,0,0,0,0,0,0,0.0,0,0,0,0,0,0,Matches
417,402,Josip Stanišić,DF,hr Croatia,24-097,2000,2.0,5,2.5,4,0,0,1,0,0,0,0.0,0,0,0,0,0,0,Matches
418,403,Renato Steffen,DF,ch Switzerland,32-248,1991,0.0,0,0.0,0,0,0,0,0,0,0,0.0,0,0,0,0,0,0,Matches
419,404,Taras Stepanenko,MF,ua Ukraine,34-335,1989,0.9,1,1.1,1,0,0,0,0,0,0,0.0,0,0,0,0,0,0,Matches
420,405,Leonidas Stergiou,DF,ch Switzerland,22-127,2002,0.5,1,1.87,0,1,0,0,0,0,0,0.0,0,0,0,0,0,0,Matches
421,406,Petar Stojanović,MF,si Slovenia,28-275,1995,3.5,5,1.42,5,0,0,0,0,0,0,0.0,0,0,0,0,0,0,Matches
422,407,John Stones,DF,eng England,30-041,1994,5.7,1,0.2,1,0,0,0,0,0,0,0.0,0,0,0,0,0,0,Matches
423,408,Thomas Strakosha,GK,al Albania,29-111,1995,3.0,0,0.0,0,0,0,0,0,0,0,0.0,0,0,0,0,0,0,Matches
424,409,Dávid Strelec,FW,sk Slovakia,23-095,2001,2.0,5,2.47,4,0,0,0,1,0,1,0.49,1,0,0,0,0,0,Matches
425,410,Callum Styles,MF,hu Hungary,24-102,2000,0.7,3,4.5,1,0,0,0,1,1,0,0.0,0,0,0,0,0,0,Matches
426,411,Luka Sučić,"FW,MF",hr Croatia,21-304,2002,1.6,11,7.07,9,0,2,0,0,0,0,0.0,0,0,0,0,0,0,Matches
427,412,Heorhiy Sudakov,MF,ua Ukraine,21-311,2002,2.9,11,3.78,9,0,1,0,1,0,1,0.34,1,0,0,0,0,0,Matches
428,413,Pavel Šulc,MF,cz Czechia,23-192,2000,0.9,0,0.0,0,0,0,0,0,0,0,0.0,0,0,0,0,0,0,Matches
429,414,Tomáš Suslov,"FW,MF",sk Slovakia,22-031,2002,1.4,5,4.69,5,0,0,0,0,0,0,0.0,0,0,0,0,0,0,Matches
430,415,Josip Šutalo,DF,hr Croatia,24-131,2000,3.0,1,0.33,0,0,0,0,0,1,0,0.0,0,0,0,0,0,0,Matches
431,416,Oleksandr Svatok,DF,ua Ukraine,29-285,1994,0.9,0,0.0,0,0,0,0,0,0,0,0.0,0,0,0,0,0,0,Matches
432,417,Karol Świderski,FW,pl Poland,27-167,1997,1.0,4,4.0,1,1,0,1,1,0,1,1.0,0,0,0,0,1,0,Matches
433,418,Serhiy Sydorchuk,MF,ua Ukraine,33-067,1991,0.1,0,0.0,0,0,0,0,0,0,0,0.0,0,0,0,0,0,0,Matches
434,419,Attila Szalai,DF,hu Hungary,26-170,1998,1.1,1,0.94,0,0,0,0,1,0,0,0.0,0,0,0,0,0,0,Matches
435,420,Wojciech Szczęsny,GK,pl Poland,34-081,1990,2.0,1,0.5,1,0,0,0,0,0,0,0.0,0,0,0,0,0,0,Matches
436,421,Dominik Szoboszlai,MF,hu Hungary,23-257,2000,3.0,16,5.33,9,4,0,3,0,0,1,0.33,1,0,0,0,0,0,Matches
437,422,Sebastian Szymański,MF,pl Poland,25-059,1999,1.2,3,2.41,2,0,0,1,0,0,1,0.8,1,0,0,0,0,0,Matches
438,423,Dušan Tadić,MF,rs Serbia,35-231,1988,1.7,6,3.46,3,2,0,0,1,0,0,0.0,0,0,0,0,0,0,Matches
439,424,Jonathan Tah,DF,de Germany,28-148,1996,3.5,6,1.69,6,0,0,0,0,0,0,0.0,0,0,0,0,0,0,Matches
440,425,Maksym Talovierov,MF,ua Ukraine,24-010,2000,0.0,0,0.0,0,0,0,0,0,0,0,0.0,0,0,0,0,0,0,Matches
442,426,Aurélien Tchouaméni,MF,fr France,24-163,2000,4.2,13,3.34,12,0,0,1,0,0,0,0.0,0,0,0,0,0,0,Matches
443,427,Arthur Theate,DF,be Belgium,24-044,2000,2.8,3,1.05,3,0,0,0,0,0,0,0.0,0,0,0,0,0,0,Matches
444,428,Marcus Thuram,FW,fr France,26-337,1997,2.9,5,1.96,5,0,0,0,0,0,0,0.0,0,0,0,0,0,0,Matches
445,429,Youri Tielemans,MF,be Belgium,27-062,1997,1.6,7,4.23,5,0,0,1,1,0,0,0.0,0,0,0,0,0,0,Matches
446,430,Kieran Tierney,DF,sct Scotland,27-033,1997,1.5,0,0.0,0,0,0,0,0,0,0,0.0,0,0,0,0,0,0,Matches
447,431,Ivan Toney,FW,eng England,28-114,1996,0.5,2,180.0,1,0,0,0,1,0,1,90.0,1,0,0,0,0,0,Matches
448,432,Ferrán Torres,"FW,MF",es Spain,24-130,2000,1.7,1,0.73,1,0,0,0,0,0,0,0.0,0,0,0,0,0,0,Matches
449,433,Cenk Tosun,FW,tr Türkiye,33-031,1991,0.3,1,3.6,0,0,0,0,1,0,0,0.0,0,0,0,0,0,0,Matches
450,434,Gernot Trauner,DF,at Austria,32-105,1992,1.0,0,0.0,0,0,0,0,0,0,0,0.0,0,0,0,0,0,0,Matches
451,435,Kieran Trippier,DF,eng England,33-293,1990,4.5,15,3.33,10,5,0,0,0,0,0,0.0,0,0,0,0,0,0,Matches
452,436,Leandro Trossard,FW,be Belgium,29-217,1994,1.9,6,3.2,6,0,0,0,0,0,0,0.0,0,0,0,0,0,0,Matches
453,437,Anatolii Trubin,GK,ua Ukraine,22-342,2001,2.0,0,0.0,0,0,0,0,0,0,0,0.0,0,0,0,0,0,0,Matches
454,438,Heorhii Tsitaishvili,"DF,MF",ge Georgia,23-233,2000,2.1,2,0.95,2,0,0,0,0,0,0,0.0,0,0,0,0,0,0,Matches
455,439,Viktor Tsyhankov,FW,ua Ukraine,26-236,1997,0.7,1,1.45,1,0,0,0,0,0,0,0.0,0,0,0,0,0,0,Matches
456,440,Ľubomír Tupta,MF,sk Slovakia,26-103,1998,0.1,1,,0,0,0,0,1,0,0,,0,0,0,0,0,0,Matches
457,441,Oleksandr Tymchyk,DF,ua Ukraine,27-170,1997,2.2,4,1.81,4,0,0,0,0,0,0,0.0,0,0,0,0,0,0,Matches
458,442,Deniz Undav,MF,de Germany,27-355,1996,0.1,0,0.0,0,0,0,0,0,0,0,0.0,0,0,0,0,0,0,Matches
459,443,Dayot Upamecano,DF,fr France,25-255,1998,5.3,5,1.0,5,0,0,0,0,0,0,0.0,0,0,0,0,0,0,Matches
460,444,Kacper Urbanski,"FW,MF",pl Poland,19-305,2004,1.6,4,2.43,3,0,1,0,0,0,0,0.0,0,0,0,0,0,0,Matches
461,445,Virgil van Dijk,DF,nl Netherlands,33-000,1991,5.0,6,1.2,6,0,0,0,0,0,0,0.0,0,0,0,0,0,0,Matches
462,446,Vladyslav Vanat,FW,ua Ukraine,22-186,2002,0.2,0,0.0,0,0,0,0,0,0,0,0.0,0,0,0,0,0,0,Matches
463,447,Barnabás Varga,FW,hu Hungary,30-165,1994,2.8,1,0.36,0,0,0,0,1,0,0,0.0,0,0,0,0,0,0,Matches
464,448,Ruben Vargas,"MF,FW",ch Switzerland,25-338,1998,3.4,9,2.65,8,1,0,0,0,0,2,0.59,2,0,0,0,0,0,Matches
465,449,Denis Vavro,DF,sk Slovakia,28-089,1996,4.3,3,0.75,3,0,0,0,0,0,0,0.0,0,0,0,0,0,0,Matches
466,450,Joey Veerman,MF,nl Netherlands,25-232,1998,1.7,8,4.71,6,2,0,0,0,0,0,0.0,0,0,0,0,0,0,Matches
468,451,Miloš Veljković,DF,rs Serbia,28-286,1995,3.0,2,0.67,2,0,0,0,0,0,0,0.0,0,0,0,0,0,0,Matches
469,452,Micky van de Ven,DF,nl Netherlands,23-080,2001,0.8,0,0.0,0,0,0,0,0,0,0,0.0,0,0,0,0,0,0,Matches
470,453,Benjamin Verbič,MF,si Slovenia,30-224,1993,0.8,4,8.18,2,0,1,0,1,0,0,0.0,0,0,0,0,0,0,Matches
471,454,Bart Verbruggen,GK,nl Netherlands,21-325,2002,5.0,2,0.4,2,0,0,0,0,0,0,0.0,0,0,0,0,0,0,Matches
472,455,Jan Vertonghen,DF,be Belgium,37-075,1987,3.0,1,0.33,1,0,0,0,0,0,0,0.0,0,0,0,0,0,0,Matches
473,456,Jannik Vestergaard,DF,dk Denmark,31-340,1992,4.0,2,0.5,2,0,0,0,0,0,0,0.0,0,0,0,0,0,0,Matches
474,457,Žan Vipotnik,FW,si Slovenia,22-112,2002,0.2,0,0.0,0,0,0,0,0,0,0,0.0,0,0,0,0,0,0,Matches
475,458,Vitinha,MF,pt Portugal,24-146,2000,4.0,12,3.02,9,0,0,1,2,0,0,0.0,0,0,0,0,0,0,Matches
476,459,Daniel Vivian,DF,es Spain,24-359,1999,1.0,1,1.0,1,0,0,0,0,0,0,0.0,0,0,0,0,0,0,Matches
477,460,Dušan Vlahović,"MF,FW",rs Serbia,24-162,2000,2.0,4,2.03,1,0,0,2,1,0,0,0.0,0,0,0,0,0,0,Matches
478,461,Stefan de Vrij,DF,nl Netherlands,32-154,1992,5.0,5,1.0,4,0,0,1,0,0,1,0.2,1,0,0,0,0,0,Matches
479,462,Kyle Walker,DF,eng England,34-041,1990,5.7,10,2.0,8,2,0,0,0,0,2,0.4,1,1,0,0,0,0,Matches
480,463,Ollie Watkins,FW,eng England,28-191,1995,0.2,0,0.0,0,0,0,0,0,0,0,0.0,0,0,0,0,0,0,Matches
481,464,Wout Weghorst,FW,nl Netherlands,31-336,1992,1.0,2,1.94,2,0,0,0,0,0,1,0.97,1,0,0,0,0,0,Matches
482,465,Andreas Weimann,FW,at Austria,32-338,1991,0.0,0,0.0,0,0,0,0,0,0,0,0.0,0,0,0,0,0,0,Matches
483,466,Silvan Widmer,DF,ch Switzerland,31-125,1993,3.3,1,0.33,1,0,0,0,0,0,0,0.0,0,0,0,0,0,0,Matches
484,467,Georginio Wijnaldum,MF,nl Netherlands,33-240,1990,0.8,1,1.23,0,0,0,0,1,0,0,0.0,0,0,0,0,0,0,Matches
485,468,Nico Williams,FW,es Spain,21-362,2002,3.5,18,5.18,12,4,1,0,1,0,2,0.58,1,0,1,0,0,0,Matches
486,469,Patrick Wimmer,"FW,MF",at Austria,23-039,2001,1.5,2,1.3,1,1,0,0,0,0,0,0.0,0,0,0,0,0,0,Matches
487,470,Jonas Wind,FW,dk Denmark,25-152,1999,2.1,8,3.73,7,0,0,0,1,0,1,0.47,1,0,0,0,0,0,Matches
488,471,Florian Wirtz,"FW,MF",de Germany,21-066,2003,3.1,12,4.34,10,1,1,0,0,0,0,0.0,0,0,0,0,0,0,Matches
489,472,Maximilian Wöber,DF,at Austria,26-155,1998,1.9,5,2.57,5,0,0,0,0,0,0,0.0,0,0,0,0,0,0,Matches
490,473,Granit Xhaka,MF,ch Switzerland,31-285,1992,5.3,17,3.4,17,0,0,0,0,0,1,0.2,1,0,0,0,0,0,Matches
491,474,Lamine Yamal,FW,es Spain,16-361,2007,3.6,25,6.9,20,1,3,0,1,0,3,0.83,3,0,0,0,0,0,Matches
492,475,Roman Yaremchuk,FW,ua Ukraine,28-224,1995,1.3,3,2.23,2,0,0,0,1,0,0,0.0,0,0,0,0,0,0,Matches
494,476,Andriy Yarmolenko,"FW,MF",ua Ukraine,34-259,1989,1.2,3,2.6,2,0,0,0,1,0,0,0.0,0,0,0,0,0,0,Matches
495,477,Yusuf Yazıcı,"MF,FW",tr Türkiye,27-161,1997,0.6,0,0.0,0,0,0,0,0,0,0,0.0,0,0,0,0,0,0,Matches
496,478,Kenan Yıldız,"FW,MF",tr Türkiye,19-065,2005,3.8,14,3.65,9,0,2,2,1,0,1,0.26,1,0,0,0,0,0,Matches
497,479,Okay Yokuşlu,"MF,DF",tr Türkiye,30-121,1994,0.6,1,1.64,1,0,0,0,0,0,0,0.0,0,0,0,0,0,0,Matches
498,480,İsmail Yüksek,MF,tr Türkiye,25-164,1999,1.7,5,2.96,4,0,0,1,0,0,2,1.18,1,0,0,1,0,0,Matches
499,481,Illia Zabarnyi,DF,ua Ukraine,21-311,2002,3.0,4,1.33,3,0,0,0,0,1,1,0.33,1,0,0,0,0,0,Matches
500,482,Mattia Zaccagni,"MF,FW",it Italy,29-022,1995,0.9,6,6.59,5,0,0,1,0,0,0,0.0,0,0,0,0,0,0,Matches
501,483,Denis Zakaria,MF,ch Switzerland,27-231,1996,0.3,0,,0,0,0,0,0,0,0,,0,0,0,0,0,0,Matches
502,484,Nicola Zalewski,DF,pl Poland,22-167,2002,2.7,7,2.55,5,1,0,0,1,0,0,0.0,0,0,0,0,0,0,Matches
503,485,Piotr Zieliński,MF,pl Poland,30-049,1994,2.8,13,4.62,7,4,1,1,0,0,1,0.36,0,1,0,0,0,0,Matches
504,486,Oleksandr Zinchenko,DF,ua Ukraine,27-206,1996,2.4,7,2.96,6,1,0,0,0,0,1,0.42,1,0,0,0,0,0,Matches
505,487,Joshua Zirkzee,FW,nl Netherlands,23-047,2001,0.0,0,0.0,0,0,0,0,0,0,0,0.0,0,0,0,0,0,0,Matches
506,488,Andrija Živković,DF,rs Serbia,27-363,1996,2.7,9,3.32,8,0,1,0,0,0,0,0.0,0,0,0,0,0,0,Matches
507,489,Budu Zivzivadze,"FW,MF",ge Georgia,30-120,1994,0.2,1,5.0,0,0,0,1,0,0,0,0.0,0,0,0,0,0,0,Matches
508,490,Steven Zuber,MF,ch Switzerland,32-326,1991,0.9,3,5.63,3,0,0,0,0,0,0,0.0,0,0,0,0,0,0,Matches
509,491,Martín Zubimendi,MF,es Spain,25-157,1999,1.1,1,0.95,1,0,0,0,0,0,0,0.0,0,0,0,0,0,0,Matches
510,492,Oleksandr Zubkov,FW,ua Ukraine,27-340,1996,0.3,0,0.0,0,0,0,0,0,0,0,0.0,0,0,0,0,0,0,Matches
