,Rk,Player,Pos,Squad,Age,Born,90s,CrdY,CrdR,2CrdY,Fls,Fld,Off,Crs,Int,TklW,PKwon,PKcon,OG,Recov,Won,Lost,Won%,Matches
0,1,Che Adams,FW,sct Scotland,27-345,1996,1.5,0,0,0,3,3,0,0,1,0,0,0,0,1,2,4,33.3,Matches
1,2,Michel Aebischer,DF,ch Switzerland,27-168,1997,2.0,0,0,0,1,3,1,0,0,1,0,0,0,7,3,5,37.5,Matches
2,3,Arlind Ajeti,DF,al Albania,30-271,1993,2.0,0,0,0,1,0,0,0,2,0,0,0,0,2,2,9,18.2,Matches
3,4,Manuel Akanji,DF,ch Switzerland,28-339,1995,2.0,0,0,0,1,0,0,0,1,0,0,0,0,9,4,4,50.0,Matches
4,5,Samet Akaydın,DF,tr Türkiye,30-101,1994,1.0,0,0,0,0,0,0,0,1,2,0,0,0,5,5,0,100.0,Matches
5,6,Nathan Aké,DF,nl Netherlands,29-125,1995,2.0,0,0,0,1,0,0,0,1,3,0,0,0,4,3,1,75.0,Matches
6,7,Kerem Aktürkoğlu,FW,tr Türkiye,25-245,1998,0.1,0,0,0,0,0,0,1,1,0,0,0,0,2,0,0,,Matches
7,8,Trent Alexander-Arnold,MF,eng England,25-259,1998,1.3,0,0,0,1,3,0,5,2,0,0,0,0,2,1,0,100.0,Matches
8,9,Barış Alper Yılmaz,FW,tr Türkiye,24-030,2000,1.0,0,0,0,1,2,0,4,0,0,0,0,0,1,1,2,33.3,Matches
9,10,Sandro Altunashvili,MF,ge Georgia,27-034,1997,0.0,0,0,0,0,0,0,1,0,0,0,0,0,1,0,0,,Matches
10,11,Zeki Amdouni,"FW,MF",ch Switzerland,23-201,2000,0.3,0,0,0,0,1,0,0,0,0,0,0,0,1,0,0,,Matches
11,12,Joachim Andersen,DF,dk Denmark,28-022,1996,2.0,0,0,0,3,0,0,3,0,1,0,0,0,6,7,0,100.0,Matches
12,13,Robert Andrich,MF,de Germany,29-274,1994,1.3,1,0,0,5,1,0,0,0,3,0,0,0,4,3,3,50.0,Matches
13,14,Marko Arnautović,FW,at Austria,35-064,1989,1.2,1,0,0,2,3,2,0,0,0,0,0,0,4,4,3,57.1,Matches
14,15,Jasir Asani,FW,al Albania,29-034,1995,1.4,0,0,0,2,4,1,2,2,0,0,0,0,4,0,1,0.0,Matches
15,16,Kristjan Asllani,MF,al Albania,22-105,2002,2.0,0,0,0,1,1,1,7,3,1,0,0,0,8,0,1,0.0,Matches
16,17,Kaan Ayhan,MF,tr Türkiye,29-225,1994,0.9,0,0,0,1,1,0,0,0,1,0,0,0,2,3,2,60.0,Matches
17,18,Alex Baena,MF,es Spain,22-338,2001,0.2,0,0,0,1,0,0,0,0,0,0,0,0,1,0,1,0.0,Matches
18,19,Alexander Bah,"DF,MF",dk Denmark,26-196,1997,1.4,0,0,0,0,1,0,3,3,1,0,0,0,3,4,1,80.0,Matches
19,20,Nedim Bajrami,"MF,FW",al Albania,25-115,1999,2.0,0,0,0,0,0,1,2,0,0,0,0,0,8,0,0,,Matches
20,21,Johan Bakayoko,"FW,DF",be Belgium,21-063,2003,0.4,0,0,0,0,1,0,0,0,1,0,0,0,1,0,0,,Matches
21,22,Nicușor Bancu,DF,ro Romania,31-278,1992,1.0,0,0,0,1,0,0,1,0,0,0,0,0,2,0,0,,Matches
22,23,Antonín Barák,MF,cz Czechia,29-202,1994,0.1,0,0,0,1,1,0,0,0,1,0,0,0,2,0,0,,Matches
23,24,Abdülkerim Bardakcı,DF,tr Türkiye,29-289,1994,1.0,1,0,0,1,0,0,0,0,1,0,0,0,1,3,3,50.0,Matches
24,25,Nicolò Barella,MF,it Italy,27-136,1997,2.0,0,0,0,1,1,1,2,2,3,0,0,0,6,0,1,0.0,Matches
26,26,Alessandro Bastoni,DF,it Italy,25-070,1999,2.0,0,0,0,2,3,0,0,1,2,0,0,0,9,1,0,100.0,Matches
27,27,Martin Baturina,FW,hr Croatia,21-127,2003,0.1,0,0,0,0,0,0,0,0,1,0,0,0,1,0,0,,Matches
28,28,Christoph Baumgartner,"MF,FW",at Austria,24-326,1999,1.9,1,0,0,4,5,0,3,1,0,0,0,0,10,1,5,16.7,Matches
29,29,Jan Bednarek,DF,pl Poland,28-071,1996,2.0,0,0,0,1,3,0,0,1,1,0,0,0,7,2,3,40.0,Matches
30,30,Jude Bellingham,MF,eng England,20-359,2003,1.9,0,0,0,2,5,0,2,1,3,0,0,0,6,1,4,20.0,Matches
31,31,László Bénes,MF,sk Slovakia,26-287,1997,0.3,0,0,0,0,0,0,3,0,1,0,0,0,0,0,0,,Matches
32,32,Bartosz Bereszyński,DF,pl Poland,31-346,1992,0.1,0,0,0,0,0,0,1,0,0,0,0,0,0,0,0,,Matches
33,33,Victor Bernth Kristiansen,DF,dk Denmark,21-189,2002,1.5,0,0,0,0,0,0,4,0,1,0,0,0,4,2,4,33.3,Matches
34,34,Jaka Bijol,DF,si Slovenia,25-138,1999,2.0,0,0,0,2,0,1,1,6,4,0,0,0,3,4,5,44.4,Matches
35,35,Veljko Birmančević,DF,rs Serbia,26-109,1998,0.3,0,0,0,0,1,0,5,2,0,0,0,0,0,0,1,0.0,Matches
36,36,Bendegúz Bolla,DF,hu Hungary,24-213,1999,1.3,0,0,0,1,1,0,3,0,1,0,0,0,3,0,0,,Matches
37,37,Jarrod Bowen,FW,eng England,27-185,1996,0.4,0,0,0,1,1,0,3,1,1,0,0,0,1,2,1,66.7,Matches
38,38,Róbert Boženík,FW,sk Slovakia,24-217,1999,1.4,0,0,0,3,1,0,0,0,2,0,0,0,2,1,5,16.7,Matches
39,39,Volodymyr Brazhko,MF,ua Ukraine,22-151,2002,1.3,0,0,0,2,2,0,0,3,4,0,0,0,6,0,1,0.0,Matches
40,40,David Brekalo,MF,si Slovenia,25-202,1998,0.0,0,0,0,0,0,0,0,0,0,0,0,0,0,0,1,0.0,Matches
41,41,Armando Broja,FW,al Albania,22-286,2001,0.8,1,0,0,2,3,0,0,0,1,0,0,0,0,2,0,100.0,Matches
42,42,Marcelo Brozović,MF,hr Croatia,31-219,1992,1.5,0,0,0,1,0,0,1,4,0,0,0,0,1,0,1,0.0,Matches
43,43,Ante Budimir,FW,hr Croatia,32-336,1991,0.9,0,0,0,1,0,0,1,0,1,0,0,0,0,5,8,38.5,Matches
44,44,Adam Buksa,FW,pl Poland,27-346,1996,1.7,0,0,0,2,4,0,0,0,0,0,0,0,0,3,7,30.0,Matches
45,45,Andrei Burcă,DF,ro Romania,31-068,1993,1.0,0,0,0,0,0,0,0,0,1,0,0,0,2,0,0,,Matches
46,46,Riccardo Calafiori,DF,it Italy,22-034,2002,2.0,1,0,0,3,1,0,0,5,1,0,0,1,11,5,2,71.4,Matches
47,47,Hakan Çalhanoğlu,MF,tr Türkiye,30-135,1994,1.0,1,0,0,2,0,0,4,0,2,0,0,0,5,1,0,100.0,Matches
48,48,Eduardo Camavinga,MF,fr France,21-225,2002,0.2,0,0,0,1,2,0,0,1,0,0,0,0,3,2,0,100.0,Matches
49,49,Andrea Cambiaso,"FW,MF",it Italy,24-123,2000,0.7,0,0,0,2,1,0,3,0,3,0,0,0,4,0,0,,Matches
50,50,Emre Can,MF,de Germany,30-162,1994,0.3,0,0,0,1,1,0,0,0,2,0,0,0,0,0,0,,Matches
52,51,João Cancelo,MF,pt Portugal,30-026,1994,1.0,0,0,0,0,1,0,1,0,0,0,0,0,9,1,2,33.3,Matches
53,52,Yannick Carrasco,DF,be Belgium,30-292,1993,0.9,0,0,0,0,1,0,1,0,0,0,0,0,4,0,0,,Matches
54,53,Dani Carvajal,DF,es Spain,32-163,1992,2.0,1,0,0,0,2,0,2,2,1,0,0,0,10,1,3,25.0,Matches
55,54,Timothy Castagne,DF,be Belgium,28-200,1995,1.0,0,0,0,2,0,0,1,1,0,0,0,0,4,0,3,0.0,Matches
56,55,Koen Casteels,GK,be Belgium,31-363,1992,1.0,0,0,0,0,0,0,0,0,0,0,0,0,5,0,0,,Matches
57,56,Žan Celar,MF,si Slovenia,25-100,1999,0.2,1,0,0,1,0,0,0,1,0,0,0,0,0,1,0,100.0,Matches
58,57,Zeki Çelik,MF,tr Türkiye,27-126,1997,0.1,0,0,0,0,0,0,0,0,0,0,0,0,0,0,0,,Matches
59,58,Giorgi Chakvetadze,MF,ge Georgia,24-298,1999,0.8,0,0,0,1,0,0,3,0,1,0,0,0,0,2,1,66.7,Matches
60,59,Federico Chiesa,FW,it Italy,26-241,1997,1.5,0,0,0,3,0,0,6,2,1,0,0,0,6,0,1,0.0,Matches
61,60,Tomáš Chorý,DF,cz Czechia,29-148,1995,0.0,0,0,0,0,0,0,0,0,0,0,0,0,0,0,0,,Matches
62,61,Andreas Christensen,DF,dk Denmark,28-073,1996,2.0,0,0,0,1,2,0,0,4,0,0,0,0,2,4,0,100.0,Matches
63,62,Ryan Christie,"MF,FW",sct Scotland,29-121,1995,1.0,0,0,0,3,4,0,0,0,0,0,0,0,4,2,1,66.7,Matches
64,63,Mojmir Chytil,FW,cz Czechia,25-054,1999,0.3,0,0,0,1,0,0,1,0,0,0,0,0,1,1,2,33.3,Matches
65,64,Florinel Coman,MF,ro Romania,26-073,1998,0.7,0,0,0,0,0,0,0,0,0,0,0,0,1,1,0,100.0,Matches
66,65,Kingsley Coman,MF,fr France,28-009,1996,0.2,0,0,0,0,0,0,0,0,0,0,0,0,1,0,0,,Matches
67,66,Francisco Conceição,FW,pt Portugal,21-191,2002,0.0,1,0,0,0,0,0,0,0,0,0,0,0,0,0,0,,Matches
68,67,Diogo Costa,GK,pt Portugal,24-277,1999,1.0,0,0,0,0,0,0,0,0,0,0,0,0,1,0,0,,Matches
69,68,Vladimír Coufal,FW,cz Czechia,31-305,1992,1.0,0,0,0,0,1,0,5,2,2,0,0,0,5,0,4,0.0,Matches
70,69,Bryan Cristante,MF,it Italy,29-111,1995,0.7,1,0,0,2,1,0,1,0,0,0,0,0,4,1,1,50.0,Matches
71,70,Kevin Csoboth,DF,hu Hungary,24-002,2000,0.0,1,0,0,1,1,0,0,0,0,0,0,0,0,0,0,,Matches
72,71,Marc Cucurella,DF,es Spain,25-336,1998,2.0,0,0,0,3,4,0,2,4,6,0,0,0,10,6,1,85.7,Matches
73,72,Mirlind Daku,FW,al Albania,26-173,1998,0.1,1,0,0,1,0,1,0,0,0,0,0,0,1,1,0,100.0,Matches
74,73,Diogo Dalot,MF,pt Portugal,25-096,1999,0.7,0,0,0,0,0,0,1,0,0,0,0,0,5,0,0,,Matches
75,74,Mikkel Damsgaard,FW,dk Denmark,23-355,2000,0.4,0,0,0,0,0,0,1,1,1,0,0,0,2,1,1,50.0,Matches
76,75,Kevin Danso,DF,at Austria,25-277,1998,1.4,1,0,0,4,5,0,0,0,0,0,0,0,3,1,5,16.7,Matches
78,76,Márton Dárdai,DF,hu Hungary,22-131,2002,1.1,0,0,0,1,2,0,0,0,0,0,0,0,0,1,0,100.0,Matches
79,77,Matteo Darmian,DF,it Italy,34-203,1989,0.1,0,0,0,0,0,0,0,0,0,0,0,0,2,0,0,,Matches
80,78,Zuriko Davitashvili,FW,ge Georgia,23-128,2001,0.2,0,0,0,0,0,0,0,0,1,0,0,0,0,0,0,,Matches
81,79,Paweł Dawidowicz,DF,pl Poland,29-033,1995,1.0,0,0,0,4,0,0,0,0,0,0,0,0,4,2,1,66.7,Matches
82,80,Kevin De Bruyne,MF,be Belgium,32-360,1991,1.0,0,0,0,1,2,0,6,0,0,0,0,0,5,1,0,100.0,Matches
83,81,Zeno Debast,DF,be Belgium,20-242,2003,1.0,0,0,0,2,0,0,0,0,1,0,0,0,7,1,1,50.0,Matches
84,82,Thomas Delaney,MF,dk Denmark,32-293,1991,0.0,0,0,0,0,0,0,0,0,0,0,0,0,0,0,2,0.0,Matches
85,83,Ousmane Dembélé,"MF,FW",fr France,27-038,1997,1.6,1,0,0,3,5,0,5,0,2,0,0,0,6,2,2,50.0,Matches
86,84,Merih Demiral,DF,tr Türkiye,26-109,1998,0.1,0,0,0,0,0,0,0,0,0,0,0,0,0,2,0,100.0,Matches
87,85,Giovanni Di Lorenzo,DF,it Italy,30-323,1993,2.0,0,0,0,1,3,0,0,5,6,0,0,0,5,3,3,50.0,Matches
88,86,Rúben Dias,DF,pt Portugal,27-039,1997,1.0,0,0,0,1,0,0,2,0,0,0,0,0,0,6,3,66.7,Matches
89,87,Federico Dimarco,DF,it Italy,26-225,1997,1.9,0,0,0,0,2,0,9,2,2,0,0,0,5,1,1,50.0,Matches
90,88,Berat Djimsiti,DF,al Albania,31-124,1993,2.0,0,0,0,1,1,0,0,0,0,0,0,0,4,4,1,80.0,Matches
91,89,Jeremy Doku,FW,be Belgium,22-026,2002,0.9,0,0,0,1,0,0,2,0,0,0,0,0,1,0,0,,Matches
92,90,Kasper Dolberg,FW,dk Denmark,26-260,1997,0.1,0,0,0,0,0,0,0,0,0,0,0,0,0,0,0,,Matches
93,91,Gianluigi Donnarumma,GK,it Italy,25-118,1999,2.0,1,0,0,0,0,0,0,0,0,0,0,0,2,1,0,100.0,Matches
94,92,David Doudera,FW,cz Czechia,26-022,1998,1.0,0,0,0,0,0,0,1,0,2,0,0,0,4,0,0,,Matches
95,93,Artem Dovbyk,FW,ua Ukraine,27-001,1997,1.7,0,0,0,2,1,2,0,1,2,0,0,0,5,0,0,,Matches
96,94,Denis Drăguș,FW,ro Romania,24-352,1999,0.8,0,0,0,3,1,0,1,0,0,0,0,0,4,0,3,0.0,Matches
97,95,Radu Drăgușin,DF,ro Romania,22-140,2002,1.0,0,0,0,0,1,0,0,1,0,0,0,0,3,2,0,100.0,Matches
98,96,Vanja Drkušič,DF,si Slovenia,24-236,1999,2.0,0,0,0,3,0,0,1,1,3,0,0,0,2,2,3,40.0,Matches
99,97,Kwadwo Duah,FW,ch Switzerland,27-119,1997,0.7,0,0,0,0,0,0,1,0,1,0,0,0,0,3,2,60.0,Matches
100,98,Martin Dúbravka,GK,sk Slovakia,35-159,1989,2.0,0,0,0,0,0,0,0,1,0,0,0,0,1,0,0,,Matches
101,99,Ondrej Duda,MF,sk Slovakia,29-200,1994,1.6,0,0,0,4,2,0,6,1,2,0,0,0,2,0,1,0.0,Matches
102,100,Denzel Dumfries,"DF,FW",nl Netherlands,28-065,1996,2.0,0,0,0,6,0,1,7,1,2,0,0,0,7,0,1,0.0,Matches
104,101,Dávid Ďuriš,"FW,MF",sk Slovakia,25-092,1999,0.1,0,0,0,0,0,0,0,0,0,0,0,0,0,0,0,,Matches
105,102,Lasha Dvali,DF,ge Georgia,29-039,1995,1.0,0,0,0,1,0,0,0,1,1,0,0,0,3,3,1,75.0,Matches
106,103,Timi Elšnik,MF,si Slovenia,26-054,1998,1.8,0,0,0,2,2,0,4,1,2,0,0,0,13,2,1,66.7,Matches
107,104,Breel Embolo,"FW,MF",ch Switzerland,27-129,1997,0.5,0,0,0,0,3,1,0,0,0,0,0,0,2,0,2,0.0,Matches
108,105,Christian Eriksen,"MF,FW",dk Denmark,32-129,1992,1.9,0,0,0,0,3,0,19,0,2,0,0,0,11,0,1,0.0,Matches
109,106,Eberechi Eze,FW,eng England,25-359,1998,0.2,0,0,0,0,3,0,0,0,0,0,0,0,0,0,2,0.0,Matches
110,107,Wout Faes,DF,be Belgium,26-080,1998,1.0,0,0,0,1,1,0,0,1,1,0,0,0,9,2,3,40.0,Matches
111,108,Bruno Fernandes,MF,pt Portugal,29-288,1994,1.0,0,0,0,1,1,0,8,1,0,0,0,0,7,1,2,33.3,Matches
112,109,Attila Fiola,DF,hu Hungary,34-126,1990,2.0,1,0,0,5,3,0,1,0,1,0,0,0,2,1,2,33.3,Matches
113,110,Phil Foden,FW,eng England,24-025,2000,1.8,0,0,0,0,2,0,2,1,1,0,0,0,8,0,2,0.0,Matches
114,111,Youssouf Fofana,MF,fr France,25-164,1999,0.0,0,0,0,0,0,0,0,1,1,0,0,0,0,1,0,100.0,Matches
115,112,Michael Folorunsho,FW,it Italy,26-136,1998,0.0,0,0,0,0,1,0,0,0,0,0,0,0,0,0,1,0.0,Matches
116,113,Przemysław Frankowski,DF,pl Poland,29-071,1995,2.0,0,0,0,3,0,0,7,1,0,0,0,0,7,1,3,25.0,Matches
117,114,Davide Frattesi,MF,it Italy,24-244,1999,1.5,0,0,0,3,4,1,1,0,1,0,0,0,4,1,2,33.3,Matches
118,115,Remo Freuler,MF,ch Switzerland,32-068,1992,1.8,1,0,0,5,0,0,0,2,1,0,0,0,4,4,0,100.0,Matches
119,116,Jeremie Frimpong,FW,nl Netherlands,23-195,2000,0.9,0,0,0,1,0,0,0,0,0,0,0,0,3,0,1,0.0,Matches
120,117,Chris Führich,FW,de Germany,26-165,1998,0.2,0,0,0,0,0,0,0,0,1,0,0,0,2,0,0,,Matches
121,118,Niclas Füllkrug,FW,de Germany,31-134,1993,0.7,0,0,0,1,0,2,0,0,0,0,0,0,0,2,0,100.0,Matches
122,119,Mijat Gaćinović,DF,rs Serbia,29-135,1995,0.5,1,0,0,1,0,0,3,0,1,0,0,0,2,2,2,50.0,Matches
123,120,Cody Gakpo,FW,nl Netherlands,25-046,1999,1.9,0,0,0,0,4,0,6,0,4,0,0,0,9,4,1,80.0,Matches
124,121,Conor Gallagher,MF,eng England,24-137,2000,0.7,1,0,0,2,4,0,0,0,0,0,0,0,1,1,1,50.0,Matches
125,122,Dániel Gazdag,MF,hu Hungary,28-112,1996,0.0,0,0,0,0,0,0,0,0,1,0,0,0,0,0,0,,Matches
126,123,Lutsharel Geertruida,DF,nl Netherlands,23-340,2000,0.2,0,0,0,0,0,0,0,0,0,0,0,0,0,0,0,,Matches
127,124,Billy Gilmour,MF,sct Scotland,23-011,2001,1.1,0,0,0,0,1,0,0,0,1,0,0,0,5,1,0,100.0,Matches
128,125,Olivier Giroud,FW,fr France,37-266,1986,0.2,0,0,0,0,1,0,0,0,0,0,0,0,0,2,1,66.7,Matches
130,126,Klaus Gjasula,MF,al Albania,34-191,1989,0.2,1,0,0,1,0,0,0,0,0,0,0,1,2,1,1,50.0,Matches
131,127,Adam Gnezda Čerin,MF,si Slovenia,24-342,1999,2.0,0,0,0,9,2,0,6,3,3,0,0,0,5,4,2,66.7,Matches
132,128,Jon Gorenc Stanković,MF,si Slovenia,28-160,1996,0.5,0,0,0,0,1,0,0,0,0,0,0,0,1,0,1,0.0,Matches
133,129,Michael Gregoritsch,FW,at Austria,30-065,1994,0.8,0,0,0,3,0,0,1,0,1,0,0,0,2,0,2,0.0,Matches
134,130,Antoine Griezmann,"FW,MF",fr France,33-093,1991,2.0,0,0,0,1,3,0,12,0,0,0,0,0,5,0,0,,Matches
135,131,Florian Grillitsch,MF,at Austria,28-320,1995,1.2,0,0,0,0,2,0,0,4,1,0,0,0,5,1,0,100.0,Matches
136,132,Pascal Groß,MF,de Germany,33-007,1991,0.5,0,0,0,1,0,0,1,0,1,0,0,0,4,1,1,50.0,Matches
137,133,Kamil Grosicki,MF,pl Poland,36-014,1988,0.2,0,0,0,0,0,0,2,0,0,0,0,0,0,0,0,,Matches
138,134,Nemanja Gudelj,MF,rs Serbia,32-219,1991,0.5,1,0,0,2,0,0,0,0,0,0,0,0,0,0,1,0.0,Matches
139,135,Marc Guéhi,DF,eng England,23-345,2000,2.0,0,0,0,0,2,0,0,2,2,0,0,0,7,2,3,40.0,Matches
140,136,Péter Gulácsi,GK,hu Hungary,34-047,1990,2.0,0,0,0,0,0,0,0,0,0,0,0,0,1,2,0,100.0,Matches
141,137,Arda Güler,FW,tr Türkiye,19-118,2005,0.9,0,0,0,1,1,1,5,0,3,0,0,0,4,0,1,0.0,Matches
142,138,İlkay Gündoğan,MF,de Germany,33-242,1990,1.9,0,0,0,1,3,0,1,0,2,1,0,0,3,2,2,50.0,Matches
143,139,Angus Gunn,GK,sct Scotland,28-152,1996,2.0,0,0,0,0,0,0,0,0,0,0,0,0,5,0,0,,Matches
144,140,Mert Günok,GK,tr Türkiye,35-113,1989,1.0,0,0,0,0,0,0,0,0,0,0,0,0,2,0,0,,Matches
145,141,Joško Gvardiol,DF,hr Croatia,22-151,2002,2.0,0,0,0,3,2,0,0,2,2,0,0,0,8,0,3,0.0,Matches
146,142,Ianis Hagi,MF,ro Romania,25-244,1998,0.3,0,0,0,1,0,0,2,0,0,0,0,0,1,1,0,100.0,Matches
147,143,Dávid Hancko,DF,sk Slovakia,26-192,1997,1.7,0,0,0,1,2,0,5,1,0,0,0,0,5,0,2,0.0,Matches
148,144,Grant Hanley,DF,sct Scotland,32-215,1991,1.5,0,0,0,2,0,0,0,0,0,0,0,0,4,3,1,75.0,Matches
149,145,Lukáš Haraslín,FW,sk Slovakia,28-027,1996,1.5,0,0,0,1,5,0,8,1,1,0,0,0,2,2,1,66.7,Matches
150,146,Kai Havertz,FW,de Germany,25-011,1999,1.3,0,0,0,5,0,0,0,0,0,0,0,0,1,3,2,60.0,Matches
151,147,Jack Hendry,DF,sct Scotland,29-046,1995,1.9,0,0,0,1,2,0,1,0,1,0,0,0,4,5,3,62.5,Matches
152,148,Theo Hernández,DF,fr France,26-260,1997,2.0,0,0,0,0,4,0,3,1,1,0,0,0,7,1,1,50.0,Matches
153,149,Morten Hjulmand,MF,dk Denmark,24-363,1999,1.9,1,0,0,3,1,0,1,1,0,0,0,0,8,0,0,,Matches
154,150,Tomáš Holeš,DF,cz Czechia,31-083,1993,1.0,0,0,0,2,0,0,0,1,2,0,0,0,0,2,2,50.0,Matches
156,151,Arbër Hoxha,"MF,FW",al Albania,25-260,1998,0.3,1,0,0,1,1,0,1,0,0,0,0,0,2,0,1,0.0,Matches
157,152,Robin Hranáč,DF,cz Czechia,24-145,2000,1.0,0,0,0,0,0,0,0,0,0,0,0,1,1,2,0,100.0,Matches
158,153,Elseid Hysaj,DF,al Albania,30-123,1994,2.0,1,0,0,0,0,0,3,0,1,0,0,0,6,0,2,0.0,Matches
159,154,Pierre Højbjerg,MF,dk Denmark,28-322,1995,1.9,0,0,0,3,3,0,1,3,6,0,0,0,14,2,0,100.0,Matches
160,155,Rasmus Højlund,FW,dk Denmark,21-139,2003,1.6,0,0,0,1,1,3,0,1,0,0,0,0,3,2,4,33.3,Matches
161,156,Ivan Ilić,MF,rs Serbia,23-097,2001,1.5,0,0,0,2,2,0,4,0,3,0,0,0,7,2,1,66.7,Matches
162,157,Gonçalo Inácio,DF,pt Portugal,22-302,2001,0.3,0,0,0,0,0,0,0,0,0,0,0,0,1,0,0,,Matches
163,158,Erik Janža,DF,si Slovenia,31-001,1993,2.0,1,0,0,1,2,0,10,2,4,0,0,0,4,4,1,80.0,Matches
164,159,Jorginho,MF,it Italy,32-185,1991,1.5,0,0,0,0,0,0,0,4,1,0,0,0,7,0,1,0.0,Matches
165,160,Diogo Jota,FW,pt Portugal,27-201,1996,0.3,0,0,0,1,0,0,0,0,1,0,0,0,1,1,3,25.0,Matches
166,161,Luka Jović,"MF,FW",rs Serbia,26-182,1997,0.6,1,0,0,2,1,0,1,0,0,0,0,0,0,1,2,33.3,Matches
167,162,Josip Juranović,DF,hr Croatia,28-311,1995,1.0,0,0,0,0,0,0,8,0,3,0,0,0,5,2,0,100.0,Matches
168,163,Ferdi Kadioglu,"DF,MF",tr Türkiye,24-259,1999,1.0,0,0,0,0,0,0,2,3,2,0,0,0,7,1,1,50.0,Matches
169,164,Otar Kakabadze,"DF,MF",ge Georgia,28-361,1995,1.0,0,0,0,0,1,0,3,0,5,0,0,0,6,2,1,66.7,Matches
170,165,Harry Kane,FW,eng England,30-330,1993,1.8,0,0,0,1,6,0,0,0,0,0,0,0,4,4,1,80.0,Matches
171,166,N'Golo Kanté,MF,fr France,33-085,1991,2.0,0,0,0,3,1,0,1,2,3,0,0,0,10,1,1,50.0,Matches
172,167,Žan Karničnik,DF,si Slovenia,29-278,1994,2.0,0,0,0,1,2,0,4,4,1,0,0,0,16,0,7,0.0,Matches
173,168,Guram Kashia,DF,ge Georgia,36-354,1987,1.0,0,0,0,0,0,0,0,0,2,0,0,0,3,2,1,66.7,Matches
174,169,Milos Kerkez,DF,hu Hungary,20-228,2003,1.7,0,0,0,1,4,0,8,0,1,0,0,0,8,2,0,100.0,Matches
175,170,Joshua Kimmich,DF,de Germany,29-135,1995,2.0,0,0,0,1,0,0,10,2,1,0,0,0,8,0,2,0.0,Matches
176,171,Jakub Kiwior,DF,pl Poland,24-128,2000,2.0,0,0,0,0,0,0,1,4,4,0,0,0,5,5,2,71.4,Matches
177,172,László Kleinheisler,MF,hu Hungary,30-075,1994,0.6,0,0,0,1,0,0,0,0,0,0,0,0,2,1,0,100.0,Matches
178,173,Giorgi Kochorashvili,MF,ge Georgia,24-359,1999,1.0,0,0,0,2,4,0,1,4,1,0,0,0,9,0,1,0.0,Matches
179,174,Orkun Kökçü,MF,tr Türkiye,23-176,2000,1.0,0,0,0,1,2,0,1,0,1,0,0,0,9,0,1,0.0,Matches
180,175,Randal Kolo Muani,FW,fr France,25-200,1998,0.2,0,0,0,2,1,0,0,0,0,0,0,0,2,0,1,0.0,Matches
182,176,Yukhym Konoplia,DF,ua Ukraine,24-301,1999,0.8,1,0,0,1,0,0,2,0,0,0,0,0,2,0,1,0.0,Matches
183,177,Filip Kostić,DF,rs Serbia,31-234,1992,0.5,0,0,0,0,0,0,3,0,0,0,0,0,1,0,0,,Matches
184,178,Jules Koundé,DF,fr France,25-223,1998,2.0,0,0,0,0,0,0,6,0,3,0,0,0,2,1,1,50.0,Matches
185,179,Mateo Kovačić,MF,hr Croatia,30-047,1994,1.7,0,0,0,3,4,0,0,0,4,0,0,0,8,0,0,,Matches
186,180,Andrej Kramarić,FW,hr Croatia,33-003,1991,1.7,0,0,0,3,1,0,7,1,0,0,0,0,4,2,1,66.7,Matches
187,181,Ladislav Krejčí,DF,cz Czechia,25-063,1999,1.0,0,0,0,0,0,0,0,3,0,0,0,0,5,2,0,100.0,Matches
188,182,Toni Kroos,MF,de Germany,34-170,1990,1.9,0,0,0,1,1,0,14,2,2,0,0,0,15,0,0,,Matches
189,183,Jan Kuchta,FW,cz Czechia,27-166,1997,0.7,0,0,0,0,0,0,0,0,1,0,0,0,4,1,6,14.3,Matches
190,184,Juraj Kucka,MF,sk Slovakia,37-117,1987,2.0,0,0,0,1,4,0,1,1,1,0,0,0,8,2,1,66.7,Matches
191,185,Jasmin Kurtić,FW,si Slovenia,35-164,1989,0.0,0,0,0,0,0,0,0,0,0,0,0,0,0,0,0,,Matches
192,186,Khvicha Kvaratskhelia,FW,ge Georgia,23-131,2001,1.0,0,0,0,0,3,0,6,0,0,0,0,0,2,0,4,0.0,Matches
193,187,Solomon Kvirkvelia,DF,ge Georgia,32-137,1992,0.9,1,0,0,1,0,0,0,0,2,0,0,0,2,2,0,100.0,Matches
194,188,Qazim Laçi,"MF,FW",al Albania,28-155,1996,1.0,0,0,0,1,0,0,2,2,3,0,0,0,6,1,0,100.0,Matches
195,189,Konrad Laimer,"MF,FW",at Austria,27-026,1997,2.0,1,0,0,4,1,0,2,1,0,0,0,0,10,0,1,0.0,Matches
196,190,Ádám Lang,DF,hu Hungary,31-157,1993,0.5,0,0,0,0,0,0,0,1,0,0,0,0,1,0,1,0.0,Matches
197,191,Aymeric Laporte,DF,es Spain,30-026,1994,1.0,0,0,0,2,1,0,0,1,0,0,0,0,1,2,0,100.0,Matches
198,192,Robin Le Normand,DF,es Spain,27-224,1996,2.0,1,0,0,5,3,0,0,2,0,0,0,0,6,7,5,58.3,Matches
199,193,Rafael Leão,FW,pt Portugal,25-012,1999,0.7,1,0,0,1,1,0,4,1,1,0,0,0,1,0,0,,Matches
200,194,Robert Lewandowski,FW,pl Poland,35-306,1988,0.3,1,0,0,2,2,0,0,0,1,0,0,0,0,0,0,,Matches
201,195,Philipp Lienhart,DF,at Austria,27-347,1996,1.0,0,0,0,1,2,0,0,1,0,0,0,0,2,3,0,100.0,Matches
202,196,Ondřej Lingr,FW,cz Czechia,25-259,1998,0.3,0,0,0,0,1,1,0,0,0,0,0,0,1,0,0,,Matches
203,197,Dominik Livaković,GK,hr Croatia,29-165,1995,2.0,0,0,0,0,0,0,0,0,0,0,0,0,5,0,0,,Matches
204,198,Stanislav Lobotka,MF,sk Slovakia,29-210,1994,2.0,0,0,0,0,3,0,0,2,2,0,0,0,15,0,1,0.0,Matches
205,199,Luka Lochoshvili,"DF,MF",ge Georgia,26-024,1998,0.2,0,0,0,1,0,0,0,1,0,0,0,0,1,1,1,50.0,Matches
206,200,Romelu Lukaku,FW,be Belgium,31-040,1993,1.0,0,0,0,1,1,2,0,0,0,0,0,0,1,0,1,0.0,Matches
208,201,Dodi Lukebakio,DF,be Belgium,26-272,1997,0.1,1,0,0,1,0,0,1,0,0,0,0,0,0,0,0,,Matches
209,202,Saša Lukić,MF,rs Serbia,27-314,1996,1.4,1,0,0,3,1,0,1,2,4,0,0,0,8,0,0,,Matches
210,203,Andriy Lunin,GK,ua Ukraine,25-132,1999,1.0,0,0,0,0,0,0,0,0,0,0,0,0,2,0,0,,Matches
211,204,Mike Maignan,GK,fr France,28-355,1995,2.0,0,0,0,0,1,0,0,0,0,0,0,0,3,1,0,100.0,Matches
212,205,Kobbie Mainoo,MF,eng England,19-064,2005,0.1,0,0,0,0,0,0,0,0,0,0,0,0,0,0,1,0.0,Matches
213,206,Lovro Majer,"FW,MF",hr Croatia,26-157,1998,1.5,0,0,0,2,2,0,4,0,3,0,0,0,8,1,1,50.0,Matches
214,207,Donyell Malen,FW,nl Netherlands,25-165,1999,0.3,0,0,0,0,1,0,4,0,0,0,0,0,0,0,0,,Matches
215,208,Ruslan Malinovskyi,MF,ua Ukraine,31-049,1993,0.2,0,0,0,1,0,0,1,0,1,0,0,0,3,0,0,,Matches
216,209,Giorgi Mamardashvili,GK,ge Georgia,23-267,2000,1.0,0,0,0,0,0,0,0,0,0,0,0,0,1,0,0,,Matches
217,210,Dennis Man,MF,ro Romania,25-301,1998,0.7,0,0,0,0,0,0,3,1,0,0,0,0,1,1,3,25.0,Matches
218,211,Rey Manaj,FW,al Albania,27-119,1997,1.1,0,0,0,4,4,0,0,1,1,0,0,0,1,3,4,42.9,Matches
219,212,Orel Mangala,MF,be Belgium,26-096,1998,0.6,1,0,0,2,0,0,0,0,0,0,0,0,0,0,0,,Matches
220,213,Marius Marin,MF,ro Romania,25-297,1998,0.8,0,0,0,0,1,0,0,2,0,0,0,0,1,0,1,0.0,Matches
221,214,Răzvan Marin,MF,ro Romania,28-030,1996,1.0,1,0,0,2,1,1,1,0,0,0,0,0,3,1,0,100.0,Matches
222,215,Ádám Martin,"FW,DF",hu Hungary,29-229,1994,0.3,0,0,0,1,0,0,1,0,0,0,0,0,1,1,1,50.0,Matches
223,216,Mykola Matviyenko,DF,ua Ukraine,28-051,1996,2.0,0,0,0,1,3,0,1,1,0,0,0,0,5,3,2,60.0,Matches
224,217,Kylian Mbappé,FW,fr France,25-185,1998,1.0,1,0,0,1,3,0,0,0,0,0,0,0,0,2,0,100.0,Matches
225,218,John McGinn,"FW,MF",sct Scotland,29-248,1994,1.7,1,0,0,3,4,0,2,1,0,0,0,0,6,3,2,60.0,Matches
226,219,Callum McGregor,MF,sct Scotland,31-008,1993,1.7,0,0,0,2,1,0,0,2,1,0,0,0,5,2,2,50.0,Matches
227,220,Scott McKenna,DF,sct Scotland,27-223,1996,0.5,1,0,0,2,0,0,1,0,0,0,0,0,3,2,1,66.7,Matches
228,221,Kenny McLean,MF,sct Scotland,32-166,1992,0.4,0,0,0,0,1,0,0,0,0,0,0,0,2,1,1,50.0,Matches
229,222,Scott McTominay,MF,sct Scotland,27-197,1996,2.0,1,0,0,1,3,0,8,3,2,0,0,0,5,3,3,50.0,Matches
230,223,Anzor Mekvabishvili,MF,ge Georgia,23-017,2001,1.0,0,0,0,0,0,0,0,2,2,0,0,0,2,0,2,0.0,Matches
231,224,Memphis,FW,nl Netherlands,30-130,1994,1.8,0,0,0,3,3,2,6,0,0,0,0,0,3,0,2,0.0,Matches
232,225,Nuno Mendes,"DF,MF",pt Portugal,22-003,2002,1.0,0,0,0,2,0,0,2,1,2,0,0,0,4,9,1,90.0,Matches
234,226,Mikel Merino,MF,es Spain,28-000,1996,0.3,0,0,0,2,0,0,1,1,0,0,0,0,0,1,2,33.3,Matches
235,227,Valentin Mihaila,MF,ro Romania,24-141,2000,0.3,0,0,0,0,1,0,0,0,1,0,0,0,3,0,0,,Matches
236,228,Georges Mikautadze,FW,ge Georgia,23-235,2000,1.0,0,0,0,0,1,1,2,0,0,0,0,0,0,1,4,20.0,Matches
237,229,Nikola Milenković,DF,rs Serbia,26-254,1997,2.0,0,0,0,3,1,0,0,0,2,0,0,0,5,4,2,66.7,Matches
238,230,Sergej Milinković-Savić,MF,rs Serbia,29-116,1995,1.3,0,0,0,4,0,0,2,0,2,0,0,0,6,3,1,75.0,Matches
239,231,Mario Mitaj,DF,al Albania,20-321,2003,2.0,0,0,0,1,2,0,2,7,2,0,0,0,10,0,4,0.0,Matches
240,232,Aleksandar Mitrović,FW,rs Serbia,29-280,1994,1.7,0,0,0,1,4,0,0,0,0,0,0,0,5,6,6,50.0,Matches
241,233,Maximilian Mittelstädt,DF,de Germany,27-096,1997,2.0,1,0,0,3,5,0,15,1,1,0,0,0,10,0,1,0.0,Matches
242,234,Filip Mladenović,DF,rs Serbia,32-312,1991,1.0,1,0,0,1,3,0,7,2,1,0,0,0,3,0,1,0.0,Matches
243,235,Jan Mlakar,MF,si Slovenia,25-243,1998,1.5,0,0,0,1,0,0,0,0,0,0,0,0,5,1,3,25.0,Matches
244,236,Jakub Moder,MF,pl Poland,25-076,1999,1.0,1,0,0,1,2,0,2,0,0,0,0,0,7,2,2,50.0,Matches
245,237,Luka Modrić,MF,hr Croatia,38-287,1985,1.7,0,0,0,2,2,0,5,1,1,0,0,0,14,1,0,100.0,Matches
246,238,Álvaro Morata,FW,es Spain,31-243,1992,1.6,0,0,0,4,2,0,1,0,2,0,0,0,2,3,1,75.0,Matches
247,239,Ernest Muçi,FW,al Albania,23-095,2001,0.0,0,0,0,0,0,0,0,0,0,0,0,0,0,1,0,100.0,Matches
248,240,Mykhailo Mudryk,"FW,MF",ua Ukraine,23-169,2001,1.9,0,0,0,0,3,0,10,0,2,0,0,0,8,3,2,60.0,Matches
249,241,Mert Müldür,DF,tr Türkiye,25-080,1999,0.9,0,0,0,1,1,0,0,1,2,0,0,0,4,1,1,50.0,Matches
250,242,Thomas Müller,FW,de Germany,34-283,1989,0.2,0,0,0,0,0,0,1,0,0,0,0,0,1,0,0,,Matches
251,243,Jamal Musiala,FW,de Germany,21-117,2003,1.6,0,0,0,1,4,0,2,1,4,0,0,0,6,1,0,100.0,Matches
252,244,Phillipp Mwene,DF,at Austria,30-145,1994,1.7,1,0,0,3,3,0,8,0,4,0,0,0,8,1,1,50.0,Matches
253,245,Joakim Mæhle,"DF,MF",dk Denmark,27-033,1997,1.1,1,0,0,3,0,1,5,1,2,0,0,0,5,1,1,50.0,Matches
254,246,Nacho,DF,es Spain,34-156,1990,1.0,0,0,0,0,1,0,0,0,1,0,0,0,6,2,1,66.7,Matches
255,247,Ádám Nagy,MF,hu Hungary,29-005,1995,1.4,0,0,0,0,0,0,0,2,2,0,0,0,7,1,1,50.0,Matches
256,248,Zsolt Nagy,DF,hu Hungary,31-028,1993,0.2,0,0,0,0,0,0,1,0,0,0,0,0,2,0,0,,Matches
257,249,Dan Ndoye,"MF,FW",ch Switzerland,23-241,2000,1.9,0,0,0,4,5,2,1,1,3,0,0,0,3,0,2,0.0,Matches
258,250,Pedro Neto,MF,pt Portugal,24-105,2000,0.0,0,0,0,0,0,0,0,0,0,0,0,0,1,1,0,100.0,Matches
260,251,Manuel Neuer,GK,de Germany,38-087,1986,2.0,0,0,0,0,0,0,0,0,0,0,0,0,1,1,0,100.0,Matches
261,252,Florin Niță,GK,ro Romania,36-355,1987,1.0,0,0,0,0,0,0,0,0,0,0,0,0,1,0,0,,Matches
262,253,Christian Nørgaard,MF,dk Denmark,30-104,1994,0.2,1,0,0,1,0,0,2,0,0,0,0,0,1,2,1,66.7,Matches
263,254,Adam Obert,DF,sk Slovakia,21-304,2002,0.3,0,0,0,1,0,0,1,0,1,0,0,0,2,0,0,,Matches
264,255,Jan Oblak,GK,si Slovenia,31-167,1993,2.0,0,0,0,0,0,0,0,0,0,0,0,0,1,2,0,100.0,Matches
265,256,Dani Olmo,"FW,MF",es Spain,26-046,1998,0.4,0,0,0,0,0,0,0,0,1,0,0,0,2,0,0,,Matches
266,257,Amadou Onana,MF,be Belgium,22-311,2001,1.0,0,0,0,0,2,0,0,0,2,0,0,0,2,4,1,80.0,Matches
267,258,Loïs Openda,FW,be Belgium,24-127,2000,0.1,0,0,0,1,0,0,1,0,0,0,0,0,0,0,1,0.0,Matches
268,259,Willi Orban,DF,hu Hungary,31-232,1992,2.0,0,0,0,0,1,1,0,1,6,0,0,0,12,4,3,57.1,Matches
269,260,Mikel Oyarzabal,FW,es Spain,27-062,1997,0.4,0,0,0,2,2,0,0,0,0,0,0,0,2,0,1,0.0,Matches
270,261,Salih Özcan,MF,tr Türkiye,26-163,1998,0.0,0,0,0,2,0,0,0,0,0,0,0,0,0,0,0,,Matches
271,262,Mario Pašalić,"FW,MF",hr Croatia,29-134,1995,0.8,0,0,0,1,0,0,0,0,0,0,0,0,6,4,1,80.0,Matches
272,263,Strahinja Pavlović,DF,rs Serbia,23-029,2001,2.0,0,0,0,2,1,0,3,2,5,0,0,0,9,5,2,71.4,Matches
273,264,Pedri,MF,es Spain,21-210,2002,1.4,0,0,0,2,3,0,0,1,2,0,0,0,6,0,0,,Matches
274,265,Peter Pekarík,DF,sk Slovakia,37-236,1986,2.0,0,0,0,2,1,1,3,2,0,0,0,0,4,1,5,16.7,Matches
275,266,Lorenzo Pellegrini,"FW,MF",it Italy,28-003,1996,1.7,1,0,0,2,3,0,2,2,0,0,0,0,6,2,0,100.0,Matches
276,267,Patrick Pentz,GK,at Austria,27-172,1997,2.0,0,0,0,0,0,0,0,0,0,0,0,0,4,0,0,,Matches
277,268,Pepe,DF,pt Portugal,41-117,1983,1.0,0,0,0,0,0,0,0,0,2,0,0,0,11,3,0,100.0,Matches
278,269,Ayoze Pérez,FW,es Spain,30-329,1993,0.1,0,0,0,0,0,0,0,0,0,0,0,0,2,0,0,,Matches
279,270,Ivan Perišić,"DF,FW",hr Croatia,35-141,1989,1.3,0,0,0,4,0,0,14,1,0,0,0,0,4,3,2,60.0,Matches
280,271,Bruno Petković,FW,hr Croatia,29-280,1994,1.0,0,0,0,1,5,0,0,0,0,1,0,0,1,5,2,71.4,Matches
281,272,Krzysztof Piątek,FW,pl Poland,28-357,1995,0.7,0,0,0,1,1,0,1,0,1,0,0,0,2,0,5,0.0,Matches
282,273,Jordan Pickford,GK,eng England,30-107,1994,2.0,0,0,0,0,0,0,0,0,0,0,0,0,1,0,0,,Matches
283,274,Jakub Piotrowski,MF,pl Poland,26-262,1997,0.6,0,0,0,1,1,0,1,0,0,0,0,0,3,1,1,50.0,Matches
284,275,Marin Pongračić,DF,hr Croatia,26-285,1997,1.0,0,0,0,2,2,0,0,2,1,0,0,0,3,0,2,0.0,Matches
286,276,Ryan Porteous,DF,sct Scotland,25-089,1999,0.5,0,1,0,1,0,0,0,0,1,0,1,0,2,1,1,50.0,Matches
287,277,Stefan Posch,DF,at Austria,27-039,1997,2.0,0,0,0,6,0,0,6,4,2,0,0,0,6,3,6,33.3,Matches
288,278,Yussuf Poulsen,FW,dk Denmark,30-007,1994,0.4,0,0,0,3,0,0,0,0,0,0,0,0,1,4,0,100.0,Matches
289,279,Alexander Prass,DF,at Austria,23-027,2001,0.3,0,0,0,1,0,0,1,0,0,0,0,0,0,1,0,100.0,Matches
290,280,Lukáš Provod,MF,cz Czechia,27-243,1996,0.9,0,0,0,2,1,0,0,0,0,0,0,0,6,1,0,100.0,Matches
291,281,George Pușcaș,FW,ro Romania,28-075,1996,0.2,0,0,0,2,0,0,0,0,0,0,0,0,1,3,1,75.0,Matches
292,282,Adrien Rabiot,MF,fr France,29-080,1995,1.8,0,0,0,2,2,0,3,1,2,0,0,0,11,1,0,100.0,Matches
293,283,Bogdan Racovitan,DF,ro Romania,24-016,2000,0.0,0,0,0,0,0,0,0,0,0,0,0,0,0,0,0,,Matches
294,284,Predrag Rajković,GK,rs Serbia,28-235,1995,2.0,0,0,0,0,1,0,0,0,0,0,0,0,1,0,0,,Matches
295,285,Anthony Ralston,DF,sct Scotland,25-219,1998,2.0,1,0,0,1,3,0,6,0,2,0,0,0,3,5,3,62.5,Matches
296,286,Ylber Ramadani,MF,al Albania,28-071,1996,1.9,0,0,0,1,3,0,1,3,1,0,0,0,9,1,0,100.0,Matches
297,287,Giacomo Raspadori,FW,it Italy,24-125,2000,0.1,0,0,0,0,0,0,2,0,0,0,0,0,1,0,0,,Matches
298,288,Andrei Ratiu,DF,ro Romania,26-002,1998,1.0,0,0,0,0,0,0,1,1,1,0,0,0,3,1,2,33.3,Matches
299,289,Tijjani Reijnders,MF,nl Netherlands,25-329,1998,2.0,0,0,0,0,1,0,1,0,0,0,0,0,4,0,0,,Matches
300,290,Mateo Retegui,FW,it Italy,25-054,1999,0.4,0,0,0,0,1,0,0,0,0,0,0,0,0,0,4,0.0,Matches
301,291,Declan Rice,MF,eng England,25-160,1999,2.0,0,0,0,2,0,0,0,2,4,0,0,0,12,1,3,25.0,Matches
302,292,Fabian Rieder,MF,ch Switzerland,22-127,2002,0.2,0,0,0,0,1,0,3,0,0,0,0,0,2,0,2,0.0,Matches
303,293,Andrew Robertson,DF,sct Scotland,30-103,1994,2.0,0,0,0,1,1,0,11,1,4,0,0,0,5,1,0,100.0,Matches
304,294,Rodri,MF,es Spain,28-000,1996,1.9,2,0,0,3,4,0,0,0,2,0,1,0,8,4,2,66.7,Matches
305,295,Ricardo Rodríguez,DF,ch Switzerland,31-302,1992,2.0,1,0,0,3,2,0,2,2,3,0,0,0,4,1,3,25.0,Matches
306,296,Taras Romanchuk,MF,pl Poland,32-221,1991,0.6,0,0,0,1,0,0,0,0,1,0,0,0,0,0,0,,Matches
307,297,Cristiano Ronaldo,FW,pt Portugal,39-138,1985,1.0,0,0,0,0,0,3,1,0,0,0,0,0,2,1,3,25.0,Matches
308,298,Antonio Rüdiger,DF,de Germany,31-111,1993,2.0,1,0,0,2,1,0,2,0,1,0,0,1,9,3,2,60.0,Matches
309,299,Fabián Ruiz Peña,MF,es Spain,28-080,1996,2.0,0,0,0,1,2,0,3,2,1,0,0,0,21,0,0,,Matches
310,300,Adrian Rus,MF,ro Romania,28-096,1996,0.2,0,0,0,0,0,0,0,0,0,0,0,0,0,0,0,,Matches
312,301,Marcel Sabitzer,"FW,MF",at Austria,30-097,1994,2.0,0,0,0,0,2,0,13,3,1,1,0,0,8,0,3,0.0,Matches
313,302,Bukayo Saka,FW,eng England,22-291,2001,1.6,0,0,0,2,3,0,5,1,0,0,0,0,4,1,2,33.3,Matches
314,303,Bartosz Salamon,DF,pl Poland,33-052,1991,0.9,0,0,0,1,0,0,0,2,2,0,0,0,2,1,0,100.0,Matches
315,304,William Saliba,DF,fr France,23-090,2001,2.0,0,0,0,0,1,0,0,0,0,0,0,0,7,0,3,0.0,Matches
316,305,Roland Sallai,MF,hu Hungary,27-031,1997,2.0,0,0,0,0,5,1,6,1,1,0,0,0,8,0,3,0.0,Matches
317,306,Lazar Samardzic,MF,rs Serbia,22-119,2002,0.1,0,0,0,0,0,0,4,0,0,0,0,0,1,0,0,,Matches
318,307,Leroy Sané,FW,de Germany,28-163,1996,0.7,0,0,0,0,1,0,1,0,0,0,0,0,4,0,1,0.0,Matches
319,308,Leo Sauer,FW,sk Slovakia,18-189,2005,0.1,0,0,0,0,1,0,1,0,0,0,0,0,0,0,0,,Matches
320,309,Gianluca Scamacca,FW,it Italy,25-173,1999,1.6,0,0,0,2,1,0,0,1,1,0,0,0,3,1,1,50.0,Matches
321,310,András Schäfer,MF,hu Hungary,25-070,1999,2.0,0,0,0,4,1,0,2,0,1,0,0,0,1,1,4,20.0,Matches
322,311,Fabian Schär,DF,ch Switzerland,32-185,1991,2.0,0,0,0,2,2,0,2,5,0,0,0,0,10,5,6,45.5,Matches
323,312,Patrik Schick,FW,cz Czechia,28-150,1996,0.7,1,0,0,1,0,0,1,1,1,0,0,0,5,2,6,25.0,Matches
324,313,Kasper Schmeichel,GK,dk Denmark,37-230,1986,2.0,0,0,0,0,0,0,0,0,0,0,0,0,2,0,0,,Matches
325,314,Romano Schmid,MF,at Austria,24-147,2000,0.1,0,0,0,1,0,0,2,0,0,0,0,0,2,0,1,0.0,Matches
326,315,Jerdy Schouten,MF,nl Netherlands,27-162,1997,1.8,1,0,0,2,0,0,0,2,1,0,0,0,8,1,0,100.0,Matches
327,316,Ivan Schranz,FW,sk Slovakia,30-283,1993,1.8,1,0,0,2,1,1,2,2,1,0,0,0,4,1,2,33.3,Matches
328,317,Taulant Seferi,FW,al Albania,27-220,1996,1.0,0,0,0,1,2,1,1,2,2,0,0,0,9,1,2,33.3,Matches
329,318,Nicolas Seiwald,MF,at Austria,23-049,2001,2.0,0,0,0,0,0,0,1,3,5,0,0,0,11,0,0,,Matches
330,319,Nélson Semedo,MF,pt Portugal,30-219,1993,0.0,0,0,0,0,0,0,0,0,0,0,0,0,0,0,0,,Matches
331,320,Benjamin Šeško,FW,si Slovenia,21-022,2003,1.8,0,0,0,1,4,1,0,0,0,0,0,0,6,2,6,25.0,Matches
332,321,Petr Ševčík,MF,cz Czechia,30-049,1994,0.1,0,0,0,0,0,0,0,0,0,0,0,0,1,0,1,0.0,Matches
333,322,Lawrence Shankland,FW,sct Scotland,28-317,1995,0.1,0,0,0,0,0,0,0,0,0,0,0,0,0,0,0,,Matches
334,323,Mykola Shaparenko,MF,ua Ukraine,25-262,1998,1.7,0,0,0,3,1,0,3,3,0,0,0,0,5,0,1,0.0,Matches
335,324,Xherdan Shaqiri,MF,ch Switzerland,32-256,1991,0.7,0,0,0,0,0,0,5,0,0,0,0,0,1,1,1,50.0,Matches
336,325,Vincent Sierro,MF,ch Switzerland,28-258,1995,0.2,1,0,0,1,0,0,0,0,0,0,0,0,2,0,1,0.0,Matches
338,326,Bernardo Silva,FW,pt Portugal,29-317,1994,1.0,0,0,0,0,1,0,3,0,0,0,0,0,6,0,1,0.0,Matches
339,327,Unai Simón,GK,es Spain,27-011,1997,2.0,0,0,0,0,0,0,0,0,0,0,0,0,2,0,1,0.0,Matches
340,328,Xavi Simons,"MF,FW",nl Netherlands,21-062,2003,1.5,0,0,0,3,2,0,0,2,2,0,0,0,4,0,1,0.0,Matches
341,329,Andreas Skov Olsen,FW,dk Denmark,24-176,1999,0.1,0,0,0,1,0,0,1,0,0,0,0,0,2,0,0,,Matches
342,330,Milan Škriniar,DF,sk Slovakia,29-132,1995,2.0,0,0,0,2,2,0,0,1,0,0,0,0,10,2,1,66.7,Matches
343,331,Bartosz Slisz,MF,pl Poland,25-085,1999,1.2,1,0,0,3,2,0,0,2,1,0,0,0,2,3,1,75.0,Matches
344,332,Yann Sommer,GK,ch Switzerland,35-188,1988,2.0,0,0,0,0,0,0,0,0,0,0,0,0,4,0,0,,Matches
345,333,Borna Sosa,DF,hr Croatia,26-153,1998,0.1,0,0,0,0,0,0,1,0,0,0,0,0,0,0,0,,Matches
346,334,Tomáš Souček,MF,cz Czechia,29-116,1995,1.0,0,0,0,1,0,0,0,3,0,0,0,0,6,0,0,,Matches
347,335,Andraž Šporar,FW,si Slovenia,30-116,1994,2.0,0,0,0,0,3,1,4,0,1,0,0,0,2,3,6,33.3,Matches
348,336,Nicolae Stanciu,MF,ro Romania,31-046,1993,1.0,0,0,0,0,3,0,2,1,0,0,0,0,4,0,0,,Matches
349,337,Jindřich Staněk,GK,cz Czechia,28-056,1996,1.0,0,0,0,0,0,0,0,0,0,0,0,0,0,0,0,,Matches
350,338,Josip Stanišić,DF,hr Croatia,24-081,2000,1.0,0,0,0,0,0,0,2,1,3,0,0,0,1,3,3,50.0,Matches
351,339,Taras Stepanenko,MF,ua Ukraine,34-319,1989,0.7,0,0,0,0,0,0,1,0,2,0,0,0,3,2,1,66.7,Matches
352,340,Leonidas Stergiou,DF,ch Switzerland,22-111,2002,0.3,0,0,0,2,0,0,0,0,2,0,0,0,0,0,2,0.0,Matches
353,341,Petar Stojanović,MF,si Slovenia,28-259,1995,1.6,1,0,0,2,1,0,0,0,2,0,0,0,12,1,2,33.3,Matches
354,342,John Stones,DF,eng England,30-025,1994,2.0,0,0,0,1,0,0,0,1,1,0,0,0,3,5,2,71.4,Matches
355,343,Thomas Strakosha,GK,al Albania,29-095,1995,2.0,0,0,0,0,0,0,0,0,0,0,0,0,1,0,0,,Matches
356,344,Dávid Strelec,FW,sk Slovakia,23-079,2001,0.6,0,0,0,2,0,0,0,0,0,0,0,0,2,3,0,100.0,Matches
357,345,Luka Sučić,"MF,FW",hr Croatia,21-288,2002,0.8,0,0,0,0,1,0,0,1,0,0,0,0,3,1,1,50.0,Matches
358,346,Heorhiy Sudakov,MF,ua Ukraine,21-295,2002,1.9,0,0,0,3,2,0,4,0,1,0,0,0,7,2,1,66.7,Matches
359,347,Pavel Šulc,MF,cz Czechia,23-176,2000,0.9,0,0,0,1,1,0,0,1,1,0,0,0,4,4,2,66.7,Matches
360,348,Tomáš Suslov,FW,sk Slovakia,22-015,2002,0.5,0,0,0,0,2,0,5,1,1,0,0,0,2,0,0,,Matches
361,349,Josip Šutalo,DF,hr Croatia,24-115,2000,2.0,0,0,0,5,5,0,0,10,3,0,0,0,11,3,1,75.0,Matches
362,350,Karol Świderski,FW,pl Poland,27-151,1997,0.7,0,0,0,1,0,1,3,0,0,0,0,0,1,0,2,0.0,Matches
364,351,Serhiy Sydorchuk,MF,ua Ukraine,33-051,1991,0.1,0,0,0,0,0,0,0,0,0,0,0,0,1,0,0,,Matches
365,352,Attila Szalai,DF,hu Hungary,26-154,1998,0.9,1,0,0,1,1,0,1,2,2,0,0,0,3,3,1,75.0,Matches
366,353,Wojciech Szczęsny,GK,pl Poland,34-065,1990,2.0,1,0,0,1,0,0,0,0,0,0,1,0,4,0,0,,Matches
367,354,Dominik Szoboszlai,MF,hu Hungary,23-241,2000,2.0,1,0,0,1,2,0,11,2,0,0,0,0,5,0,1,0.0,Matches
368,355,Sebastian Szymański,MF,pl Poland,25-043,1999,0.5,0,0,0,1,1,0,0,0,1,0,0,0,2,0,0,,Matches
369,356,Dušan Tadić,MF,rs Serbia,35-215,1988,1.2,1,0,0,1,4,0,7,1,1,0,0,0,4,1,3,25.0,Matches
370,357,Jonathan Tah,DF,de Germany,28-132,1996,2.0,1,0,0,3,1,1,0,2,0,0,0,0,5,4,2,66.7,Matches
371,358,Maksym Talovierov,MF,ua Ukraine,23-360,2000,0.0,0,0,0,0,0,0,0,0,0,0,0,0,0,0,0,,Matches
372,359,Aurélien Tchouaméni,MF,fr France,24-147,2000,1.0,0,0,0,2,1,0,2,0,0,0,0,0,3,1,0,100.0,Matches
373,360,Marcus Thuram,FW,fr France,26-321,1997,1.8,0,0,0,3,3,1,0,0,2,0,0,0,6,6,3,66.7,Matches
374,361,Youri Tielemans,MF,be Belgium,27-046,1997,0.2,1,0,0,1,0,0,0,0,1,0,0,0,1,0,0,,Matches
375,362,Kieran Tierney,DF,sct Scotland,27-017,1997,1.5,0,0,0,0,2,0,2,0,1,0,0,0,4,1,0,100.0,Matches
376,363,Ferrán Torres,FW,es Spain,24-114,2000,0.3,0,0,0,1,0,0,4,1,0,0,0,0,3,0,1,0.0,Matches
377,364,Gernot Trauner,DF,at Austria,32-089,1992,1.0,0,0,0,2,0,0,0,1,1,0,0,0,6,2,1,66.7,Matches
378,365,Kieran Trippier,DF,eng England,33-277,1990,2.0,0,0,0,0,3,1,0,2,1,0,0,0,13,4,0,100.0,Matches
379,366,Leandro Trossard,"FW,MF",be Belgium,29-201,1994,0.8,0,0,0,1,2,0,2,0,1,0,0,0,6,0,0,,Matches
380,367,Anatolii Trubin,GK,ua Ukraine,22-326,2001,1.0,0,0,0,0,0,0,0,0,0,0,0,0,1,0,0,,Matches
381,368,Heorhii Tsitaishvili,DF,ge Georgia,23-217,2000,0.8,0,0,0,1,1,0,4,0,1,0,0,0,2,0,2,0.0,Matches
382,369,Viktor Tsyhankov,FW,ua Ukraine,26-220,1997,0.7,0,0,0,0,1,0,5,0,0,0,0,0,1,0,0,,Matches
383,370,Oleksandr Tymchyk,DF,ua Ukraine,27-154,1997,1.2,0,0,0,1,1,0,7,2,1,0,0,0,4,0,0,,Matches
384,371,Deniz Undav,MF,de Germany,27-339,1996,0.1,0,0,0,1,0,0,0,0,1,0,0,0,0,0,0,,Matches
385,372,Dayot Upamecano,DF,fr France,25-239,1998,2.0,0,0,0,1,2,0,0,2,0,0,0,0,5,2,0,100.0,Matches
386,373,Kacper Urbanski,"FW,MF",pl Poland,19-289,2004,0.6,0,0,0,1,0,1,1,1,1,0,0,0,2,0,1,0.0,Matches
387,374,Virgil van Dijk,DF,nl Netherlands,32-350,1991,2.0,0,0,0,3,3,0,0,0,1,0,0,0,4,7,1,87.5,Matches
388,375,Barnabás Varga,FW,hu Hungary,30-149,1994,2.0,1,0,0,2,3,2,0,1,1,0,0,0,3,11,8,57.9,Matches
390,376,Ruben Vargas,"MF,FW",ch Switzerland,25-322,1998,1.6,0,0,0,1,1,1,7,1,1,0,0,0,7,1,4,20.0,Matches
391,377,Denis Vavro,DF,sk Slovakia,28-073,1996,2.0,0,0,0,0,1,1,1,1,0,0,0,0,12,4,0,100.0,Matches
392,378,Joey Veerman,MF,nl Netherlands,25-216,1998,0.9,1,0,0,1,0,0,5,0,1,0,0,0,8,1,0,100.0,Matches
393,379,Miloš Veljković,DF,rs Serbia,28-270,1995,2.0,0,0,0,1,0,0,1,0,0,0,0,0,6,2,5,28.6,Matches
394,380,Micky van de Ven,DF,nl Netherlands,23-064,2001,0.0,0,0,0,0,0,0,0,0,0,0,0,0,0,0,0,,Matches
395,381,Benjamin Verbič,MF,si Slovenia,30-208,1993,0.4,0,0,0,1,0,0,0,1,0,0,0,0,1,1,2,33.3,Matches
396,382,Bart Verbruggen,GK,nl Netherlands,21-309,2002,2.0,0,0,0,0,0,0,0,0,0,0,0,0,3,0,0,,Matches
397,383,Jannik Vestergaard,DF,dk Denmark,31-324,1992,2.0,1,0,0,2,1,0,0,2,0,0,0,0,7,6,5,54.5,Matches
398,384,Žan Vipotnik,FW,si Slovenia,22-096,2002,0.2,1,0,0,1,0,0,0,0,0,0,0,0,0,2,0,100.0,Matches
399,385,Vitinha,MF,pt Portugal,24-130,2000,1.0,0,0,0,0,3,0,7,1,2,0,0,0,8,0,0,,Matches
400,386,Dušan Vlahović,"MF,FW",rs Serbia,24-146,2000,1.7,0,0,0,3,1,0,0,1,0,0,0,0,1,1,3,25.0,Matches
401,387,Stefan de Vrij,DF,nl Netherlands,32-138,1992,2.0,0,0,0,1,0,0,0,0,4,0,0,0,5,3,2,60.0,Matches
402,388,Kyle Walker,DF,eng England,34-025,1990,2.0,0,0,0,1,0,0,1,1,0,0,0,0,9,4,1,80.0,Matches
403,389,Ollie Watkins,FW,eng England,28-175,1995,0.2,0,0,0,0,0,0,0,1,0,0,0,0,0,1,3,25.0,Matches
404,390,Wout Weghorst,FW,nl Netherlands,31-320,1992,0.2,0,0,0,0,2,1,0,0,0,0,0,0,1,2,3,40.0,Matches
405,391,Silvan Widmer,DF,ch Switzerland,31-109,1993,1.7,1,0,0,3,1,2,3,2,0,0,0,0,4,1,5,16.7,Matches
406,392,Georginio Wijnaldum,MF,nl Netherlands,33-224,1990,0.5,0,0,0,0,2,0,0,0,0,0,0,0,0,1,0,100.0,Matches
407,393,Nico Williams,FW,es Spain,21-346,2002,1.6,0,0,0,3,1,1,7,0,0,0,0,0,5,1,1,50.0,Matches
408,394,Patrick Wimmer,"MF,FW",at Austria,23-023,2001,0.8,1,0,0,1,2,0,7,0,1,0,0,0,6,1,2,33.3,Matches
409,395,Jonas Wind,FW,dk Denmark,25-136,1999,1.5,0,0,0,1,4,1,1,0,0,0,0,0,2,4,2,66.7,Matches
410,396,Florian Wirtz,FW,de Germany,21-050,2003,1.3,0,0,0,1,1,1,1,0,1,0,0,0,4,0,3,0.0,Matches
411,397,Maximilian Wöber,DF,at Austria,26-139,1998,0.6,1,0,0,1,0,0,1,1,2,0,0,1,4,1,1,50.0,Matches
412,398,Granit Xhaka,MF,ch Switzerland,31-269,1992,2.0,0,0,0,1,1,0,1,0,2,0,0,0,9,4,2,66.7,Matches
413,399,Lamine Yamal,FW,es Spain,16-345,2007,1.7,0,0,0,2,0,1,6,0,1,0,0,0,3,0,0,,Matches
414,400,Roman Yaremchuk,FW,ua Ukraine,28-208,1995,0.6,1,0,0,3,0,1,0,0,0,0,0,0,2,1,2,33.3,Matches
416,401,Andriy Yarmolenko,"FW,MF",ua Ukraine,34-243,1989,1.0,0,0,0,2,2,2,3,1,2,0,0,0,4,1,0,100.0,Matches
417,402,Yusuf Yazıcı,FW,tr Türkiye,27-145,1997,0.1,0,0,0,0,0,0,0,0,1,0,0,0,1,1,1,50.0,Matches
418,403,Kenan Yıldız,FW,tr Türkiye,19-049,2005,0.9,0,0,0,0,0,1,0,0,0,0,0,0,3,1,1,50.0,Matches
419,404,Illia Zabarnyi,DF,ua Ukraine,21-295,2002,2.0,0,0,0,0,0,0,0,1,2,0,0,0,5,2,1,66.7,Matches
420,405,Mattia Zaccagni,"FW,MF",it Italy,29-006,1995,0.3,0,0,0,0,1,0,1,0,0,0,0,0,2,1,0,100.0,Matches
421,406,Nicola Zalewski,DF,pl Poland,22-151,2002,2.0,0,0,0,1,5,0,7,1,1,0,0,0,15,0,0,,Matches
422,407,Piotr Zieliński,MF,pl Poland,30-033,1994,1.8,0,0,0,0,1,0,9,1,0,0,0,0,8,1,0,100.0,Matches
423,408,Oleksandr Zinchenko,DF,ua Ukraine,27-190,1996,2.0,0,0,0,0,1,0,3,1,5,0,0,0,12,7,4,63.6,Matches
424,409,Andrija Živković,DF,rs Serbia,27-347,1996,1.7,0,0,0,1,0,0,11,0,1,0,0,0,8,0,4,0.0,Matches
425,410,Budu Zivzivadze,MF,ge Georgia,30-104,1994,0.1,0,0,0,0,0,0,0,0,0,0,0,0,0,0,1,0.0,Matches
426,411,Martín Zubimendi,MF,es Spain,25-141,1999,0.1,0,0,0,0,0,0,0,0,1,0,0,0,1,0,1,0.0,Matches
427,412,Oleksandr Zubkov,FW,ua Ukraine,27-324,1996,0.3,0,0,0,1,1,1,0,0,0,0,0,0,0,0,0,,Matches
