,Rk,Player,Pos,Squad,Age,Born,90s,Att,Live,Dead,FK,TB,Sw,Crs,TI,CK,In,Out,Str,Cmp,Off,Blocks,Matches
0,1,Che Adams,FW,sct Scotland,27-364,1996,2.3,31,28,3,0,0,1,1,0,0,0,0,0,27,0,0,Matches
1,2,Michel Aebischer,DF,ch Switzerland,27-187,1997,5.3,252,219,32,4,3,2,3,28,0,0,0,0,221,1,0,Matches
2,3,Arlind Ajeti,DF,al Albania,30-290,1993,3.0,112,105,6,6,0,1,0,0,0,0,0,0,93,1,2,Matches
3,4,Manuel Akanji,DF,ch Switzerland,28-358,1995,5.3,331,304,26,11,0,0,0,0,0,0,0,0,304,1,2,Matches
4,5,Samet Akaydın,DF,tr Türkiye,30-120,1994,3.7,206,197,9,6,1,0,0,0,0,0,0,0,185,0,0,Matches
5,6,Nathan Aké,DF,nl Netherlands,29-144,1995,5.2,274,227,44,11,0,0,1,33,0,0,0,0,239,3,5,Matches
6,7,Yunus Akgün,FW,tr Türkiye,24-004,2000,0.8,17,16,1,0,0,0,3,0,1,1,0,0,14,0,1,Matches
7,8,Kerem Aktürkoğlu,"FW,MF",tr Türkiye,25-264,1998,1.2,38,36,1,0,1,0,3,1,0,0,0,0,22,1,1,Matches
8,9,Trent Alexander-Arnold,"MF,DF",eng England,25-278,1998,1.5,101,97,4,3,0,3,5,0,1,0,1,0,84,0,2,Matches
9,10,Denis Alibec,FW,ro Romania,33-188,1991,0.3,4,2,2,0,0,0,0,0,0,0,0,0,4,0,0,Matches
10,11,Barış Alper Yılmaz,FW,tr Türkiye,24-049,2000,5.0,105,98,7,1,2,1,8,0,1,0,0,0,80,0,1,Matches
11,12,Sandro Altunashvili,MF,ge Georgia,27-053,1997,0.6,16,16,0,0,0,0,1,0,0,0,0,0,13,0,0,Matches
12,13,Zeki Amdouni,"MF,FW",ch Switzerland,23-220,2000,0.6,14,13,0,0,0,0,0,0,0,0,0,0,9,1,0,Matches
13,14,Joachim Andersen,DF,dk Denmark,28-041,1996,4.0,298,290,7,6,1,5,5,1,0,0,0,0,249,1,2,Matches
14,15,Robert Andrich,MF,de Germany,29-293,1994,3.5,232,231,1,1,1,0,1,0,0,0,0,0,208,0,3,Matches
15,16,Waldemar Anton,DF,de Germany,27-357,1996,0.4,24,23,1,0,0,0,0,1,0,0,0,0,20,0,0,Matches
16,17,Stuart Armstrong,MF,sct Scotland,32-103,1992,0.2,10,8,2,0,0,0,3,1,1,1,0,0,7,0,0,Matches
17,18,Marko Arnautović,FW,at Austria,35-083,1989,3.1,54,52,2,1,0,0,2,0,0,0,0,0,39,0,4,Matches
18,19,Jasir Asani,FW,al Albania,29-053,1995,2.3,38,38,0,0,1,0,4,0,0,0,0,0,31,0,0,Matches
19,20,Kristjan Asllani,MF,al Albania,22-124,2002,3.0,189,168,20,15,2,6,13,0,5,5,0,0,155,1,3,Matches
20,21,Kaan Ayhan,"MF,DF",tr Türkiye,29-244,1994,4.0,179,169,9,8,2,4,1,1,0,0,0,0,156,1,2,Matches
21,22,Alex Baena,"MF,FW",es Spain,22-357,2001,0.3,12,11,1,0,0,0,0,0,1,0,0,0,11,0,0,Matches
22,23,Alexander Bah,"DF,MF",dk Denmark,26-215,1997,3.1,164,145,19,0,0,1,6,19,0,0,0,0,127,0,4,Matches
23,24,Nedim Bajrami,"FW,MF",al Albania,25-134,1999,2.7,80,75,4,0,1,0,4,0,1,1,0,0,61,1,1,Matches
24,25,Johan Bakayoko,"FW,DF",be Belgium,21-082,2003,0.5,21,21,0,0,0,0,0,0,0,0,0,0,18,0,0,Matches
26,26,Jure Balkovec,DF,si Slovenia,29-306,1994,1.3,37,21,16,0,0,0,1,16,0,0,0,0,24,0,0,Matches
27,27,Iván Balliu,DF,al Albania,32-192,1992,1.0,43,35,8,1,0,0,0,7,0,0,0,0,33,0,2,Matches
28,28,Nicușor Bancu,DF,ro Romania,31-297,1992,3.0,139,107,29,2,0,0,5,27,0,0,0,0,103,3,4,Matches
29,29,Antonín Barák,MF,cz Czechia,29-221,1994,0.5,24,22,1,0,0,0,1,0,0,0,0,0,20,1,0,Matches
30,30,Bradley Barcola,"FW,MF",fr France,21-313,2002,1.1,32,32,0,0,0,0,1,0,0,0,0,0,27,0,1,Matches
31,31,Abdülkerim Bardakcı,DF,tr Türkiye,29-308,1994,4.0,211,200,10,6,0,4,1,0,0,0,0,0,182,1,2,Matches
32,32,Nicolò Barella,MF,it Italy,27-155,1997,3.7,261,256,3,2,1,1,2,0,0,0,0,0,239,2,2,Matches
33,33,Alessandro Bastoni,DF,it Italy,25-089,1999,4.0,333,315,18,9,0,0,1,2,0,0,0,0,306,0,3,Matches
34,34,Martin Baturina,FW,hr Croatia,21-146,2003,0.1,4,4,0,0,0,0,0,0,0,0,0,0,2,0,0,Matches
35,35,Christoph Baumgartner,"MF,FW",at Austria,24-345,1999,3.2,105,101,3,0,3,1,6,1,0,0,0,0,72,1,4,Matches
36,36,Altay Bayındır,GK,tr Türkiye,26-088,1998,1.0,35,31,4,2,0,0,0,0,0,0,0,0,29,0,0,Matches
37,37,Jan Bednarek,DF,pl Poland,28-090,1996,3.0,101,86,14,7,0,1,0,7,0,0,0,0,89,1,0,Matches
38,38,Maximilian Beier,FW,de Germany,21-268,2002,0.3,7,7,0,0,0,0,1,0,0,0,0,0,3,0,2,Matches
39,39,Jude Bellingham,MF,eng England,21-012,2003,6.4,332,325,6,3,2,3,8,3,0,0,0,0,290,1,6,Matches
40,40,László Bénes,MF,sk Slovakia,26-306,1997,0.8,52,47,5,2,1,1,6,0,3,2,1,0,41,0,1,Matches
41,41,Bartosz Bereszyński,DF,pl Poland,31-365,1992,0.1,2,2,0,0,0,0,1,0,0,0,0,0,1,0,1,Matches
42,42,Steven Bergwijn,FW,nl Netherlands,26-277,1997,1.0,49,49,0,0,0,0,2,0,0,0,0,0,40,0,2,Matches
43,43,Medon Berisha,MF,al Albania,20-264,2003,0.2,10,10,0,0,0,0,0,0,0,0,0,0,7,0,0,Matches
44,44,Victor Bernth Kristiansen,"DF,MF",dk Denmark,21-208,2002,1.7,92,83,9,0,0,0,4,9,0,0,0,0,72,0,1,Matches
45,45,Matúš Bero,"MF,DF",sk Slovakia,28-309,1995,0.5,24,21,3,0,0,0,2,3,0,0,0,0,17,0,1,Matches
46,46,Jaka Bijol,DF,si Slovenia,25-157,1999,4.3,130,124,6,4,2,1,1,0,0,0,0,0,107,0,1,Matches
47,47,Veljko Birmančević,DF,rs Serbia,26-128,1998,0.3,16,12,4,2,0,0,5,2,0,0,0,0,10,0,1,Matches
48,48,Daley Blind,FW,nl Netherlands,34-124,1990,0.0,0,0,0,0,0,0,0,0,0,0,0,0,0,0,0,Matches
49,49,Bendegúz Bolla,DF,hu Hungary,24-232,1999,2.3,63,56,7,0,0,0,8,7,0,0,0,0,45,0,2,Matches
50,50,Endre Botka,DF,hu Hungary,29-321,1994,1.0,45,33,12,0,0,0,0,12,0,0,0,0,37,0,1,Matches
52,51,Jarrod Bowen,FW,eng England,27-204,1996,0.4,14,12,2,0,0,0,3,0,2,2,0,0,10,0,0,Matches
53,52,Róbert Boženík,FW,sk Slovakia,24-236,1999,2.3,38,34,4,0,0,0,2,0,0,0,0,0,25,0,2,Matches
54,53,Volodymyr Brazhko,MF,ua Ukraine,22-170,2002,2.0,81,81,0,0,0,0,0,0,0,0,0,0,71,0,0,Matches
55,54,David Brekalo,MF,si Slovenia,25-221,1998,0.0,1,1,0,0,0,0,0,0,0,0,0,0,1,0,0,Matches
56,55,Brian Brobbey,FW,nl Netherlands,22-161,2002,0.0,0,0,0,0,0,0,0,0,0,0,0,0,0,0,0,Matches
57,56,Armando Broja,FW,al Albania,22-305,2001,1.2,15,15,0,0,0,0,0,0,0,0,0,0,9,0,1,Matches
58,57,Marcelo Brozović,MF,hr Croatia,31-238,1992,2.5,188,183,5,4,1,1,4,1,0,0,0,0,170,0,1,Matches
59,58,Jacob Bruun Larsen,FW,dk Denmark,25-296,1998,0.1,6,5,0,0,0,0,1,0,0,0,0,0,3,1,0,Matches
60,59,Ante Budimir,FW,hr Croatia,32-355,1991,1.4,16,15,1,0,0,0,1,0,0,0,0,0,8,0,1,Matches
61,60,Adam Buksa,FW,pl Poland,27-365,1996,1.7,13,11,2,0,0,0,0,0,0,0,0,0,11,0,0,Matches
62,61,Andrei Burcă,DF,ro Romania,31-087,1993,4.0,141,132,9,5,0,3,1,4,0,0,0,0,113,0,2,Matches
63,62,Riccardo Calafiori,DF,it Italy,22-053,2002,3.0,232,228,4,4,0,3,1,0,0,0,0,0,215,0,2,Matches
64,63,Hakan Çalhanoğlu,MF,tr Türkiye,30-154,1994,3.9,261,238,23,9,0,2,16,0,13,6,4,0,232,0,0,Matches
65,64,Eduardo Camavinga,MF,fr France,21-244,2002,1.9,86,86,0,0,0,0,0,0,0,0,0,0,74,0,2,Matches
66,65,Andrea Cambiaso,"FW,DF",it Italy,24-142,2000,0.8,48,46,2,0,0,0,5,1,1,1,0,0,38,0,1,Matches
67,66,Emre Can,MF,de Germany,30-181,1994,1.1,70,68,2,2,0,0,0,0,0,0,0,0,65,0,1,Matches
68,67,João Cancelo,"DF,MF",pt Portugal,30-045,1994,3.8,259,230,27,1,2,4,9,26,0,0,0,0,224,2,7,Matches
69,68,Yannick Carrasco,"DF,FW",be Belgium,30-311,1993,2.4,98,93,5,1,1,0,3,4,0,0,0,0,84,0,1,Matches
70,69,Dani Carvajal,DF,es Spain,32-182,1992,4.2,253,228,25,5,0,1,6,20,0,0,0,0,229,0,3,Matches
71,70,Timothy Castagne,DF,be Belgium,28-219,1995,4.0,221,187,34,3,0,0,5,31,0,0,0,0,187,0,4,Matches
72,71,Koen Casteels,GK,be Belgium,32-016,1992,4.0,143,103,39,4,0,0,0,0,0,0,0,0,119,1,0,Matches
73,72,Žan Celar,"FW,MF",si Slovenia,25-119,1999,0.7,18,17,1,0,0,0,0,0,0,0,0,0,15,0,0,Matches
74,73,Zeki Çelik,"DF,MF",tr Türkiye,27-145,1997,1.2,55,46,9,2,0,0,6,7,0,0,0,0,44,0,5,Matches
75,74,Václav Černý,MF,cz Czechia,26-268,1997,0.6,33,29,4,0,0,1,5,0,4,1,3,0,26,0,1,Matches
76,75,Giorgi Chakvetadze,"MF,FW",ge Georgia,24-317,1999,2.7,93,88,5,0,0,1,4,1,4,3,1,0,79,0,1,Matches
78,76,Federico Chiesa,"FW,MF",it Italy,26-260,1997,2.9,104,100,3,1,1,1,17,0,2,1,1,0,69,1,9,Matches
79,77,Tomáš Chorý,MF,cz Czechia,29-167,1995,0.4,6,6,0,0,0,0,0,0,0,0,0,0,2,0,1,Matches
80,78,Andreas Christensen,DF,dk Denmark,28-092,1996,3.9,231,228,3,3,0,0,0,0,0,0,0,0,218,0,1,Matches
81,79,Ryan Christie,"MF,FW",sct Scotland,29-140,1995,1.1,20,17,3,0,0,0,1,1,0,0,0,0,15,0,1,Matches
82,80,Mojmir Chytil,FW,cz Czechia,25-073,1999,1.2,15,14,1,0,0,0,2,0,0,0,0,0,6,0,3,Matches
83,81,Alexandru Cicâldău,MF,ro Romania,27-003,1997,0.2,5,5,0,0,0,0,0,0,0,0,0,0,2,0,0,Matches
84,82,Florinel Coman,MF,ro Romania,26-092,1998,1.3,28,26,2,0,0,0,1,2,0,0,0,0,20,0,2,Matches
85,83,Kingsley Coman,MF,fr France,28-028,1996,0.2,10,10,0,0,0,0,0,0,0,0,0,0,9,0,0,Matches
86,84,Francisco Conceição,"FW,MF",pt Portugal,21-210,2002,2.0,129,127,2,0,0,0,16,2,0,0,0,0,101,0,5,Matches
87,85,Diogo Costa,GK,pt Portugal,24-296,1999,5.7,155,122,33,6,0,0,0,1,0,0,0,0,140,0,0,Matches
88,86,Vladimír Coufal,"DF,FW",cz Czechia,31-324,1992,3.0,149,110,39,2,0,0,22,30,7,1,5,0,103,0,5,Matches
89,87,Bryan Cristante,MF,it Italy,29-130,1995,1.5,114,113,1,1,0,1,3,0,0,0,0,0,101,0,0,Matches
90,88,Kevin Csoboth,DF,hu Hungary,24-021,2000,0.1,8,6,2,2,0,0,0,0,0,0,0,0,6,0,0,Matches
91,89,Marc Cucurella,DF,es Spain,25-355,1998,5.1,323,287,36,3,1,0,4,33,0,0,0,0,289,0,7,Matches
92,90,Mirlind Daku,FW,al Albania,26-192,1998,0.1,5,5,0,0,0,0,0,0,0,0,0,0,4,0,0,Matches
93,91,Diogo Dalot,"DF,MF",pt Portugal,25-115,1999,1.7,100,94,6,0,0,0,3,6,0,0,0,0,91,0,2,Matches
94,92,Mikkel Damsgaard,FW,dk Denmark,24-008,2000,0.4,14,14,0,0,0,0,1,0,0,0,0,0,10,0,0,Matches
95,93,Kevin Danso,DF,at Austria,25-296,1998,2.4,169,163,6,5,1,1,0,0,0,0,0,0,147,0,2,Matches
96,94,Márton Dárdai,DF,hu Hungary,22-150,2002,1.9,95,83,10,3,0,3,0,6,0,0,0,0,66,2,0,Matches
97,95,Matteo Darmian,DF,it Italy,34-222,1989,1.8,107,98,9,1,0,0,1,8,0,0,0,0,97,0,2,Matches
98,96,Zuriko Davitashvili,"FW,MF",ge Georgia,23-147,2001,1.3,37,36,1,0,0,0,1,0,1,0,1,0,33,0,0,Matches
99,97,Paweł Dawidowicz,DF,pl Poland,29-052,1995,2.0,79,75,4,2,0,0,0,0,0,0,0,0,74,0,1,Matches
100,98,Kevin De Bruyne,MF,be Belgium,33-013,1991,4.0,227,189,37,9,7,3,21,5,20,7,4,1,164,1,7,Matches
101,99,Charles De Ketelaere,FW,be Belgium,23-123,2001,0.0,0,0,0,0,0,0,0,0,0,0,0,0,0,0,0,Matches
102,100,Zeno Debast,DF,be Belgium,20-261,2003,1.2,109,102,6,1,1,1,0,5,0,0,0,0,97,1,0,Matches
104,101,Thomas Delaney,MF,dk Denmark,32-312,1991,0.9,35,35,0,0,0,0,1,0,0,0,0,0,22,0,0,Matches
105,102,Ousmane Dembélé,"FW,MF",fr France,27-057,1997,4.0,176,154,22,4,2,1,36,2,16,3,8,0,119,0,9,Matches
106,103,Merih Demiral,DF,tr Türkiye,26-128,1998,2.3,94,86,8,6,0,0,2,0,0,0,0,0,82,0,0,Matches
107,104,Giovanni Di Lorenzo,"DF,FW",it Italy,30-342,1993,4.0,323,275,48,13,2,0,2,35,0,0,0,0,285,0,3,Matches
108,105,Rúben Dias,DF,pt Portugal,27-058,1997,4.7,411,396,14,10,0,0,3,0,0,0,0,0,382,1,1,Matches
109,106,Federico Dimarco,"DF,FW",it Italy,26-244,1997,2.5,125,100,23,2,0,1,12,15,6,2,2,0,99,2,7,Matches
110,107,Berat Djimsiti,DF,al Albania,31-143,1993,3.0,144,140,3,3,0,1,0,0,0,0,0,0,127,1,0,Matches
111,108,Jeremy Doku,"FW,MF",be Belgium,22-045,2002,3.6,113,108,4,0,1,2,8,4,0,0,0,0,89,1,6,Matches
112,109,Kasper Dolberg,FW,dk Denmark,26-279,1997,0.4,10,10,0,0,0,0,1,0,0,0,0,0,7,0,0,Matches
113,110,Gianluigi Donnarumma,GK,it Italy,25-137,1999,4.0,102,81,21,5,0,0,0,0,0,0,0,0,87,0,0,Matches
114,111,David Doudera,FW,cz Czechia,26-041,1998,1.0,24,23,1,0,0,0,1,1,0,0,0,0,18,0,0,Matches
115,112,Artem Dovbyk,FW,ua Ukraine,27-020,1997,2.7,34,28,6,0,0,0,0,1,0,0,0,0,27,0,2,Matches
116,113,Denis Drăguș,FW,ro Romania,25-005,1999,3.2,54,51,3,0,0,0,1,0,0,0,0,0,35,0,1,Matches
117,114,Radu Drăgușin,DF,ro Romania,22-159,2002,4.0,106,97,9,7,1,1,0,2,0,0,0,0,90,0,0,Matches
118,115,Vanja Drkušič,DF,si Slovenia,24-255,1999,4.3,109,105,4,4,0,1,1,0,0,0,0,0,84,0,1,Matches
119,116,Kwadwo Duah,FW,ch Switzerland,27-138,1997,1.2,25,23,2,0,0,0,1,0,0,0,0,0,13,0,0,Matches
120,117,Martin Dúbravka,GK,sk Slovakia,35-178,1989,4.3,162,122,39,16,0,0,0,0,0,0,0,0,108,1,0,Matches
121,118,Ondrej Duda,MF,sk Slovakia,29-219,1994,3.5,170,162,8,3,0,1,9,0,5,1,4,0,138,0,4,Matches
122,119,Denzel Dumfries,DF,nl Netherlands,28-084,1996,5.0,271,219,51,0,0,2,18,51,0,0,0,0,220,1,8,Matches
123,120,Dávid Ďuriš,"FW,MF",sk Slovakia,25-111,1999,0.3,2,2,0,0,0,0,0,0,0,0,0,0,1,0,1,Matches
124,121,Lasha Dvali,DF,ge Georgia,29-058,1995,4.0,132,127,5,5,0,0,0,0,0,0,0,0,115,0,1,Matches
125,122,Timi Elšnik,MF,si Slovenia,26-073,1998,4.0,117,115,2,2,0,0,4,0,0,0,0,0,87,0,2,Matches
126,123,Breel Embolo,FW,ch Switzerland,27-148,1997,3.3,46,44,2,0,2,0,1,0,0,0,0,0,39,0,1,Matches
127,124,Christian Eriksen,"MF,FW",dk Denmark,32-148,1992,3.9,215,179,36,9,1,4,32,1,26,11,9,3,159,0,5,Matches
128,125,Eberechi Eze,"DF,MF",eng England,26-012,1998,1.1,40,37,3,1,0,0,5,0,2,1,1,0,30,0,1,Matches
130,126,Wout Faes,DF,be Belgium,26-099,1998,4.0,290,277,12,5,0,2,0,1,0,0,0,0,255,1,1,Matches
131,127,Nicolò Fagioli,MF,it Italy,23-150,2001,1.1,104,97,7,2,0,1,4,0,3,2,1,0,87,0,0,Matches
132,128,João Félix,"MF,FW",pt Portugal,24-244,1999,1.2,77,70,6,1,1,0,7,1,4,1,1,0,67,1,0,Matches
133,129,Bruno Fernandes,MF,pt Portugal,29-307,1994,4.2,297,267,27,7,3,2,32,0,17,8,4,1,221,3,5,Matches
134,130,Attila Fiola,DF,hu Hungary,34-145,1990,2.0,73,67,6,2,0,0,1,4,0,0,0,0,57,0,1,Matches
135,131,Phil Foden,"FW,MF",eng England,24-044,2000,5.9,348,323,22,10,2,0,25,3,7,3,4,0,294,3,3,Matches
136,132,Youssouf Fofana,MF,fr France,25-183,1999,0.5,29,29,0,0,0,0,0,0,0,0,0,0,25,0,1,Matches
137,133,Michael Folorunsho,FW,it Italy,26-155,1998,0.0,2,2,0,0,0,0,0,0,0,0,0,0,0,0,0,Matches
138,134,Przemysław Frankowski,DF,pl Poland,29-090,1995,3.0,125,113,12,1,1,1,7,11,0,0,0,0,92,0,9,Matches
139,135,Davide Frattesi,MF,it Italy,24-263,1999,2.1,60,60,0,0,0,0,2,0,0,0,0,0,44,0,6,Matches
140,136,Remo Freuler,MF,ch Switzerland,32-087,1992,5.1,233,225,8,4,0,0,0,2,0,0,0,0,204,0,5,Matches
141,137,Jeremie Frimpong,FW,nl Netherlands,23-214,2000,1.0,25,25,0,0,0,0,0,0,0,0,0,0,21,0,1,Matches
142,138,Chris Führich,FW,de Germany,26-184,1998,0.2,14,14,0,0,0,0,0,0,0,0,0,0,13,0,0,Matches
143,139,Niclas Füllkrug,FW,de Germany,31-153,1993,1.8,37,35,1,0,0,0,0,0,0,0,0,0,25,1,0,Matches
144,140,Mijat Gaćinović,DF,rs Serbia,29-154,1995,0.5,24,20,4,0,0,0,3,4,0,0,0,0,16,0,0,Matches
145,141,Cody Gakpo,FW,nl Netherlands,25-065,1999,5.8,133,128,4,1,1,0,22,3,0,0,0,0,93,1,4,Matches
146,142,Conor Gallagher,MF,eng England,24-156,2000,1.3,51,51,0,0,0,0,0,0,0,0,0,0,45,0,0,Matches
147,143,Dániel Gazdag,MF,hu Hungary,28-131,1996,0.0,3,3,0,0,0,0,0,0,0,0,0,0,3,0,0,Matches
148,144,Lutsharel Geertruida,DF,nl Netherlands,23-359,2000,1.2,81,71,10,1,0,0,1,9,0,0,0,0,74,0,0,Matches
149,145,Billy Gilmour,MF,sct Scotland,23-030,2001,2.0,113,108,4,3,0,0,4,0,0,0,0,0,95,1,2,Matches
150,146,Olivier Giroud,FW,fr France,37-285,1986,0.7,13,12,1,0,0,0,0,0,0,0,0,0,8,0,1,Matches
151,147,Klaus Gjasula,MF,al Albania,34-210,1989,0.2,11,11,0,0,0,0,0,0,0,0,0,0,7,0,1,Matches
152,148,Adam Gnezda Čerin,MF,si Slovenia,24-361,1999,4.3,164,143,20,8,0,1,10,0,12,2,4,0,127,1,0,Matches
153,149,Anthony Gordon,FW,eng England,23-138,2001,0.0,3,2,1,0,0,0,0,1,0,0,0,0,3,0,0,Matches
154,150,Jon Gorenc Stanković,MF,si Slovenia,28-179,1996,1.0,23,21,0,0,0,0,0,0,0,0,0,0,16,2,0,Matches
156,151,Michael Gregoritsch,FW,at Austria,30-084,1994,1.4,32,29,2,0,0,0,1,0,0,0,0,0,23,1,0,Matches
157,152,Antoine Griezmann,"MF,FW",fr France,33-112,1991,4.4,194,164,30,12,1,3,27,1,16,7,4,0,151,0,3,Matches
158,153,Florian Grillitsch,MF,at Austria,28-339,1995,2.2,162,158,4,3,1,1,2,1,0,0,0,0,135,0,2,Matches
159,154,Álex Grimaldo,DF,es Spain,28-295,1995,1.3,102,90,12,1,0,0,16,5,6,3,2,0,88,0,0,Matches
160,155,Pascal Groß,MF,de Germany,33-026,1991,0.5,69,68,0,0,0,0,1,0,0,0,0,0,65,1,0,Matches
161,156,Kamil Grosicki,MF,pl Poland,36-033,1988,0.2,5,4,1,0,0,0,2,0,1,0,1,0,1,0,0,Matches
162,157,Nemanja Gudelj,MF,rs Serbia,32-238,1991,1.0,64,60,4,4,0,1,0,0,0,0,0,0,61,0,0,Matches
163,158,Marc Guéhi,DF,eng England,23-364,2000,5.3,423,413,10,10,0,2,0,0,0,0,0,0,397,0,1,Matches
164,159,Péter Gulácsi,GK,hu Hungary,34-066,1990,3.0,97,72,25,11,0,0,0,0,0,0,0,0,74,0,0,Matches
165,160,Arda Güler,"FW,MF",tr Türkiye,19-137,2005,3.8,197,171,26,2,1,1,26,1,17,11,4,0,162,0,1,Matches
166,161,İlkay Gündoğan,MF,de Germany,33-261,1990,4.3,167,165,2,1,1,0,3,1,0,0,0,0,142,0,4,Matches
167,162,Angus Gunn,GK,sct Scotland,28-171,1996,3.0,117,79,38,16,0,0,0,0,0,0,0,0,72,0,0,Matches
168,163,Mert Günok,GK,tr Türkiye,35-132,1989,4.0,129,81,47,17,0,1,0,0,0,0,0,0,83,1,0,Matches
169,164,Joško Gvardiol,DF,hr Croatia,22-170,2002,3.0,158,140,18,2,1,1,0,16,0,0,0,0,144,0,1,Matches
170,165,Giorgi Gwelesiani,DF,ge Georgia,33-067,1991,1.8,36,36,0,0,0,0,0,0,0,0,0,0,26,0,0,Matches
171,166,Norbert Gyömbér,DF,sk Slovakia,32-008,1992,0.4,36,36,0,0,0,0,1,0,0,0,0,0,35,0,0,Matches
172,167,Ianis Hagi,MF,ro Romania,25-263,1998,2.1,67,63,4,1,1,1,8,1,2,0,1,0,41,0,4,Matches
173,168,Dávid Hancko,DF,sk Slovakia,26-211,1997,4.1,188,147,40,3,0,2,11,37,0,0,0,0,134,1,7,Matches
174,169,Grant Hanley,DF,sct Scotland,32-234,1991,2.5,136,136,0,0,0,1,0,0,0,0,0,0,112,0,0,Matches
175,170,Lukáš Haraslín,FW,sk Slovakia,28-046,1996,2.9,71,57,13,3,0,0,14,2,7,1,5,0,50,1,1,Matches
176,171,Kai Havertz,"FW,MF",de Germany,25-030,1999,4.3,116,110,6,0,1,0,1,0,0,0,0,0,95,0,4,Matches
177,172,Jack Hendry,DF,sct Scotland,29-065,1995,2.9,131,112,18,8,0,1,1,10,0,0,0,0,105,1,1,Matches
178,173,Benjamin Henrichs,DF,de Germany,27-139,1997,0.1,5,4,1,0,0,0,0,1,0,0,0,0,4,0,0,Matches
179,174,Theo Hernández,DF,fr France,26-279,1997,6.3,394,361,33,6,0,0,11,27,0,0,0,0,354,0,7,Matches
180,175,Morten Hjulmand,MF,dk Denmark,25-016,1999,2.7,217,212,4,4,0,2,2,0,0,0,0,0,192,1,2,Matches
182,176,Adam Hložek,MF,cz Czechia,21-352,2002,1.2,16,15,1,0,0,0,0,0,0,0,0,0,15,0,0,Matches
183,177,Tomáš Holeš,DF,cz Czechia,31-102,1993,3.0,121,116,5,4,0,0,5,1,0,0,0,0,92,0,2,Matches
184,178,Arbër Hoxha,"FW,MF",al Albania,25-279,1998,0.6,21,19,1,0,0,0,1,1,0,0,0,0,15,1,1,Matches
185,179,Robin Hranáč,DF,cz Czechia,24-164,2000,3.0,86,81,5,4,0,0,0,1,0,0,0,0,74,0,0,Matches
186,180,Elseid Hysaj,DF,al Albania,30-142,1994,2.0,59,52,7,0,0,1,3,7,0,0,0,0,48,0,1,Matches
187,181,Pierre Højbjerg,MF,dk Denmark,28-341,1995,3.9,302,294,7,6,0,4,6,1,0,0,0,0,268,1,3,Matches
188,182,Rasmus Højlund,FW,dk Denmark,21-158,2003,3.2,55,46,8,0,0,0,1,0,0,0,0,0,43,1,1,Matches
189,183,Ivan Ilić,MF,rs Serbia,23-116,2001,2.2,149,141,8,6,0,1,4,1,1,1,0,0,139,0,0,Matches
190,184,Josip Iličić,"FW,MF",si Slovenia,36-164,1988,0.3,11,11,0,0,1,0,0,0,0,0,0,0,7,0,1,Matches
191,185,Gonçalo Inácio,DF,pt Portugal,22-321,2001,1.3,150,148,2,1,0,0,1,1,0,0,0,0,134,0,3,Matches
192,186,Luka Ivanušec,MF,hr Croatia,25-228,1998,0.2,11,11,0,0,0,0,0,0,0,0,0,0,7,0,1,Matches
193,187,Erik Janža,DF,si Slovenia,31-020,1993,3.0,114,89,24,5,1,1,12,18,1,1,0,0,77,1,3,Matches
194,188,Jorginho,MF,it Italy,32-204,1991,2.4,238,232,6,5,1,1,0,0,0,0,0,0,217,0,0,Matches
195,189,Joselu,FW,es Spain,34-106,1990,1.0,18,17,1,0,0,0,0,0,0,0,0,0,15,0,1,Matches
196,190,Diogo Jota,"FW,MF",pt Portugal,27-220,1996,1.1,35,35,0,0,1,0,1,0,0,0,0,0,24,0,0,Matches
197,191,Luka Jović,"MF,FW",rs Serbia,26-201,1997,1.1,19,19,0,0,0,1,1,0,0,0,0,0,14,0,1,Matches
198,192,Josip Juranović,DF,hr Croatia,28-330,1995,1.0,65,57,8,0,0,0,8,7,0,0,0,0,53,0,2,Matches
199,193,David Jurásek,DF,cz Czechia,23-339,2000,1.8,75,64,11,1,0,0,15,9,1,0,1,0,45,0,4,Matches
200,194,Matěj Jurásek,"DF,MF",cz Czechia,20-316,2003,0.5,26,25,1,0,2,0,9,0,1,0,0,0,13,0,1,Matches
201,195,Ferdi Kadioglu,"DF,MF",tr Türkiye,24-278,1999,5.0,277,244,32,2,1,1,4,30,0,0,0,0,239,1,5,Matches
202,196,İrfan Kahveci,FW,tr Türkiye,28-362,1995,0.1,0,0,0,0,0,0,0,0,0,0,0,0,0,0,0,Matches
203,197,Otar Kakabadze,"DF,MF",ge Georgia,29-014,1995,4.0,171,133,37,4,0,4,5,33,0,0,0,0,124,1,2,Matches
204,198,Harry Kane,FW,eng England,30-349,1993,6.0,94,86,7,1,0,5,4,2,0,0,0,0,66,1,5,Matches
205,199,N'Golo Kanté,MF,fr France,33-104,1991,5.7,325,323,1,1,1,1,3,0,0,0,0,0,289,1,6,Matches
206,200,Žan Karničnik,DF,si Slovenia,29-297,1994,4.3,190,157,30,1,0,1,5,29,0,0,0,0,143,3,6,Matches
208,201,Guram Kashia,DF,ge Georgia,37-007,1987,4.0,114,108,6,5,0,1,0,0,0,0,0,0,93,0,0,Matches
209,202,Milos Kerkez,DF,hu Hungary,20-247,2003,2.6,77,73,3,1,0,0,14,2,0,0,0,0,47,1,5,Matches
210,203,Semih Kılıçsoy,FW,tr Türkiye,18-331,2005,0.0,1,1,0,0,0,0,0,0,0,0,0,0,1,0,0,Matches
211,204,Joshua Kimmich,DF,de Germany,29-154,1995,5.3,409,369,38,4,2,0,24,34,0,0,0,0,363,2,4,Matches
212,205,Otar Kiteishvili,MF,ge Georgia,28-107,1996,1.4,53,50,3,3,0,0,0,0,0,0,0,0,45,0,0,Matches
213,206,Jakub Kiwior,DF,pl Poland,24-147,2000,3.0,153,124,29,5,0,0,2,24,0,0,0,0,127,0,7,Matches
214,207,László Kleinheisler,MF,hu Hungary,30-094,1994,0.6,17,17,0,0,0,0,0,0,0,0,0,0,16,0,0,Matches
215,208,Giorgi Kochorashvili,MF,ge Georgia,25-012,1999,4.0,176,171,5,5,0,1,1,0,0,0,0,0,159,0,1,Matches
216,209,Orkun Kökçü,MF,tr Türkiye,23-195,2000,2.5,123,119,3,3,1,2,3,0,0,0,0,0,94,1,2,Matches
217,210,Randal Kolo Muani,FW,fr France,25-219,1998,2.2,38,36,2,0,0,1,0,0,0,0,0,0,27,0,2,Matches
218,211,Yukhym Konoplia,DF,ua Ukraine,24-320,1999,0.8,42,36,6,0,0,1,2,6,0,0,0,0,32,0,2,Matches
219,212,Ezri Konsa,DF,eng England,26-262,1997,1.0,50,49,1,1,0,0,0,0,0,0,0,0,48,0,0,Matches
220,213,Filip Kostić,DF,rs Serbia,31-253,1992,0.5,15,11,4,0,0,0,3,4,0,0,0,0,8,0,0,Matches
221,214,Jules Koundé,DF,fr France,25-242,1998,6.3,392,325,66,8,1,2,22,58,0,0,0,0,332,1,6,Matches
222,215,Mateo Kovačić,MF,hr Croatia,30-066,1994,2.5,168,166,2,2,1,0,0,0,0,0,0,0,156,0,2,Matches
223,216,Matej Kovar,GK,cz Czechia,24-055,2000,0.4,18,16,2,0,0,0,0,0,0,0,0,0,9,0,0,Matches
224,217,Andrej Kramarić,FW,hr Croatia,33-022,1991,2.7,89,84,5,0,2,1,7,1,0,0,0,0,71,0,2,Matches
225,218,Ladislav Krejčí,DF,cz Czechia,25-082,1999,3.0,143,128,15,6,0,2,2,6,0,0,0,0,122,0,0,Matches
226,219,Toni Kroos,MF,de Germany,34-189,1990,5.2,551,480,69,36,2,7,35,0,33,10,15,3,498,2,2,Matches
227,220,Jan Kuchta,FW,cz Czechia,27-185,1997,1.1,15,14,1,0,0,0,0,0,0,0,0,0,11,0,0,Matches
228,221,Juraj Kucka,MF,sk Slovakia,37-136,1987,3.9,123,123,0,0,1,0,3,0,0,0,0,0,93,0,2,Matches
229,222,Jasmin Kurtić,FW,si Slovenia,35-183,1989,0.0,0,0,0,0,0,0,0,0,0,0,0,0,0,0,0,Matches
230,223,Khvicha Kvaratskhelia,FW,ge Georgia,23-150,2001,3.8,86,69,17,4,0,0,15,2,8,8,0,0,68,0,0,Matches
231,224,Nika Kvekveskiri,MF,ge Georgia,32-043,1992,0.1,15,15,0,0,0,0,0,0,0,0,0,0,13,0,0,Matches
232,225,Giorgi Kvilitaia,FW,ge Georgia,30-284,1993,0.0,3,3,0,0,0,0,0,0,0,0,0,0,2,0,0,Matches
234,226,Solomon Kvirkvelia,DF,ge Georgia,32-156,1992,2.0,61,58,3,3,0,3,0,0,0,0,0,0,52,0,1,Matches
235,227,Qazim Laçi,"MF,FW",al Albania,28-174,1996,1.8,52,50,2,0,0,0,4,0,0,0,0,0,36,0,3,Matches
236,228,Konrad Laimer,"MF,FW",at Austria,27-045,1997,3.0,126,119,6,2,0,0,2,1,0,0,0,0,107,1,6,Matches
237,229,Ádám Lang,DF,hu Hungary,31-176,1993,0.5,19,13,6,0,0,0,0,6,0,0,0,0,13,0,2,Matches
238,230,Aymeric Laporte,DF,es Spain,30-045,1994,4.8,401,381,19,13,0,5,2,0,0,0,0,0,368,1,3,Matches
239,231,Robin Le Normand,DF,es Spain,27-243,1996,4.0,260,260,0,0,0,1,0,0,0,0,0,0,240,0,0,Matches
240,232,Rafael Leão,FW,pt Portugal,25-031,1999,3.2,112,111,1,0,0,0,15,1,0,0,0,0,85,0,6,Matches
241,233,Robert Lewandowski,FW,pl Poland,35-325,1988,1.3,23,23,0,0,0,1,0,0,0,0,0,0,19,0,0,Matches
242,234,Philipp Lienhart,DF,at Austria,28-000,1996,2.4,125,116,9,2,0,1,0,2,0,0,0,0,113,0,0,Matches
243,235,Ondřej Lingr,"MF,FW",cz Czechia,25-278,1998,0.9,27,23,4,1,0,0,1,1,1,0,0,0,21,0,2,Matches
244,236,Dominik Livaković,GK,hr Croatia,29-184,1995,3.0,93,71,22,5,0,0,0,0,0,0,0,0,69,0,0,Matches
245,237,Stanislav Lobotka,MF,sk Slovakia,29-229,1994,4.3,243,240,2,2,0,1,0,0,0,0,0,0,228,1,0,Matches
246,238,Saba Lobzhanidze,FW,ge Georgia,29-206,1994,0.1,1,1,0,0,0,0,1,0,0,0,0,0,0,0,1,Matches
247,239,Luka Lochoshvili,"DF,MF",ge Georgia,26-043,1998,1.9,57,45,12,2,0,0,4,10,0,0,0,0,41,0,1,Matches
248,240,Fermin López,MF,es Spain,21-061,2003,0.3,10,9,0,0,0,0,0,0,0,0,0,0,8,1,0,Matches
249,241,Romelu Lukaku,FW,be Belgium,31-059,1993,4.0,57,54,2,0,1,0,0,0,0,0,0,0,38,1,1,Matches
250,242,Dodi Lukebakio,"FW,DF",be Belgium,26-291,1997,0.7,30,27,3,1,0,0,1,1,1,1,0,0,24,0,1,Matches
251,243,Saša Lukić,MF,rs Serbia,27-333,1996,2.3,150,146,4,4,0,0,1,0,0,0,0,0,142,0,0,Matches
252,244,Andriy Lunin,GK,ua Ukraine,25-151,1999,1.0,24,20,4,0,0,0,0,0,0,0,0,0,23,0,0,Matches
253,245,Mike Maignan,GK,fr France,29-008,1995,6.3,167,131,34,9,0,0,0,0,0,0,0,0,136,2,0,Matches
254,246,Kobbie Mainoo,MF,eng England,19-083,2005,3.3,185,178,5,1,2,0,3,0,0,0,0,0,170,2,3,Matches
255,247,Lovro Majer,"FW,MF",hr Croatia,26-176,1998,1.6,101,97,4,2,0,1,4,1,1,0,0,0,92,0,4,Matches
256,248,Donyell Malen,FW,nl Netherlands,25-184,1999,2.1,56,53,2,2,0,0,8,0,0,0,0,0,40,1,4,Matches
257,249,Ruslan Malinovskyi,MF,ua Ukraine,31-068,1993,0.4,28,25,3,0,0,1,3,0,3,3,0,0,24,0,0,Matches
258,250,Giorgi Mamardashvili,GK,ge Georgia,23-286,2000,4.0,124,61,63,19,0,0,0,0,0,0,0,0,66,0,0,Matches
260,251,Dennis Man,MF,ro Romania,25-320,1998,3.0,83,76,7,0,1,1,8,0,7,2,0,0,51,0,7,Matches
261,252,Rey Manaj,FW,al Albania,27-138,1997,1.7,28,25,3,0,0,0,0,0,0,0,0,0,17,0,2,Matches
262,253,Gianluca Mancini,DF,it Italy,28-085,1996,1.0,66,65,1,0,0,0,0,0,0,0,0,0,60,0,0,Matches
263,254,Orel Mangala,MF,be Belgium,26-115,1998,1.5,70,69,1,1,0,0,0,0,0,0,0,0,68,0,1,Matches
264,255,Marius Marin,MF,ro Romania,25-316,1998,3.4,99,99,0,0,0,0,1,0,0,0,0,0,80,0,0,Matches
265,256,Răzvan Marin,MF,ro Romania,28-049,1996,3.9,109,104,5,3,2,1,5,0,1,0,1,0,86,0,1,Matches
266,257,Ádám Martin,"FW,DF",hu Hungary,29-248,1994,0.5,17,16,1,0,0,0,1,0,0,0,0,0,10,0,1,Matches
267,258,Mykola Matviyenko,DF,ua Ukraine,28-070,1996,3.0,231,221,8,4,1,1,1,3,0,0,0,0,212,2,1,Matches
268,259,Kylian Mbappé,FW,fr France,25-204,1998,5.2,182,174,7,1,0,5,7,2,2,1,1,0,158,1,4,Matches
269,260,John McGinn,"MF,FW",sct Scotland,29-267,1994,2.6,45,44,1,0,0,0,4,0,0,0,0,0,28,0,4,Matches
270,261,Callum McGregor,MF,sct Scotland,31-027,1993,2.7,119,115,4,2,0,0,1,0,0,0,0,0,108,0,3,Matches
271,262,Scott McKenna,DF,sct Scotland,27-242,1996,1.5,93,80,12,1,0,1,1,8,0,0,0,0,75,1,3,Matches
272,263,Kenny McLean,MF,sct Scotland,32-185,1992,0.5,26,25,1,1,0,0,0,0,0,0,0,0,19,0,0,Matches
273,264,Scott McTominay,MF,sct Scotland,27-216,1996,3.0,62,52,10,4,1,0,9,1,5,4,1,0,42,0,2,Matches
274,265,Anzor Mekvabishvili,MF,ge Georgia,23-036,2001,2.1,91,90,1,1,0,2,1,0,0,0,0,0,76,0,3,Matches
275,266,Memphis,"FW,MF",nl Netherlands,30-149,1994,5.1,163,119,41,6,3,0,31,2,23,11,9,0,113,3,10,Matches
276,267,Nuno Mendes,DF,pt Portugal,22-022,2002,4.7,365,324,41,12,0,4,12,29,0,0,0,0,322,0,4,Matches
277,268,Mikel Merino,"MF,FW",es Spain,28-019,1996,2.0,130,130,0,0,1,1,2,0,0,0,0,0,107,0,5,Matches
278,269,Valentin Mihaila,MF,ro Romania,24-160,2000,1.3,27,25,2,0,0,1,1,1,1,1,0,0,21,0,0,Matches
279,270,Srđan Mijailović,DF,rs Serbia,30-244,1993,0.8,25,20,5,0,0,0,3,5,0,0,0,0,14,0,0,Matches
280,271,Georges Mikautadze,FW,ge Georgia,23-254,2000,3.8,70,60,10,2,0,2,4,0,0,0,0,0,55,0,4,Matches
281,272,Nikola Milenković,DF,rs Serbia,26-273,1997,3.0,227,224,3,3,0,0,0,0,0,0,0,0,212,0,0,Matches
282,273,Sergej Milinković-Savić,MF,rs Serbia,29-135,1995,1.3,76,76,0,0,0,1,3,0,0,0,0,0,63,0,0,Matches
283,274,Mario Mitaj,DF,al Albania,20-340,2003,3.0,147,115,32,7,0,0,2,25,0,0,0,0,127,0,3,Matches
284,275,Aleksandar Mitrović,FW,rs Serbia,29-299,1994,2.7,53,47,6,1,0,0,0,0,0,0,0,0,38,0,1,Matches
286,276,Maximilian Mittelstädt,DF,de Germany,27-115,1997,3.4,217,197,18,2,0,0,24,16,0,0,0,0,182,2,2,Matches
287,277,Filip Mladenović,DF,rs Serbia,32-331,1991,1.2,61,45,16,1,0,0,8,14,1,0,1,0,44,0,2,Matches
288,278,Jan Mlakar,MF,si Slovenia,25-262,1998,3.3,62,62,0,0,2,0,1,0,0,0,0,0,37,0,2,Matches
289,279,Jakub Moder,MF,pl Poland,25-095,1999,2.0,119,112,6,5,0,0,3,0,0,0,0,0,94,1,2,Matches
290,280,Luka Modrić,MF,hr Croatia,38-306,1985,2.6,221,206,15,9,1,1,9,1,4,3,0,0,190,0,5,Matches
291,281,Vasile Mogos,DF,ro Romania,31-254,1992,0.4,6,3,3,0,0,0,0,3,0,0,0,0,6,0,0,Matches
292,282,Álvaro Morata,FW,es Spain,31-262,1992,4.2,90,83,7,0,0,0,2,0,0,0,0,0,63,0,2,Matches
293,283,Lewis Morgan,DF,sct Scotland,27-285,1996,0.0,2,2,0,0,0,0,0,0,0,0,0,0,1,0,1,Matches
294,284,Ernest Muçi,FW,al Albania,23-114,2001,0.2,9,9,0,0,0,0,0,0,0,0,0,0,7,0,0,Matches
295,285,Mykhailo Mudryk,"FW,MF",ua Ukraine,23-188,2001,1.9,52,46,6,2,2,0,10,0,4,3,0,0,36,0,2,Matches
296,286,Mert Müldür,"DF,MF",tr Türkiye,25-099,1999,3.8,167,144,23,1,1,1,5,22,0,0,0,0,130,0,3,Matches
297,287,Thomas Müller,"MF,FW",de Germany,34-302,1989,0.6,32,28,3,0,0,0,5,2,0,0,0,0,20,1,0,Matches
298,288,Jamal Musiala,FW,de Germany,21-136,2003,4.7,168,168,0,0,1,0,3,0,0,0,0,0,148,0,3,Matches
299,289,Phillipp Mwene,DF,at Austria,30-164,1994,2.2,109,94,15,1,0,0,10,14,0,0,0,0,91,0,3,Matches
300,290,Vitaliy Mykolenko,DF,ua Ukraine,25-043,1999,0.6,19,18,1,0,0,0,3,1,0,0,0,0,14,0,1,Matches
301,291,Joakim Mæhle,"DF,MF",dk Denmark,27-052,1997,3.1,157,137,19,0,0,0,10,19,0,0,0,0,129,1,2,Matches
302,292,Nacho,DF,es Spain,34-175,1990,2.8,132,116,16,11,0,0,0,2,0,0,0,0,124,0,1,Matches
303,293,Ádám Nagy,MF,hu Hungary,29-024,1995,1.8,74,69,5,1,0,1,1,1,0,0,0,0,59,0,2,Matches
304,294,Zsolt Nagy,DF,hu Hungary,31-047,1993,0.2,8,7,1,0,0,0,2,1,0,0,0,0,4,0,1,Matches
305,295,Jesús Navas,DF,es Spain,38-233,1985,1.7,71,56,15,2,0,1,9,13,0,0,0,0,56,0,2,Matches
306,296,Dan Ndoye,"MF,DF",ch Switzerland,23-260,2000,4.5,108,100,8,1,3,0,6,7,0,0,0,0,84,0,4,Matches
307,297,Pedro Neto,"DF,FW",pt Portugal,24-124,2000,1.3,89,85,4,1,1,0,11,2,1,1,0,0,70,0,2,Matches
308,298,Manuel Neuer,GK,de Germany,38-106,1986,5.3,145,117,28,9,0,0,0,1,0,0,0,0,123,0,0,Matches
309,299,João Neves,MF,pt Portugal,19-288,2004,0.9,74,72,2,1,0,0,1,0,0,0,0,0,68,0,2,Matches
310,300,Rúben Neves,MF,pt Portugal,27-120,1997,1.4,117,108,9,2,1,1,9,1,6,2,3,0,100,0,0,Matches
312,301,Florin Niță,GK,ro Romania,37-008,1987,4.0,148,82,66,19,0,0,0,0,0,0,0,0,87,0,0,Matches
313,302,Matheus Nunes,MF,pt Portugal,25-319,1998,0.2,18,18,0,0,0,0,1,0,0,0,0,0,16,0,0,Matches
314,303,Christian Nørgaard,MF,dk Denmark,30-123,1994,0.4,42,41,1,0,0,0,2,1,0,0,0,0,34,0,1,Matches
315,304,Adam Obert,DF,sk Slovakia,21-323,2002,0.3,27,22,5,1,0,1,1,4,0,0,0,0,22,0,2,Matches
316,305,Jan Oblak,GK,si Slovenia,31-186,1993,4.3,128,67,61,16,0,0,0,0,0,0,0,0,79,0,0,Matches
317,306,Darius Olaru,MF,ro Romania,26-130,1998,0.3,17,14,3,1,0,0,1,1,0,0,0,0,14,0,0,Matches
318,307,Dani Olmo,"MF,FW",es Spain,26-065,1998,3.8,154,150,2,2,3,1,2,0,0,0,0,0,125,2,4,Matches
319,308,Amadou Onana,MF,be Belgium,22-330,2001,4.0,240,233,6,6,1,0,0,0,0,0,0,0,216,1,1,Matches
320,309,Loïs Openda,FW,be Belgium,24-146,2000,0.8,7,7,0,0,0,0,2,0,0,0,0,0,3,0,0,Matches
321,310,Willi Orban,DF,hu Hungary,31-251,1992,3.0,138,134,3,2,0,0,0,1,0,0,0,0,118,1,3,Matches
322,311,Mikel Oyarzabal,FW,es Spain,27-081,1997,2.0,59,56,3,1,0,0,2,0,0,0,0,0,55,0,0,Matches
323,312,Salih Özcan,MF,tr Türkiye,26-182,1998,1.7,71,69,2,2,0,0,0,0,0,0,0,0,57,0,1,Matches
324,313,João Palhinha,MF,pt Portugal,29-002,1995,3.3,188,186,2,2,0,4,0,0,0,0,0,0,166,0,2,Matches
325,314,Cole Palmer,"MF,FW",eng England,22-066,2002,1.4,72,65,7,1,1,0,8,6,0,0,0,0,53,0,0,Matches
326,315,Mario Pašalić,"FW,MF",hr Croatia,29-153,1995,1.3,40,40,0,0,1,0,1,0,0,0,0,0,34,0,2,Matches
327,316,Strahinja Pavlović,DF,rs Serbia,23-048,2001,3.0,180,174,5,3,0,0,6,2,0,0,0,0,137,1,5,Matches
328,317,Pedri,MF,es Spain,21-229,2002,2.1,89,89,0,0,1,0,1,0,0,0,0,0,80,0,2,Matches
329,318,Peter Pekarík,DF,sk Slovakia,37-255,1986,4.2,121,95,26,0,0,0,5,26,0,0,0,0,107,0,3,Matches
330,319,Lorenzo Pellegrini,"FW,MF",it Italy,28-022,1996,2.4,107,101,6,2,1,0,6,0,4,1,2,0,91,0,2,Matches
331,320,Patrick Pentz,GK,at Austria,27-191,1997,4.0,148,125,23,8,0,0,0,0,0,0,0,0,120,0,0,Matches
332,321,Pepe,DF,pt Portugal,41-136,1983,4.5,405,392,11,7,0,3,0,0,0,0,0,0,379,2,0,Matches
333,322,Danilo Pereira,DF,pt Portugal,32-306,1991,1.0,87,86,1,1,0,0,0,0,0,0,0,0,83,0,0,Matches
334,323,Ayoze Pérez,FW,es Spain,30-348,1993,0.1,3,3,0,0,0,0,0,0,0,0,0,0,3,0,0,Matches
335,324,Ivan Perišić,"DF,FW",hr Croatia,35-160,1989,1.5,63,56,7,0,0,0,14,7,0,0,0,0,44,0,2,Matches
336,325,Bruno Petković,FW,hr Croatia,29-299,1994,1.0,20,18,2,0,0,0,0,0,0,0,0,0,16,0,0,Matches
338,326,Krzysztof Piątek,FW,pl Poland,29-010,1995,0.7,10,10,0,0,0,0,1,0,0,0,0,0,6,0,0,Matches
339,327,Jordan Pickford,GK,eng England,30-126,1994,6.7,265,212,53,13,0,0,0,0,0,0,0,0,203,0,0,Matches
340,328,Jakub Piotrowski,MF,pl Poland,26-281,1997,0.6,24,22,2,2,1,0,1,0,0,0,0,0,16,0,2,Matches
341,329,Marin Pongračić,DF,hr Croatia,26-304,1997,2.0,124,118,6,6,0,0,0,0,0,0,0,0,113,0,0,Matches
342,330,Ryan Porteous,DF,sct Scotland,25-108,1999,0.5,25,21,4,0,0,0,0,4,0,0,0,0,19,0,0,Matches
343,331,Stefan Posch,DF,at Austria,27-058,1997,4.0,215,172,43,3,2,0,13,40,0,0,0,0,159,0,10,Matches
344,332,Yussuf Poulsen,"FW,MF",dk Denmark,30-026,1994,0.6,20,20,0,0,0,0,1,0,0,0,0,0,12,0,1,Matches
345,333,Alexander Prass,DF,at Austria,23-046,2001,1.8,95,79,15,2,0,0,7,13,0,0,0,0,72,1,1,Matches
346,334,Lukáš Provod,MF,cz Czechia,27-262,1996,2.6,87,80,6,3,0,0,2,0,0,0,0,0,70,1,3,Matches
347,335,George Pușcaș,FW,ro Romania,28-094,1996,0.4,13,13,0,0,0,0,0,0,0,0,0,0,4,0,1,Matches
348,336,Leopold Querfeld,DF,at Austria,20-204,2003,0.3,9,5,4,2,0,0,0,0,0,0,0,0,7,0,0,Matches
349,337,Adrien Rabiot,MF,fr France,29-099,1995,4.1,236,225,11,7,0,1,3,3,0,0,0,0,216,0,2,Matches
350,338,Bogdan Racovitan,DF,ro Romania,24-035,2000,0.6,25,24,1,1,0,0,0,0,0,0,0,0,23,0,0,Matches
351,339,Predrag Rajković,GK,rs Serbia,28-254,1995,3.0,103,78,24,7,0,0,0,0,0,0,0,0,68,1,0,Matches
352,340,Anthony Ralston,DF,sct Scotland,25-238,1998,2.9,95,85,10,1,0,1,9,9,0,0,0,0,67,0,5,Matches
353,341,Ylber Ramadani,MF,al Albania,28-090,1996,2.9,103,101,2,2,0,0,2,0,0,0,0,0,94,0,0,Matches
354,342,Gonçalo Ramos,FW,pt Portugal,23-021,2001,0.3,1,1,0,0,0,0,0,0,0,0,0,0,1,0,0,Matches
355,343,Giacomo Raspadori,FW,it Italy,24-144,2000,0.9,49,42,7,1,1,0,10,0,6,3,3,0,36,0,0,Matches
356,344,Andrei Ratiu,DF,ro Romania,26-021,1998,4.0,117,79,38,1,0,0,3,37,0,0,0,0,97,0,0,Matches
357,345,David Raum,DF,de Germany,26-080,1998,1.8,99,86,13,0,0,0,7,12,1,0,0,0,75,0,4,Matches
358,346,David Raya,GK,es Spain,28-300,1995,1.0,42,34,7,2,0,1,0,0,0,0,0,0,36,1,0,Matches
359,347,Tijjani Reijnders,MF,nl Netherlands,25-348,1998,5.5,265,261,3,2,3,1,1,0,0,0,0,0,246,1,3,Matches
360,348,Mateo Retegui,FW,it Italy,25-073,1999,1.7,19,18,1,0,1,0,0,0,0,0,0,0,10,0,0,Matches
361,349,Declan Rice,MF,eng England,25-179,1999,6.7,489,477,10,9,1,5,6,1,0,0,0,0,453,2,4,Matches
362,350,Fabian Rieder,MF,ch Switzerland,22-146,2002,2.4,89,78,10,2,2,0,14,1,7,7,0,0,62,1,1,Matches
364,351,Andrew Robertson,DF,sct Scotland,30-122,1994,3.0,120,90,30,13,0,0,13,16,1,1,0,0,91,0,5,Matches
365,352,Rodri,MF,es Spain,28-019,1996,5.3,406,397,7,6,0,4,0,1,0,0,0,0,379,2,1,Matches
366,353,Ricardo Rodríguez,DF,ch Switzerland,31-321,1992,5.3,250,229,20,5,1,2,10,14,1,0,1,0,214,1,1,Matches
367,354,Taras Romanchuk,MF,pl Poland,32-240,1991,0.6,14,14,0,0,0,0,0,0,0,0,0,0,11,0,0,Matches
368,355,Cristiano Ronaldo,FW,pt Portugal,39-157,1985,5.4,104,94,10,0,0,0,4,4,0,0,0,0,86,0,6,Matches
369,356,Antonio Rüdiger,DF,de Germany,31-130,1993,5.3,409,401,7,5,2,0,8,2,0,0,0,0,372,1,1,Matches
370,357,Fabián Ruiz Peña,MF,es Spain,28-099,1996,5.0,379,366,12,12,2,3,10,0,0,0,0,0,338,1,6,Matches
371,358,Adrian Rus,MF,ro Romania,28-115,1996,0.2,6,6,0,0,0,0,0,0,0,0,0,0,1,0,0,Matches
372,359,Marcel Sabitzer,"FW,MF",at Austria,30-116,1994,4.0,170,149,21,4,1,0,29,2,13,6,7,0,110,0,6,Matches
373,360,Bukayo Saka,"FW,DF",eng England,22-310,2001,6.0,242,229,13,2,0,0,20,9,0,0,0,0,201,0,4,Matches
374,361,Bartosz Salamon,DF,pl Poland,33-071,1991,0.9,33,23,10,0,0,0,0,0,0,0,0,0,28,0,0,Matches
375,362,William Saliba,DF,fr France,23-109,2001,6.3,360,345,15,4,0,0,0,1,0,0,0,0,346,0,0,Matches
376,363,Roland Sallai,MF,hu Hungary,27-050,1997,3.0,79,76,3,0,1,0,7,2,0,0,0,0,61,0,2,Matches
377,364,Lazar Samardzic,MF,rs Serbia,22-138,2002,0.6,21,18,3,0,0,2,4,0,3,2,1,0,16,0,0,Matches
378,365,Leroy Sané,FW,de Germany,28-182,1996,2.3,68,66,1,0,1,0,3,0,0,0,0,0,57,1,2,Matches
379,366,Leo Sauer,FW,sk Slovakia,18-208,2005,0.1,1,1,0,0,0,0,1,0,0,0,0,0,0,0,0,Matches
380,367,Gianluca Scamacca,FW,it Italy,25-192,1999,2.8,51,46,5,1,3,0,0,0,0,0,0,0,32,0,2,Matches
381,368,András Schäfer,MF,hu Hungary,25-089,1999,3.0,135,125,10,4,0,0,2,1,0,0,0,0,117,0,2,Matches
382,369,Fabian Schär,DF,ch Switzerland,32-204,1991,5.3,255,238,16,14,0,9,6,2,0,0,0,0,211,1,5,Matches
383,370,Patrik Schick,FW,cz Czechia,28-169,1996,1.4,33,33,0,0,0,0,2,0,0,0,0,0,21,0,2,Matches
384,371,Nico Schlotterbeck,DF,de Germany,24-223,1999,1.3,87,82,5,2,0,0,0,0,0,0,0,0,79,0,1,Matches
385,372,Kasper Schmeichel,GK,dk Denmark,37-249,1986,4.0,112,85,27,6,0,0,0,0,0,0,0,0,90,0,0,Matches
386,373,Romano Schmid,"FW,MF",at Austria,24-166,2000,1.6,73,67,6,2,1,0,7,0,4,1,2,0,56,0,2,Matches
387,374,Jerdy Schouten,MF,nl Netherlands,27-181,1997,5.6,328,321,7,7,0,1,1,0,0,0,0,0,302,0,1,Matches
388,375,Ivan Schranz,FW,sk Slovakia,30-302,1993,3.7,86,82,1,0,0,0,4,1,0,0,0,0,62,3,3,Matches
390,376,Taulant Seferi,FW,al Albania,27-239,1996,1.0,26,25,1,0,0,0,1,1,0,0,0,0,17,0,1,Matches
391,377,Nicolas Seiwald,MF,at Austria,23-068,2001,4.0,235,232,3,2,2,0,1,1,0,0,0,0,205,0,4,Matches
392,378,Nélson Semedo,DF,pt Portugal,30-238,1993,1.1,56,48,7,1,0,0,3,6,0,0,0,0,50,1,1,Matches
393,379,Benjamin Šeško,FW,si Slovenia,21-041,2003,4.0,71,70,0,0,0,0,1,0,0,0,0,0,43,1,3,Matches
394,380,Petr Ševčík,MF,cz Czechia,30-068,1994,0.2,26,26,0,0,0,0,0,0,0,0,0,0,20,0,1,Matches
395,381,Stephan El Shaarawy,FW,it Italy,31-258,1992,0.5,10,10,0,0,0,0,0,0,0,0,0,0,8,0,0,Matches
396,382,Lawrence Shankland,FW,sct Scotland,28-336,1995,0.3,11,11,0,0,0,0,1,0,0,0,0,0,5,0,0,Matches
397,383,Mykola Shaparenko,MF,ua Ukraine,25-281,1998,2.4,129,126,2,2,2,1,3,0,0,0,0,0,111,1,2,Matches
398,384,Xherdan Shaqiri,"MF,FW",ch Switzerland,32-275,1991,0.8,38,27,10,1,0,0,6,0,7,5,0,0,26,1,0,Matches
399,385,Luke Shaw,DF,eng England,28-365,1995,1.0,66,56,10,3,0,0,5,7,0,0,0,0,58,0,1,Matches
400,386,Vincent Sierro,MF,ch Switzerland,28-277,1995,0.4,25,24,1,0,0,0,1,0,1,0,1,0,15,0,1,Matches
401,387,António Silva,DF,pt Portugal,20-255,2003,0.8,66,64,2,0,0,0,0,2,0,0,0,0,59,0,0,Matches
402,388,Bernardo Silva,"FW,MF",pt Portugal,29-336,1994,4.7,267,247,18,4,0,1,11,6,8,2,0,0,239,2,5,Matches
403,389,Unai Simón,GK,es Spain,27-030,1997,5.3,204,166,37,6,0,0,0,0,0,0,0,0,155,1,1,Matches
404,390,Xavi Simons,"MF,FW",nl Netherlands,21-081,2003,5.0,184,177,4,1,0,1,8,0,2,1,1,0,152,3,4,Matches
405,391,Michał Skóraś,DF,pl Poland,24-147,2000,0.3,9,9,0,0,0,0,0,0,0,0,0,0,6,0,1,Matches
406,392,Łukasz Skorupski,GK,pl Poland,33-067,1991,1.0,29,14,15,2,0,0,0,0,0,0,0,0,24,0,0,Matches
407,393,Andreas Skov Olsen,"MF,FW",dk Denmark,24-195,1999,1.4,38,36,2,0,0,0,3,1,1,1,0,0,30,0,2,Matches
408,394,Milan Škriniar,DF,sk Slovakia,29-151,1995,4.3,282,263,18,14,0,3,0,0,0,0,0,0,257,1,0,Matches
409,395,Bartosz Slisz,MF,pl Poland,25-104,1999,1.2,43,43,0,0,0,0,0,0,0,0,0,0,35,0,0,Matches
410,396,Yann Sommer,GK,ch Switzerland,35-207,1988,5.3,167,142,24,6,0,0,0,0,0,0,0,0,138,1,0,Matches
411,397,Deian Sorescu,"MF,DF",ro Romania,26-317,1997,0.4,16,11,5,1,0,0,1,4,0,0,0,0,12,0,0,Matches
412,398,Borna Sosa,DF,hr Croatia,26-172,1998,0.1,2,2,0,0,0,0,1,0,0,0,0,0,1,0,0,Matches
413,399,Tomáš Souček,MF,cz Czechia,29-135,1995,3.0,94,92,2,2,0,1,2,0,0,0,0,0,74,0,1,Matches
414,400,Andraž Šporar,FW,si Slovenia,30-135,1994,3.8,69,63,6,0,0,0,5,0,0,0,0,0,46,0,3,Matches
416,401,Nicolae Stanciu,"MF,FW",ro Romania,31-065,1993,3.9,113,100,13,5,0,3,8,0,5,1,0,0,83,0,5,Matches
417,402,Jindřich Staněk,GK,cz Czechia,28-075,1996,2.6,75,43,32,8,0,0,0,0,0,0,0,0,48,0,0,Matches
418,403,Josip Stanišić,DF,hr Croatia,24-100,2000,2.0,133,119,14,0,0,2,4,14,0,0,0,0,109,0,3,Matches
419,404,Renato Steffen,DF,ch Switzerland,32-251,1991,0.0,2,2,0,0,0,0,0,0,0,0,0,0,2,0,0,Matches
420,405,Taras Stepanenko,MF,ua Ukraine,34-338,1989,0.9,74,73,1,1,0,0,1,0,0,0,0,0,63,0,0,Matches
421,406,Leonidas Stergiou,DF,ch Switzerland,22-130,2002,0.5,11,8,3,0,0,0,0,3,0,0,0,0,6,0,1,Matches
422,407,Petar Stojanović,MF,si Slovenia,28-278,1995,3.5,107,99,7,2,0,1,1,5,0,0,0,0,78,1,5,Matches
423,408,John Stones,DF,eng England,30-044,1994,6.7,523,515,8,7,0,6,0,0,0,0,0,0,495,0,2,Matches
424,409,Thomas Strakosha,GK,al Albania,29-114,1995,3.0,93,57,35,5,0,0,0,0,0,0,0,0,65,1,0,Matches
425,410,Dávid Strelec,FW,sk Slovakia,23-098,2001,2.0,42,38,4,0,2,0,0,0,0,0,0,0,27,0,1,Matches
426,411,Callum Styles,MF,hu Hungary,24-105,2000,0.7,27,25,2,2,1,0,0,0,0,0,0,0,21,0,0,Matches
427,412,Luka Sučić,"FW,MF",hr Croatia,21-307,2002,1.6,84,81,3,3,1,2,2,0,0,0,0,0,77,0,1,Matches
428,413,Heorhiy Sudakov,MF,ua Ukraine,21-314,2002,2.9,120,115,5,1,0,1,5,1,2,0,1,0,100,0,3,Matches
429,414,Pavel Šulc,MF,cz Czechia,23-195,2000,0.9,16,16,0,0,0,0,0,0,0,0,0,0,12,0,2,Matches
430,415,Tomáš Suslov,"FW,MF",sk Slovakia,22-034,2002,1.4,54,47,7,1,0,1,12,3,2,1,1,0,38,0,5,Matches
431,416,Josip Šutalo,DF,hr Croatia,24-134,2000,3.0,199,194,5,4,0,0,0,1,0,0,0,0,191,0,0,Matches
432,417,Oleksandr Svatok,DF,ua Ukraine,29-288,1994,0.9,25,22,3,0,0,0,0,0,0,0,0,0,24,0,0,Matches
433,418,Karol Świderski,FW,pl Poland,27-170,1997,1.0,16,13,3,0,0,0,3,0,1,0,1,0,11,0,0,Matches
434,419,Serhiy Sydorchuk,MF,ua Ukraine,33-070,1991,0.1,2,2,0,0,0,0,0,0,0,0,0,0,1,0,0,Matches
435,420,Attila Szalai,DF,hu Hungary,26-173,1998,1.1,59,55,3,1,0,0,1,2,0,0,0,0,48,1,0,Matches
436,421,Wojciech Szczęsny,GK,pl Poland,34-084,1990,2.0,66,49,17,4,0,0,0,0,0,0,0,0,42,0,0,Matches
437,422,Dominik Szoboszlai,MF,hu Hungary,23-260,2000,3.0,149,107,39,13,0,5,16,10,15,6,5,0,110,3,3,Matches
438,423,Sebastian Szymański,MF,pl Poland,25-062,1999,1.2,37,34,3,0,0,0,3,0,2,0,2,0,30,0,1,Matches
439,424,Dušan Tadić,MF,rs Serbia,35-234,1988,1.7,87,77,9,1,1,0,14,0,8,5,2,0,65,1,0,Matches
440,425,Jonathan Tah,DF,de Germany,28-151,1996,3.5,282,275,7,6,0,0,0,1,0,0,0,0,266,0,0,Matches
442,426,Maksym Talovierov,MF,ua Ukraine,24-013,2000,0.0,1,1,0,0,0,0,0,0,0,0,0,0,1,0,0,Matches
443,427,Aurélien Tchouaméni,MF,fr France,24-166,2000,5.2,381,373,8,8,0,9,6,0,0,0,0,0,355,0,3,Matches
444,428,Arthur Theate,DF,be Belgium,24-047,2000,2.8,197,168,29,5,0,2,2,24,0,0,0,0,169,0,2,Matches
445,429,Marcus Thuram,FW,fr France,26-340,1997,2.9,53,50,3,0,1,0,0,0,0,0,0,0,45,0,1,Matches
446,430,Youri Tielemans,MF,be Belgium,27-065,1997,1.6,112,108,4,2,0,1,3,1,0,0,0,0,96,0,3,Matches
447,431,Kieran Tierney,DF,sct Scotland,27-036,1997,1.5,92,80,12,4,0,0,2,6,0,0,0,0,69,0,5,Matches
448,432,Ivan Toney,FW,eng England,28-117,1996,0.5,15,15,0,0,0,0,0,0,0,0,0,0,8,0,0,Matches
449,433,Ferrán Torres,"FW,MF",es Spain,24-133,2000,1.7,46,40,6,1,1,1,8,1,4,1,1,0,34,0,2,Matches
450,434,Cenk Tosun,FW,tr Türkiye,33-034,1991,0.3,4,4,0,0,0,0,0,0,0,0,0,0,2,0,0,Matches
451,435,Gernot Trauner,DF,at Austria,32-108,1992,1.0,78,74,4,1,0,0,0,1,0,0,0,0,74,0,1,Matches
452,436,Kieran Trippier,DF,eng England,33-296,1990,5.0,357,310,46,11,0,4,13,25,10,3,4,0,313,1,4,Matches
453,437,Leandro Trossard,FW,be Belgium,29-220,1994,1.9,70,68,2,2,0,1,3,0,0,0,0,0,55,0,2,Matches
454,438,Anatolii Trubin,GK,ua Ukraine,22-345,2001,2.0,70,52,17,3,0,0,0,0,0,0,0,0,55,1,0,Matches
455,439,Heorhii Tsitaishvili,"DF,MF",ge Georgia,23-236,2000,2.1,68,59,9,1,0,0,11,7,1,1,0,0,47,0,3,Matches
456,440,Viktor Tsyhankov,FW,ua Ukraine,26-239,1997,0.7,32,29,3,0,0,0,5,0,3,2,0,0,25,0,2,Matches
457,441,Ľubomír Tupta,MF,sk Slovakia,26-106,1998,0.1,4,4,0,0,0,0,0,0,0,0,0,0,4,0,0,Matches
458,442,Oleksandr Tymchyk,DF,ua Ukraine,27-173,1997,2.2,83,59,23,1,0,0,8,22,0,0,0,0,66,1,3,Matches
459,443,Deniz Undav,MF,de Germany,27-358,1996,0.1,2,2,0,0,1,0,0,0,0,0,0,0,1,0,0,Matches
460,444,Dayot Upamecano,DF,fr France,25-258,1998,6.3,371,357,14,13,0,8,1,1,0,0,0,0,339,0,2,Matches
461,445,Kacper Urbanski,"FW,MF",pl Poland,19-308,2004,1.6,49,49,0,0,1,0,1,0,0,0,0,0,41,0,0,Matches
462,446,Virgil van Dijk,DF,nl Netherlands,33-003,1991,6.0,394,364,29,11,0,0,0,0,0,0,0,0,356,1,0,Matches
463,447,Vladyslav Vanat,FW,ua Ukraine,22-189,2002,0.2,2,2,0,0,0,0,0,0,0,0,0,0,1,0,1,Matches
464,448,Barnabás Varga,FW,hu Hungary,30-168,1994,2.8,54,52,1,0,0,0,0,0,0,0,0,0,27,1,1,Matches
465,449,Ruben Vargas,"MF,FW",ch Switzerland,25-341,1998,3.4,118,104,14,4,0,0,15,2,7,4,0,0,88,0,5,Matches
466,450,Denis Vavro,DF,sk Slovakia,28-092,1996,4.3,264,250,14,6,0,7,3,2,0,0,0,0,213,0,3,Matches
468,451,Joey Veerman,MF,nl Netherlands,25-235,1998,2.3,167,153,14,4,0,0,13,2,8,2,5,0,131,0,4,Matches
469,452,Miloš Veljković,DF,rs Serbia,28-289,1995,3.0,226,225,1,0,0,2,2,1,0,0,0,0,206,0,0,Matches
470,453,Micky van de Ven,DF,nl Netherlands,23-083,2001,0.8,43,35,8,1,0,0,1,7,0,0,0,0,33,0,1,Matches
471,454,Benjamin Verbič,MF,si Slovenia,30-227,1993,0.8,14,14,0,0,1,0,1,0,0,0,0,0,6,0,1,Matches
472,455,Bart Verbruggen,GK,nl Netherlands,21-328,2002,6.0,209,181,28,6,0,0,0,0,0,0,0,0,176,0,0,Matches
473,456,Jan Vertonghen,DF,be Belgium,37-078,1987,3.0,209,207,2,1,0,0,0,0,0,0,0,0,196,0,0,Matches
474,457,Jannik Vestergaard,DF,dk Denmark,31-343,1992,4.0,268,255,11,4,0,2,0,0,0,0,0,0,250,2,0,Matches
475,458,Žan Vipotnik,FW,si Slovenia,22-115,2002,0.2,2,2,0,0,0,0,0,0,0,0,0,0,0,0,0,Matches
476,459,Vitinha,MF,pt Portugal,24-149,2000,4.0,323,306,16,3,2,1,15,2,11,3,4,0,294,1,7,Matches
477,460,Daniel Vivian,DF,es Spain,24-362,1999,1.4,109,107,2,2,0,3,0,0,0,0,0,0,101,0,1,Matches
478,461,Dušan Vlahović,"MF,FW",rs Serbia,24-165,2000,2.0,27,26,1,0,0,1,0,1,0,0,0,0,15,0,1,Matches
479,462,Stefan de Vrij,DF,nl Netherlands,32-157,1992,6.0,416,406,10,9,1,2,1,1,0,0,0,0,381,0,2,Matches
480,463,Kyle Walker,DF,eng England,34-044,1990,6.7,512,452,59,11,0,6,3,48,0,0,0,0,454,1,9,Matches
481,464,Ollie Watkins,FW,eng England,28-194,1995,0.4,3,3,0,0,0,0,0,0,0,0,0,0,2,0,0,Matches
482,465,Wout Weghorst,FW,nl Netherlands,31-339,1992,1.5,30,29,1,0,0,0,1,0,0,0,0,0,22,0,2,Matches
483,466,Andreas Weimann,FW,at Austria,32-341,1991,0.0,1,1,0,0,0,0,0,0,0,0,0,0,0,0,0,Matches
484,467,Silvan Widmer,DF,ch Switzerland,31-128,1993,3.3,127,89,38,0,0,0,4,38,0,0,0,0,96,0,5,Matches
485,468,Georginio Wijnaldum,MF,nl Netherlands,33-243,1990,0.8,16,16,0,0,0,0,0,0,0,0,0,0,10,0,3,Matches
486,469,Nico Williams,FW,es Spain,21-365,2002,4.5,168,150,18,3,1,0,23,0,15,9,1,0,139,0,2,Matches
487,470,Patrick Wimmer,"FW,MF",at Austria,23-042,2001,1.5,48,42,5,1,0,0,8,0,4,2,2,0,32,1,2,Matches
488,471,Jonas Wind,FW,dk Denmark,25-155,1999,2.1,77,77,0,0,0,0,1,0,0,0,0,0,62,0,0,Matches
489,472,Florian Wirtz,"FW,MF",de Germany,21-069,2003,3.1,190,178,11,2,2,1,5,6,2,0,0,0,168,1,2,Matches
490,473,Maximilian Wöber,DF,at Austria,26-158,1998,1.9,118,117,1,1,0,0,3,0,0,0,0,0,101,0,1,Matches
491,474,Granit Xhaka,MF,ch Switzerland,31-288,1992,5.3,407,393,13,11,3,1,1,1,0,0,0,0,369,1,2,Matches
492,475,Lamine Yamal,FW,es Spain,16-364,2007,4.6,168,156,11,2,0,0,18,1,8,4,0,0,134,1,6,Matches
494,476,Roman Yaremchuk,FW,ua Ukraine,28-227,1995,1.3,30,29,1,0,0,1,0,0,0,0,0,0,23,0,1,Matches
495,477,Andriy Yarmolenko,"FW,MF",ua Ukraine,34-262,1989,1.2,49,46,3,2,1,0,5,1,0,0,0,0,34,0,1,Matches
496,478,Yusuf Yazıcı,"MF,FW",tr Türkiye,27-164,1997,0.6,20,19,1,0,0,0,0,0,0,0,0,0,16,0,0,Matches
497,479,Kenan Yıldız,"FW,MF",tr Türkiye,19-068,2005,3.8,110,109,1,0,1,0,2,1,0,0,0,0,92,0,3,Matches
498,480,Okay Yokuşlu,"MF,DF",tr Türkiye,30-124,1994,0.6,28,28,0,0,0,0,0,0,0,0,0,0,26,0,0,Matches
499,481,İsmail Yüksek,MF,tr Türkiye,25-167,1999,1.7,99,99,0,0,0,1,0,0,0,0,0,0,91,0,0,Matches
500,482,Illia Zabarnyi,DF,ua Ukraine,21-314,2002,3.0,200,192,7,6,0,1,0,0,0,0,0,0,172,1,1,Matches
501,483,Mattia Zaccagni,"MF,FW",it Italy,29-025,1995,0.9,38,34,4,0,0,0,5,2,2,2,0,0,30,0,0,Matches
502,484,Denis Zakaria,MF,ch Switzerland,27-234,1996,0.3,7,7,0,0,0,0,0,0,0,0,0,0,7,0,0,Matches
503,485,Nicola Zalewski,DF,pl Poland,22-170,2002,2.7,100,89,11,2,0,0,10,9,0,0,0,0,73,0,8,Matches
504,486,Piotr Zieliński,MF,pl Poland,30-052,1994,2.8,150,136,14,5,1,0,11,0,6,2,4,0,123,0,3,Matches
505,487,Oleksandr Zinchenko,DF,ua Ukraine,27-209,1996,2.4,161,146,14,4,0,3,4,7,3,0,1,0,137,1,1,Matches
506,488,Joshua Zirkzee,"FW,DF",nl Netherlands,23-050,2001,0.1,2,2,0,0,0,0,0,0,0,0,0,0,2,0,0,Matches
507,489,Andrija Živković,DF,rs Serbia,28-000,1996,2.7,142,122,20,0,0,2,13,20,0,0,0,0,115,0,6,Matches
508,490,Budu Zivzivadze,"FW,MF",ge Georgia,30-123,1994,0.2,3,3,0,0,0,0,0,0,0,0,0,0,3,0,0,Matches
509,491,Steven Zuber,MF,ch Switzerland,32-329,1991,0.9,35,35,0,0,0,1,1,0,0,0,0,0,32,0,2,Matches
510,492,Martín Zubimendi,MF,es Spain,25-160,1999,1.1,90,89,1,1,0,1,0,0,0,0,0,0,84,0,0,Matches
511,493,Oleksandr Zubkov,FW,ua Ukraine,27-343,1996,0.3,10,8,1,0,0,0,0,1,0,0,0,0,6,1,1,Matches
