,Rk,Player,Pos,Squad,Age,Born,MP,Min,Mn/MP,Min%,90s,Starts,Mn/Start,Compl,Subs,Mn/Sub,unSub,PPM,onG,onGA,+/-,+/-90,On-Off,onxG,onxGA,xG+/-,xG+/-90,On-Off.1,Matches
0,1,Amir Abrashi,MF,al Albania,34-108,1990,0,,,,,0,,0,0,,3,,,,,,,,,,,,Matches
1,2,Che Adams,FW,sct Scotland,28-000,1996,3,209.0,70.0,77.4,2.3,3,70.0,0,0,,0,0.33,1.0,4.0,-3.0,-1.29,1.66,0.7,2.8,-2.0,-0.88,1.23,Matches
2,3,Michel Aebischer,DF,ch Switzerland,27-189,1997,5,476.0,95.0,99.2,5.3,5,95.0,3,0,,0,1.8,8.0,4.0,4.0,0.76,0.76,6.5,4.9,1.6,0.3,-5.09,Matches
3,4,Arlind Ajeti,DF,al Albania,30-292,1993,3,270.0,90.0,100.0,3.0,3,90.0,3,0,,0,0.33,3.0,5.0,-2.0,-0.67,,2.4,5.7,-3.2,-1.07,,Matches
4,5,Manuel Akanji,DF,ch Switzerland,28-360,1995,5,480.0,96.0,100.0,5.3,5,96.0,5,0,,0,1.8,8.0,4.0,4.0,0.75,,6.7,4.9,1.8,0.37,0.37,Matches
5,6,Samet Akaydın,DF,tr Türkiye,30-122,1994,4,335.0,84.0,74.4,3.7,4,84.0,2,0,,0,1.5,6.0,7.0,-1.0,-0.27,-1.05,5.7,5.6,0.2,0.04,1.45,Matches
6,7,Nathan Aké,DF,nl Netherlands,29-146,1995,6,470.0,78.0,87.0,5.2,6,78.0,2,0,,0,1.67,6.0,6.0,0.0,0.0,-3.86,6.6,5.2,1.3,0.25,-0.06,Matches
7,8,Yunus Akgün,FW,tr Türkiye,24-006,2000,1,69.0,69.0,15.3,0.8,1,69.0,0,0,,4,0.0,0.0,3.0,-3.0,-3.91,-4.62,0.7,1.6,-0.9,-1.23,-1.07,Matches
8,9,Kerem Aktürkoğlu,"FW,MF",tr Türkiye,25-266,1998,5,105.0,21.0,23.3,1.2,1,57.0,0,4,12.0,0,1.8,2.0,3.0,-1.0,-0.86,-1.12,2.8,3.0,-0.2,-0.21,0.15,Matches
9,10,Trent Alexander-Arnold,"MF,DF",eng England,25-280,1998,4,134.0,34.0,22.3,1.5,2,61.0,0,2,7.0,2,1.5,2.0,1.0,1.0,0.67,0.29,0.9,0.6,0.3,0.19,0.2,Matches
10,11,Denis Alibec,FW,ro Romania,33-190,1991,2,29.0,15.0,8.1,0.3,0,,0,2,15.0,2,0.0,0.0,2.0,-2.0,-6.21,-6.21,0.4,1.4,-1.0,-3.14,-2.7,Matches
11,12,Naser Aliji,"DF,MF",al Albania,30-199,1993,0,,,,,0,,0,0,,3,,,,,,,,,,,,Matches
12,13,Barış Alper Yılmaz,FW,tr Türkiye,24-051,2000,5,450.0,90.0,100.0,5.0,5,90.0,5,0,,0,1.8,8.0,8.0,0.0,0.0,,7.3,8.9,-1.6,-0.32,,Matches
13,14,Sandro Altunashvili,MF,ge Georgia,27-055,1997,2,52.0,26.0,14.4,0.6,0,,0,2,26.0,2,0.0,0.0,4.0,-4.0,-6.92,-7.22,0.4,3.0,-2.6,-4.51,-3.24,Matches
14,15,Zeki Amdouni,"MF,FW",ch Switzerland,23-222,2000,4,57.0,14.0,11.9,0.6,0,,0,4,14.0,1,1.5,1.0,1.0,0.0,0.0,-0.85,1.4,0.9,0.5,0.85,0.58,Matches
15,16,Joachim Andersen,DF,dk Denmark,28-043,1996,4,360.0,90.0,100.0,4.0,4,90.0,4,0,,0,0.75,2.0,4.0,-2.0,-0.5,,4.3,4.8,-0.5,-0.12,,Matches
16,17,Robert Andrich,MF,de Germany,29-295,1994,5,318.0,64.0,66.3,3.5,4,61.0,0,1,75.0,0,2.0,7.0,3.0,4.0,1.13,-0.53,6.6,3.5,3.1,0.98,-0.06,Matches
17,18,Waldemar Anton,DF,de Germany,27-359,1996,2,33.0,17.0,6.9,0.4,0,,0,2,17.0,3,1.5,0.0,1.0,-1.0,-2.73,-4.34,1.0,0.9,0.0,0.55,-0.45,Matches
18,19,Alphonse Areola,GK,fr France,31-137,1993,0,,,,,0,,0,0,,6,,,,,,,,,,,,Matches
19,20,Stuart Armstrong,MF,sct Scotland,32-105,1992,1,15.0,15.0,5.6,0.2,0,,0,1,15.0,2,0.0,0.0,1.0,-1.0,-6.0,-4.59,0.1,0.8,-0.7,-3.96,-2.96,Matches
20,21,Marko Arnautović,FW,at Austria,35-085,1989,4,279.0,70.0,77.5,3.1,3,82.0,1,1,32.0,0,1.5,6.0,5.0,1.0,0.32,0.32,5.8,5.0,0.8,0.25,0.38,Matches
21,22,Jasir Asani,FW,al Albania,29-055,1995,3,210.0,70.0,77.8,2.3,3,70.0,0,0,,0,0.33,2.0,3.0,-1.0,-0.43,1.07,1.4,4.3,-2.8,-1.22,-0.64,Matches
22,23,Kristjan Asllani,MF,al Albania,22-126,2002,3,270.0,90.0,100.0,3.0,3,90.0,3,0,,0,0.33,3.0,5.0,-2.0,-0.67,,2.4,5.7,-3.2,-1.07,,Matches
23,24,Kaan Ayhan,"MF,DF",tr Türkiye,29-246,1994,5,358.0,72.0,79.6,4.0,4,78.0,1,1,45.0,0,1.8,7.0,8.0,-1.0,-0.25,-1.23,5.8,7.7,-1.9,-0.47,-0.74,Matches
24,25,Srđan Babić,DF,rs Serbia,28-082,1996,0,,,,,0,,0,0,,3,,,,,,,,,,,,Matches
26,26,Alex Baena,"MF,FW",es Spain,22-359,2001,2,27.0,14.0,4.7,0.3,0,,0,2,14.0,4,3.0,0.0,0.0,0.0,0.0,-1.66,0.4,0.2,0.2,0.52,-0.23,Matches
27,27,Alexander Bah,"DF,MF",dk Denmark,26-217,1997,4,281.0,70.0,78.1,3.1,3,82.0,1,1,34.0,0,0.75,1.0,3.0,-2.0,-0.64,-0.64,3.9,3.5,0.4,0.12,1.09,Matches
28,28,Nedim Bajrami,"FW,MF",al Albania,25-136,1999,3,245.0,82.0,90.7,2.7,3,82.0,1,0,,0,0.33,3.0,5.0,-2.0,-0.73,-0.73,1.9,5.4,-3.5,-1.28,-2.2,Matches
29,29,Johan Bakayoko,"FW,DF",be Belgium,21-084,2003,2,48.0,24.0,13.3,0.5,0,,0,2,24.0,2,0.5,0.0,0.0,0.0,0.0,0.0,1.1,0.6,0.5,0.98,0.81,Matches
30,30,Jure Balkovec,DF,si Slovenia,29-308,1994,2,121.0,61.0,31.0,1.3,1,120.0,1,1,1.0,2,1.0,0.0,0.0,0.0,0.0,0.0,0.6,2.0,-1.4,-1.41,-0.98,Matches
31,31,Iván Balliu,DF,al Albania,32-194,1992,1,90.0,90.0,33.3,1.0,1,90.0,1,0,,2,0.0,0.0,1.0,-1.0,-1.0,-0.5,0.5,1.5,-1.0,-1.02,0.07,Matches
32,32,Botond Balogh,DF,hu Hungary,22-037,2002,0,,,,,0,,0,0,,3,,,,,,,,,,,,Matches
33,33,Nicușor Bancu,DF,ro Romania,31-299,1992,3,270.0,90.0,75.0,3.0,3,90.0,3,0,,0,1.33,4.0,3.0,1.0,0.33,3.33,3.2,3.3,-0.1,-0.04,2.48,Matches
34,34,Antonín Barák,MF,cz Czechia,29-223,1994,3,41.0,14.0,15.2,0.5,1,19.0,0,2,11.0,0,0.33,0.0,1.0,-1.0,-2.2,-1.8,0.5,1.0,-0.4,-0.96,-1.42,Matches
35,35,Bradley Barcola,"FW,MF",fr France,21-315,2002,3,103.0,34.0,18.1,1.1,1,60.0,0,2,22.0,3,0.67,1.0,0.0,1.0,0.87,0.87,2.6,0.5,2.1,2.14,1.82,Matches
36,36,Abdülkerim Bardakcı,DF,tr Türkiye,29-310,1994,4,360.0,90.0,80.0,4.0,4,90.0,4,0,,0,1.5,6.0,7.0,-1.0,-0.25,-1.25,5.9,7.3,-1.4,-0.35,-0.11,Matches
37,37,Nicolò Barella,MF,it Italy,27-157,1997,4,332.0,83.0,92.2,3.7,4,83.0,2,0,,0,1.0,3.0,5.0,-2.0,-0.54,-0.54,2.7,4.5,-1.8,-0.48,-1.75,Matches
38,38,Alessandro Bastoni,DF,it Italy,25-091,1999,4,360.0,90.0,100.0,4.0,4,90.0,4,0,,0,1.0,3.0,5.0,-2.0,-0.5,,3.3,4.7,-1.4,-0.35,,Matches
39,39,Martin Baturina,FW,hr Croatia,21-148,2003,1,7.0,7.0,2.6,0.1,0,,0,1,7.0,2,1.0,0.0,1.0,-1.0,-12.86,-12.17,0.2,0.5,-0.2,-3.18,-3.72,Matches
40,40,Oliver Baumann,GK,de Germany,34-041,1990,0,,,,,0,,0,0,,5,,,,,,,,,,,,Matches
41,41,Christoph Baumgartner,"MF,FW",at Austria,24-347,1999,4,289.0,72.0,80.3,3.2,3,87.0,2,1,29.0,0,1.5,5.0,5.0,0.0,0.0,-1.27,5.7,4.4,1.3,0.4,1.19,Matches
42,42,Altay Bayındır,GK,tr Türkiye,26-090,1998,1,90.0,90.0,20.0,1.0,1,90.0,1,0,,4,0.0,0.0,3.0,-3.0,-3.0,-3.75,0.7,1.9,-1.1,-1.15,-1.03,Matches
43,43,Jan Bednarek,DF,pl Poland,28-092,1996,3,270.0,90.0,100.0,3.0,3,90.0,3,0,,0,0.33,3.0,6.0,-3.0,-1.0,,4.1,5.9,-1.8,-0.6,,Matches
44,44,Maximilian Beier,FW,de Germany,21-270,2002,1,26.0,26.0,5.4,0.3,0,,0,1,26.0,4,1.0,1.0,0.0,1.0,3.46,2.27,0.8,0.1,0.7,2.41,1.49,Matches
45,45,Vid Belec,GK,si Slovenia,34-037,1990,0,,,,,0,,0,0,,4,,,,,,,,,,,,Matches
46,46,Raoul Bellanova,"DF,MF",it Italy,24-057,2000,0,,,,,0,,0,0,,4,,,,,,,,,,,,Matches
47,47,Jude Bellingham,MF,eng England,21-014,2003,6,580.0,97.0,96.7,6.4,6,97.0,4,0,,0,2.0,7.0,4.0,3.0,0.47,0.47,5.4,4.9,0.5,0.08,0.49,Matches
48,48,László Bénes,MF,sk Slovakia,26-308,1997,2,71.0,36.0,18.2,0.8,0,,0,2,36.0,2,0.0,0.0,3.0,-3.0,-3.8,-4.37,1.2,0.9,0.3,0.68,1.11,Matches
49,49,Bartosz Bereszyński,DF,pl Poland,32-001,1992,1,5.0,5.0,1.9,0.1,0,,0,1,5.0,2,0.0,0.0,0.0,0.0,0.0,1.02,0.4,0.0,0.4,6.74,7.47,Matches
50,50,Steven Bergwijn,FW,nl Netherlands,26-279,1997,2,90.0,45.0,16.7,1.0,2,45.0,0,0,,4,3.0,1.0,1.0,0.0,0.0,-0.6,0.9,0.8,0.1,0.1,-0.19,Matches
52,51,Etrit Berisha,GK,al Albania,35-125,1989,0,,,,,0,,0,0,,3,,,,,,,,,,,,Matches
53,52,Medon Berisha,MF,al Albania,20-266,2003,1,21.0,21.0,7.8,0.2,0,,0,1,21.0,2,0.0,0.0,0.0,0.0,0.0,0.72,0.2,0.2,0.0,-0.01,1.15,Matches
54,53,Victor Bernth Kristiansen,"DF,MF",dk Denmark,21-210,2002,4,156.0,39.0,43.3,1.7,2,67.0,0,2,12.0,0,0.75,2.0,2.0,0.0,0.0,0.88,2.0,2.0,0.1,0.03,0.27,Matches
55,54,Matúš Bero,"MF,DF",sk Slovakia,28-311,1995,2,41.0,21.0,10.5,0.5,0,,0,2,21.0,2,0.5,0.0,2.0,-2.0,-4.39,-4.65,1.0,0.5,0.5,3.69,4.12,Matches
56,55,Justin Bijlow,GK,nl Netherlands,26-173,1998,0,,,,,0,,0,0,,6,,,,,,,,,,,,Matches
57,56,Jaka Bijol,DF,si Slovenia,25-159,1999,4,390.0,98.0,100.0,4.3,4,98.0,4,0,,0,1.0,2.0,2.0,0.0,0.0,,3.2,6.1,-2.9,-0.71,-0.71,Matches
58,57,Daniel Birligea,FW,ro Romania,24-085,2000,0,,,,,0,,0,0,,4,,,,,,,,,,,,Matches
59,58,Veljko Birmančević,DF,rs Serbia,26-130,1998,2,26.0,13.0,9.6,0.3,0,,0,2,13.0,1,0.5,1.0,0.0,1.0,3.46,4.2,0.4,0.2,0.2,0.79,1.05,Matches
60,59,Miha Blažič,DF,si Slovenia,31-066,1993,0,,,,,0,,0,0,,4,,,,,,,,,,,,Matches
61,60,Daley Blind,FW,nl Netherlands,34-126,1990,1,1.0,1.0,0.2,0.0,0,,0,1,1.0,5,3.0,1.0,0.0,1.0,90.0,89.67,0.4,0.0,0.4,33.34,33.14,Matches
62,61,Bendegúz Bolla,DF,hu Hungary,24-234,1999,3,204.0,68.0,75.6,2.3,2,80.0,0,1,45.0,0,1.0,1.0,3.0,-2.0,-0.88,0.48,2.2,2.2,0.0,0.0,0.3,Matches
63,62,Valerii Bondar,DF,ua Ukraine,25-137,1999,0,,,,,0,,0,0,,3,,,,,,,,,,,,Matches
64,63,Endre Botka,DF,hu Hungary,29-323,1994,1,90.0,90.0,33.3,1.0,1,90.0,1,0,,2,3.0,1.0,0.0,1.0,1.0,3.0,1.2,0.2,1.1,1.05,1.69,Matches
65,64,Jarrod Bowen,FW,eng England,27-206,1996,2,37.0,19.0,6.2,0.4,0,,0,2,19.0,4,2.0,0.0,0.0,0.0,0.0,-0.48,0.4,0.6,-0.2,-0.51,-0.58,Matches
66,65,Róbert Boženík,FW,sk Slovakia,24-238,1999,4,208.0,52.0,53.3,2.3,2,64.0,0,2,40.0,0,1.0,2.0,3.0,-1.0,-0.43,-0.43,2.0,3.6,-1.5,-0.77,-0.84,Matches
67,66,Volodymyr Brazhko,MF,ua Ukraine,22-172,2002,3,182.0,61.0,67.4,2.0,2,77.0,0,1,29.0,0,1.33,2.0,1.0,1.0,0.49,3.56,2.2,1.4,0.9,0.43,1.09,Matches
68,67,David Brekalo,MF,si Slovenia,25-223,1998,2,2.0,1.0,0.5,0.0,0,,0,2,1.0,2,1.0,0.0,1.0,-1.0,-45.0,-45.23,0.0,0.2,-0.2,-10.78,-10.18,Matches
69,68,Brian Brobbey,FW,nl Netherlands,22-163,2002,1,1.0,1.0,0.2,0.0,0,,0,1,1.0,4,0.0,0.0,0.0,0.0,0.0,-0.5,0.0,0.0,0.0,0.0,-0.26,Matches
70,69,Armando Broja,FW,al Albania,22-307,2001,2,108.0,54.0,40.0,1.2,1,76.0,0,1,32.0,1,0.0,1.0,2.0,-1.0,-0.83,-0.28,0.7,1.8,-1.1,-0.92,0.26,Matches
71,70,Marcelo Brozović,MF,hr Croatia,31-240,1992,3,225.0,75.0,83.3,2.5,3,75.0,2,0,,0,0.67,1.0,5.0,-4.0,-1.6,-3.6,3.3,3.8,-0.5,-0.19,-3.78,Matches
72,71,Jacob Bruun Larsen,FW,dk Denmark,25-298,1998,1,10.0,10.0,2.8,0.1,0,,0,1,10.0,3,0.0,0.0,0.0,0.0,0.0,0.51,0.1,0.4,-0.3,-2.49,-2.44,Matches
73,72,Ante Budimir,FW,hr Croatia,32-357,1991,3,122.0,41.0,45.2,1.4,1,55.0,0,2,34.0,0,0.67,3.0,5.0,-2.0,-1.48,-0.87,3.3,2.8,0.5,0.37,-0.13,Matches
74,73,Adam Buksa,FW,pl Poland,28-001,1996,2,149.0,75.0,55.2,1.7,2,75.0,1,0,,1,0.0,2.0,3.0,-1.0,-0.6,0.88,2.4,2.1,0.3,0.18,1.73,Matches
75,74,Alessandro Buongiorno,DF,it Italy,25-037,1999,0,,,,,0,,0,0,,4,,,,,,,,,,,,Matches
76,75,Andrei Burcă,DF,ro Romania,31-089,1993,4,360.0,90.0,100.0,4.0,4,90.0,4,0,,0,1.0,4.0,6.0,-2.0,-0.5,,3.5,6.1,-2.6,-0.66,,Matches
78,76,Heorhiy Bushchan,GK,ua Ukraine,30-043,1994,0,,,,,0,,0,0,,3,,,,,,,,,,,,Matches
79,77,Marcin Bułka,GK,pl Poland,24-283,1999,0,,,,,0,,0,0,,3,,,,,,,,,,,,Matches
80,78,Uğurcan Çakır,GK,tr Türkiye,28-099,1996,0,,,0.0,0.0,0,,0,0,,4,3.0,2.0,1.0,1.0,,,,,,,,Matches
81,79,Riccardo Calafiori,DF,it Italy,22-055,2002,3,270.0,90.0,75.0,3.0,3,90.0,3,0,,0,1.33,3.0,3.0,0.0,0.0,2.0,2.6,3.5,-0.9,-0.29,0.24,Matches
82,80,Hakan Çalhanoğlu,MF,tr Türkiye,30-156,1994,4,355.0,89.0,78.9,3.9,4,89.0,2,0,,0,1.5,4.0,7.0,-3.0,-0.76,-3.6,5.3,5.6,-0.3,-0.08,1.16,Matches
83,81,Eduardo Camavinga,MF,fr France,21-246,2002,4,169.0,42.0,29.6,1.9,1,90.0,0,3,26.0,2,1.25,0.0,1.0,-1.0,-0.53,-0.98,1.6,1.9,-0.3,-0.18,-1.11,Matches
84,82,Andrea Cambiaso,"FW,DF",it Italy,24-144,2000,3,76.0,25.0,21.1,0.8,0,,0,3,25.0,1,1.0,0.0,1.0,-1.0,-1.18,-0.87,0.2,1.4,-1.2,-1.46,-1.4,Matches
85,83,Emre Can,MF,de Germany,30-183,1994,4,102.0,26.0,21.3,1.1,1,45.0,0,3,19.0,1,2.25,2.0,1.0,1.0,0.88,-0.55,1.6,0.8,0.8,0.69,-0.39,Matches
86,84,João Cancelo,"DF,MF",pt Portugal,30-047,1994,4,345.0,86.0,67.6,3.8,4,86.0,0,0,,1,2.0,4.0,1.0,3.0,0.78,1.33,5.5,2.3,3.2,0.83,-0.17,Matches
87,85,Yannick Carrasco,"DF,FW",be Belgium,30-313,1993,4,218.0,55.0,60.6,2.4,2,85.0,0,2,24.0,0,1.0,1.0,2.0,-1.0,-0.41,-1.05,2.6,2.5,0.1,0.05,-0.57,Matches
88,86,Dani Carvajal,DF,es Spain,32-184,1992,4,379.0,95.0,66.5,4.2,4,95.0,2,0,,1,3.0,9.0,2.0,7.0,1.66,0.25,8.2,4.7,3.5,0.84,0.28,Matches
89,87,Timothy Castagne,DF,be Belgium,28-221,1995,4,357.0,89.0,99.2,4.0,4,89.0,3,0,,0,1.0,2.0,2.0,0.0,0.0,0.0,4.4,3.4,1.1,0.27,-0.25,Matches
90,88,Koen Casteels,GK,be Belgium,32-018,1992,4,360.0,90.0,100.0,4.0,4,90.0,4,0,,0,1.0,2.0,2.0,0.0,0.0,,4.5,3.4,1.1,0.28,,Matches
91,89,Žan Celar,"FW,MF",si Slovenia,25-121,1999,3,67.0,22.0,17.2,0.7,0,,0,3,22.0,1,1.0,1.0,0.0,1.0,1.34,1.62,0.8,1.3,-0.6,-1.41,-0.83,Matches
92,90,Zeki Çelik,"DF,MF",tr Türkiye,27-147,1997,3,105.0,35.0,23.3,1.2,1,90.0,1,2,8.0,2,1.0,1.0,3.0,-2.0,-1.71,-2.24,2.3,2.1,0.1,0.12,0.58,Matches
93,91,Václav Černý,MF,cz Czechia,26-270,1997,1,54.0,54.0,20.0,0.6,1,54.0,0,0,,2,1.0,0.0,1.0,-1.0,-1.67,-1.25,1.7,0.8,0.9,1.45,1.52,Matches
94,92,Lukáš Červ,MF,cz Czechia,23-094,2001,0,,,0.0,0.0,0,,0,0,,2,0.0,1.0,2.0,-1.0,,,,,,,,Matches
95,93,Giorgi Chakvetadze,"MF,FW",ge Georgia,24-319,1999,4,244.0,61.0,67.8,2.7,3,72.0,0,1,29.0,0,1.0,4.0,4.0,0.0,0.0,2.33,3.0,5.2,-2.2,-0.81,2.87,Matches
96,94,Federico Chiesa,"FW,MF",it Italy,26-262,1997,4,263.0,66.0,73.1,2.9,3,76.0,1,1,34.0,0,1.0,3.0,4.0,-1.0,-0.34,0.59,2.7,3.0,-0.3,-0.11,0.9,Matches
97,95,Tomáš Chorý,MF,cz Czechia,29-169,1995,2,36.0,18.0,13.3,0.4,0,,0,2,18.0,1,0.0,1.0,1.0,0.0,0.0,0.77,1.0,0.6,0.4,1.02,0.9,Matches
98,96,Andreas Christensen,DF,dk Denmark,28-094,1996,4,350.0,88.0,97.2,3.9,4,88.0,3,0,,0,0.75,2.0,4.0,-2.0,-0.51,-0.51,4.2,4.4,-0.2,-0.05,2.44,Matches
99,97,Ryan Christie,"MF,FW",sct Scotland,29-142,1995,3,99.0,33.0,36.7,1.1,1,90.0,1,2,5.0,0,0.33,0.0,5.0,-5.0,-4.55,-4.55,0.2,2.8,-2.6,-2.59,-2.14,Matches
100,98,Mojmir Chytil,FW,cz Czechia,25-075,1999,3,107.0,36.0,39.6,1.2,1,54.0,0,2,27.0,0,0.33,1.0,3.0,-2.0,-1.68,-1.68,1.2,1.8,-0.6,-0.5,-1.23,Matches
101,99,Alexandru Cicâldău,MF,ro Romania,27-005,1997,1,19.0,19.0,5.3,0.2,0,,0,1,19.0,3,0.0,0.0,2.0,-2.0,-9.47,-9.47,0.0,1.1,-1.1,-5.32,-4.92,Matches
102,100,Zander Clark,GK,sct Scotland,32-017,1992,0,,,,,0,,0,0,,3,,,,,,,,,,,,Matches
104,101,Jonathan Clauss,"DF,FW",fr France,31-292,1992,0,,,,,0,,0,0,,6,,,,,,,,,,,,Matches
105,102,Florinel Coman,MF,ro Romania,26-094,1998,2,118.0,59.0,32.8,1.3,2,59.0,0,0,,1,2.0,4.0,1.0,3.0,2.29,4.15,2.2,1.0,1.2,0.91,2.34,Matches
106,103,Kingsley Coman,MF,fr France,28-030,1996,1,16.0,16.0,2.8,0.2,0,,0,1,16.0,5,1.0,0.0,0.0,0.0,0.0,-0.16,0.0,0.0,0.0,0.08,-0.53,Matches
107,104,Francisco Conceição,"FW,MF",pt Portugal,21-212,2002,4,182.0,46.0,35.7,2.0,1,90.0,1,3,31.0,1,1.25,1.0,2.0,-1.0,-0.49,-1.32,5.0,2.5,2.5,1.83,1.25,Matches
108,105,Tommy Conway,FW,sct Scotland,21-342,2002,0,,,,,0,,0,0,,3,,,,,,,,,,,,Matches
109,106,Liam Cooper,DF,sct Scotland,32-318,1991,0,,,,,0,,0,0,,3,,,,,,,,,,,,Matches
110,107,Diogo Costa,GK,pt Portugal,24-298,1999,5,510.0,102.0,100.0,5.7,5,102.0,5,0,,0,1.6,5.0,3.0,2.0,0.35,,9.5,4.5,5.0,1.0,1.0,Matches
111,108,Vladimír Coufal,"DF,FW",cz Czechia,31-326,1992,3,270.0,90.0,100.0,3.0,3,90.0,3,0,,0,0.33,3.0,5.0,-2.0,-0.67,,5.1,4.3,0.7,0.24,,Matches
112,109,Bryan Cristante,MF,it Italy,29-132,1995,3,133.0,44.0,36.9,1.5,1,74.0,0,2,30.0,1,1.0,0.0,3.0,-3.0,-2.03,-2.43,0.8,2.4,-1.7,-1.12,-1.23,Matches
113,110,Kevin Csoboth,DF,hu Hungary,24-023,2000,2,9.0,5.0,3.3,0.1,0,,0,2,5.0,1,1.5,1.0,0.0,1.0,10.0,11.38,1.1,0.2,0.8,8.32,8.68,Matches
114,111,Marc Cucurella,DF,es Spain,25-357,1998,5,455.0,91.0,79.8,5.1,5,91.0,4,0,,1,3.0,10.0,3.0,7.0,1.38,-0.96,8.1,5.6,2.4,0.52,-0.89,Matches
115,112,Mirlind Daku,FW,al Albania,26-194,1998,1,6.0,6.0,2.2,0.1,0,,0,1,6.0,1,1.0,1.0,0.0,1.0,15.0,16.02,0.5,0.2,0.2,3.71,4.89,Matches
116,113,Diogo Dalot,"DF,MF",pt Portugal,25-117,1999,2,152.0,76.0,29.8,1.7,2,76.0,1,0,,3,1.5,0.0,3.0,-3.0,-1.78,-3.03,3.0,1.8,1.2,0.7,-0.26,Matches
117,114,Mikkel Damsgaard,FW,dk Denmark,24-010,2000,1,34.0,34.0,9.4,0.4,0,,0,1,34.0,3,1.0,0.0,0.0,0.0,0.0,0.55,0.5,0.2,0.3,0.85,1.07,Matches
118,115,Flavius Daniliuc,DF,at Austria,23-077,2001,0,,,,,0,,0,0,,4,,,,,,,,,,,,Matches
119,116,Kevin Danso,DF,at Austria,25-298,1998,3,212.0,71.0,58.9,2.4,2,90.0,2,1,32.0,1,1.0,3.0,3.0,0.0,0.0,-0.61,5.3,3.4,1.9,0.81,1.56,Matches
120,117,Márton Dárdai,DF,hu Hungary,22-152,2002,3,175.0,58.0,64.8,1.9,2,82.0,1,1,12.0,0,1.0,0.0,3.0,-3.0,-1.54,-1.54,1.6,2.1,-0.5,-0.28,-0.59,Matches
121,118,Matteo Darmian,DF,it Italy,34-224,1989,3,161.0,54.0,44.7,1.8,2,77.0,0,1,8.0,1,1.33,0.0,3.0,-3.0,-1.68,-2.13,1.4,2.3,-0.9,-0.5,-0.28,Matches
122,119,Zuriko Davitashvili,"FW,MF",ge Georgia,23-149,2001,4,115.0,29.0,31.9,1.3,1,61.0,0,3,18.0,0,1.0,1.0,4.0,-3.0,-2.35,-2.35,1.4,6.1,-4.7,-3.71,-2.9,Matches
123,120,Paweł Dawidowicz,DF,pl Poland,29-054,1995,2,180.0,90.0,66.7,2.0,2,90.0,2,0,,1,0.5,2.0,4.0,-2.0,-1.0,0.0,2.8,4.4,-1.7,-0.83,-0.71,Matches
124,121,Kevin De Bruyne,MF,be Belgium,33-015,1991,4,360.0,90.0,100.0,4.0,4,90.0,4,0,,0,1.0,2.0,2.0,0.0,0.0,,4.5,3.4,1.1,0.28,,Matches
125,122,Maxim De Cuyper,"DF,MF",be Belgium,23-204,2000,0,,,,,0,,0,0,,4,,,,,,,,,,,,Matches
126,123,Charles De Ketelaere,FW,be Belgium,23-125,2001,1,3.0,3.0,0.8,0.0,0,,0,1,3.0,3,0.0,0.0,0.0,0.0,0.0,0.0,0.0,0.0,0.0,0.52,0.25,Matches
127,124,Vernon De Marco Morlacchi,DF,sk Slovakia,31-238,1992,0,,,,,0,,0,0,,4,,,,,,,,,,,,Matches
128,125,Zeno Debast,DF,be Belgium,20-263,2003,2,104.0,52.0,28.9,1.2,1,90.0,1,1,14.0,2,1.5,1.0,1.0,0.0,0.0,0.0,2.2,0.9,1.2,1.07,1.12,Matches
130,126,Thomas Delaney,MF,dk Denmark,32-314,1991,3,84.0,28.0,23.3,0.9,1,68.0,0,2,8.0,0,0.67,0.0,2.0,-2.0,-2.14,-2.14,0.9,2.4,-1.4,-1.55,-1.87,Matches
131,127,Ousmane Dembélé,"FW,MF",fr France,27-059,1997,5,361.0,72.0,63.3,4.0,4,77.0,0,1,54.0,1,1.2,3.0,3.0,0.0,0.0,-0.43,7.2,4.0,3.2,0.88,0.67,Matches
132,128,Merih Demiral,DF,tr Türkiye,26-130,1998,4,208.0,52.0,46.2,2.3,2,90.0,2,2,14.0,0,2.25,5.0,2.0,3.0,1.3,2.41,3.2,5.2,-1.9,-0.84,-0.96,Matches
133,129,Giovanni Di Lorenzo,"DF,FW",it Italy,30-344,1993,4,360.0,90.0,100.0,4.0,4,90.0,4,0,,0,1.0,3.0,5.0,-2.0,-0.5,,3.3,4.7,-1.4,-0.35,,Matches
134,130,Rúben Dias,DF,pt Portugal,27-060,1997,4,420.0,105.0,82.4,4.7,4,105.0,4,0,,1,2.0,5.0,1.0,4.0,0.86,2.86,7.5,2.8,4.7,1.17,0.96,Matches
135,131,Dénes Dibusz,GK,hu Hungary,33-240,1990,0,,,,,0,,0,0,,3,,,,,,,,,,,,Matches
136,132,Federico Dimarco,"DF,FW",it Italy,26-246,1997,3,228.0,76.0,63.3,2.5,3,76.0,1,0,,1,1.33,2.0,3.0,-1.0,-0.39,0.29,2.1,3.2,-1.1,-0.43,-0.21,Matches
137,133,Berat Djimsiti,DF,al Albania,31-145,1993,3,270.0,90.0,100.0,3.0,3,90.0,3,0,,0,0.33,3.0,5.0,-2.0,-0.67,,2.4,5.7,-3.2,-1.07,,Matches
138,134,Jeremy Doku,"FW,MF",be Belgium,22-047,2002,4,320.0,80.0,88.9,3.6,4,80.0,1,0,,0,1.0,1.0,2.0,-1.0,-0.28,-2.53,3.7,2.5,1.1,0.31,0.32,Matches
139,135,Kasper Dolberg,FW,dk Denmark,26-281,1997,2,40.0,20.0,11.1,0.4,0,,0,2,20.0,2,1.0,0.0,0.0,0.0,0.0,0.56,0.1,0.2,-0.1,-0.2,-0.1,Matches
140,136,Gianluigi Donnarumma,GK,it Italy,25-139,1999,4,360.0,90.0,100.0,4.0,4,90.0,4,0,,0,1.0,3.0,5.0,-2.0,-0.5,,3.3,4.7,-1.4,-0.35,,Matches
141,137,David Doudera,FW,cz Czechia,26-043,1998,1,90.0,90.0,33.3,1.0,1,90.0,1,0,,2,0.0,1.0,2.0,-1.0,-1.0,-0.5,0.4,1.9,-1.4,-1.44,-2.52,Matches
142,138,Artem Dovbyk,FW,ua Ukraine,27-022,1997,3,246.0,82.0,91.1,2.7,3,82.0,2,0,,0,1.33,1.0,4.0,-3.0,-1.1,-4.85,2.6,2.6,0.1,0.03,-0.51,Matches
143,139,Denis Drăguș,FW,ro Romania,25-007,1999,4,291.0,73.0,80.8,3.2,4,73.0,0,0,,0,1.0,4.0,4.0,0.0,0.0,2.61,3.1,4.4,-1.2,-0.38,1.46,Matches
144,140,Radu Drăgușin,DF,ro Romania,22-161,2002,4,360.0,90.0,100.0,4.0,4,90.0,4,0,,0,1.0,4.0,6.0,-2.0,-0.5,,3.5,6.1,-2.6,-0.66,,Matches
145,141,Anders Dreyer,"FW,MF",dk Denmark,26-072,1998,0,,,,,0,,0,0,,4,,,,,,,,,,,,Matches
146,142,Vanja Drkušič,DF,si Slovenia,24-257,1999,4,390.0,98.0,100.0,4.3,4,98.0,4,0,,0,1.0,2.0,2.0,0.0,0.0,,3.2,6.1,-2.9,-0.71,-0.71,Matches
147,143,Kwadwo Duah,FW,ch Switzerland,27-140,1997,3,107.0,36.0,22.3,1.2,1,67.0,0,2,20.0,2,2.33,2.0,2.0,0.0,0.0,-0.97,1.6,2.0,-0.4,-0.36,-0.9,Matches
148,144,Martin Dúbravka,GK,sk Slovakia,35-180,1989,4,390.0,98.0,100.0,4.3,4,98.0,4,0,,0,1.0,4.0,5.0,-1.0,-0.23,,4.4,5.8,-1.4,-0.34,-0.34,Matches
149,145,Ondrej Duda,MF,sk Slovakia,29-221,1994,4,317.0,79.0,81.3,3.5,4,79.0,0,0,,0,1.0,4.0,2.0,2.0,0.57,4.27,3.2,4.9,-1.7,-0.47,-0.85,Matches
150,146,Denzel Dumfries,DF,nl Netherlands,28-086,1996,5,449.0,90.0,83.1,5.0,5,90.0,4,0,,1,2.0,8.0,4.0,4.0,0.8,1.79,6.2,5.5,0.7,0.15,-0.66,Matches
151,147,Lewis Dunk,DF,eng England,32-235,1991,0,,,,,0,,0,0,,6,,,,,,,,,,,,Matches
152,148,Dávid Ďuriš,"FW,MF",sk Slovakia,25-113,1999,2,23.0,12.0,5.9,0.3,0,,0,2,12.0,2,2.0,0.0,0.0,0.0,0.0,0.25,0.0,0.1,-0.1,-0.35,-0.04,Matches
153,149,Lasha Dvali,DF,ge Georgia,29-060,1995,4,360.0,90.0,100.0,4.0,4,90.0,4,0,,0,1.0,5.0,8.0,-3.0,-0.75,,4.4,11.3,-6.9,-1.74,,Matches
154,150,Timi Elšnik,MF,si Slovenia,26-075,1998,4,359.0,90.0,92.1,4.0,4,90.0,1,0,,0,1.0,1.0,1.0,0.0,0.0,0.0,2.5,5.7,-3.2,-0.8,-1.71,Matches
156,151,Nico Elvedi,DF,ch Switzerland,27-287,1996,0,,,,,0,,0,0,,5,,,,,,,,,,,,Matches
157,152,Breel Embolo,FW,ch Switzerland,27-150,1997,5,296.0,59.0,61.7,3.3,3,83.0,0,2,24.0,0,1.8,5.0,1.0,4.0,1.22,1.22,3.8,2.6,1.2,0.37,0.06,Matches
158,153,Maximilian Entrup,FW,at Austria,26-354,1997,0,,,,,0,,0,0,,4,,,,,,,,,,,,Matches
159,154,Christian Eriksen,"MF,FW",dk Denmark,32-150,1992,4,348.0,87.0,96.7,3.9,4,87.0,2,0,,0,0.75,2.0,4.0,-2.0,-0.52,-0.52,3.8,4.7,-0.8,-0.21,-2.64,Matches
160,155,Martin Erlic,DF,hr Croatia,26-171,1998,0,,,,,0,,0,0,,3,,,,,,,,,,,,Matches
161,156,Eberechi Eze,"DF,MF",eng England,26-014,1998,3,102.0,34.0,17.0,1.1,0,,0,3,34.0,3,1.67,3.0,0.0,3.0,2.65,2.65,1.0,1.9,-0.9,-1.86,-2.04,Matches
162,157,Wout Faes,DF,be Belgium,26-101,1998,4,360.0,90.0,100.0,4.0,4,90.0,4,0,,0,1.0,2.0,2.0,0.0,0.0,,4.5,3.4,1.1,0.28,,Matches
163,158,Nicolò Fagioli,MF,it Italy,23-152,2001,2,95.0,48.0,26.4,1.1,1,85.0,0,1,10.0,2,0.5,1.0,2.0,-1.0,-0.95,-0.61,0.8,1.2,-0.4,-0.42,-0.1,Matches
164,159,João Félix,"MF,FW",pt Portugal,24-246,1999,2,105.0,53.0,20.6,1.2,1,90.0,1,1,15.0,3,0.5,0.0,2.0,-2.0,-1.71,-2.6,2.2,1.9,0.3,0.3,-0.7,Matches
165,160,Bruno Fernandes,MF,pt Portugal,29-309,1994,4,374.0,94.0,73.3,4.2,4,94.0,3,0,,1,2.0,5.0,1.0,4.0,0.96,2.29,6.4,2.3,4.1,1.08,0.61,Matches
166,161,Attila Fiola,DF,hu Hungary,34-147,1990,2,180.0,90.0,66.7,2.0,2,90.0,2,0,,1,0.0,1.0,5.0,-4.0,-2.0,-3.0,2.4,3.7,-1.3,-0.63,-1.69,Matches
167,162,Mark Flekken,GK,nl Netherlands,31-030,1993,0,,,,,0,,0,0,,6,,,,,,,,,,,,Matches
168,163,Phil Foden,"FW,MF",eng England,24-046,2000,6,529.0,88.0,88.2,5.9,6,88.0,1,0,,0,2.0,4.0,4.0,0.0,0.0,-3.8,4.6,3.6,1.0,0.16,1.08,Matches
169,164,Youssouf Fofana,MF,fr France,25-185,1999,3,41.0,14.0,7.2,0.5,0,,0,3,14.0,3,1.67,0.0,0.0,0.0,0.0,-0.17,0.6,1.0,-0.4,-3.14,-3.81,Matches
170,165,Michael Folorunsho,FW,it Italy,26-157,1998,1,1.0,1.0,0.3,0.0,0,,0,1,1.0,3,3.0,0.0,0.0,0.0,0.0,0.5,0.0,0.0,0.0,-3.78,-3.44,Matches
171,166,James Forrest,"FW,MF",sct Scotland,33-006,1991,0,,,,,0,,0,0,,3,,,,,,,,,,,,Matches
172,167,Przemysław Frankowski,DF,pl Poland,29-092,1995,3,270.0,90.0,100.0,3.0,3,90.0,3,0,,0,0.33,3.0,6.0,-3.0,-1.0,,4.1,5.9,-1.8,-0.6,,Matches
173,168,Davide Frattesi,MF,it Italy,24-265,1999,4,185.0,46.0,51.4,2.1,2,68.0,1,2,25.0,0,1.0,3.0,2.0,1.0,0.49,2.03,2.1,2.3,-0.3,-0.14,0.43,Matches
174,169,Remo Freuler,MF,ch Switzerland,32-089,1992,5,456.0,91.0,95.0,5.1,5,91.0,2,0,,0,1.8,7.0,4.0,3.0,0.59,-3.16,5.6,4.6,1.0,0.19,-3.12,Matches
175,170,Jeremie Frimpong,FW,nl Netherlands,23-216,2000,3,86.0,29.0,15.9,1.0,1,72.0,0,2,7.0,3,2.33,1.0,0.0,1.0,1.05,0.65,0.6,2.1,-1.5,-1.52,-2.12,Matches
176,171,Chris Führich,FW,de Germany,26-186,1998,1,19.0,19.0,4.0,0.2,0,,0,1,19.0,4,3.0,0.0,0.0,0.0,0.0,-1.37,0.5,0.3,0.2,0.91,-0.09,Matches
177,172,Niclas Füllkrug,FW,de Germany,31-155,1993,5,166.0,33.0,34.6,1.8,0,,0,5,33.0,0,2.0,6.0,2.0,4.0,2.17,1.31,4.1,1.8,2.3,1.51,0.72,Matches
178,173,Mijat Gaćinović,DF,rs Serbia,29-156,1995,1,45.0,45.0,16.7,0.5,0,,0,1,45.0,2,1.0,1.0,1.0,0.0,0.0,0.4,1.1,0.5,0.5,1.07,1.47,Matches
179,174,Cody Gakpo,FW,nl Netherlands,25-067,1999,6,523.0,87.0,96.9,5.8,6,87.0,4,0,,0,1.67,8.0,7.0,1.0,0.17,-10.42,7.4,6.0,1.4,0.24,-0.67,Matches
180,175,Conor Gallagher,MF,eng England,24-158,2000,5,120.0,24.0,20.0,1.3,1,45.0,0,4,19.0,1,2.2,0.0,0.0,0.0,0.0,-0.56,1.3,1.0,0.2,0.19,0.18,Matches
182,176,Federico Gatti,DF,it Italy,26-019,1998,0,,,,,0,,0,0,,4,,,,,,,,,,,,Matches
183,177,Dániel Gazdag,MF,hu Hungary,28-133,1996,1,4.0,4.0,1.5,0.0,0,,0,1,4.0,2,0.0,0.0,0.0,0.0,0.0,1.02,0.3,0.1,0.2,3.88,4.01,Matches
184,178,Lutsharel Geertruida,DF,nl Netherlands,23-361,2000,2,108.0,54.0,20.0,1.2,1,90.0,1,1,18.0,4,0.5,2.0,3.0,-1.0,-0.83,-1.67,1.7,0.9,0.8,0.67,0.51,Matches
185,179,Billy Gilmour,MF,sct Scotland,23-032,2001,3,184.0,61.0,68.1,2.0,2,80.0,0,1,24.0,0,0.33,2.0,3.0,-1.0,-0.49,3.7,0.6,1.7,-1.1,-0.55,1.91,Matches
186,180,Olivier Giroud,FW,fr France,37-287,1986,4,59.0,15.0,10.4,0.7,0,,0,4,15.0,2,1.25,0.0,1.0,-1.0,-1.53,-1.88,0.4,0.9,-0.5,-0.7,-1.45,Matches
187,181,Klaus Gjasula,MF,al Albania,34-212,1989,1,19.0,19.0,7.0,0.2,0,,0,1,19.0,2,1.0,1.0,2.0,-1.0,-4.74,-4.38,0.5,1.2,-0.7,-3.44,-2.54,Matches
188,182,Adam Gnezda Čerin,MF,si Slovenia,24-363,1999,4,390.0,98.0,100.0,4.3,4,98.0,4,0,,0,1.0,2.0,2.0,0.0,0.0,,3.2,6.1,-2.9,-0.71,-0.71,Matches
189,183,Giorgi Gocholeishvili,DF,ge Georgia,23-150,2001,0,,,,,0,,0,0,,4,,,,,,,,,,,,Matches
190,184,Joe Gomez,DF,eng England,27-051,1997,0,,,,,0,,0,0,,6,,,,,,,,,,,,Matches
191,185,Anthony Gordon,FW,eng England,23-140,2001,1,2.0,2.0,0.3,0.0,0,,0,1,2.0,5,1.0,0.0,0.0,0.0,0.0,-0.45,0.1,0.0,0.1,2.94,2.91,Matches
192,186,Jon Gorenc Stanković,MF,si Slovenia,28-181,1996,4,94.0,24.0,24.1,1.0,0,,0,4,24.0,0,1.0,2.0,1.0,1.0,0.96,1.26,1.3,2.0,-0.8,-1.07,-0.49,Matches
193,187,Ryan Gravenberch,MF,nl Netherlands,22-058,2002,0,,,,,0,,0,0,,6,,,,,,,,,,,,Matches
194,188,Michael Gregoritsch,FW,at Austria,30-086,1994,4,126.0,32.0,35.0,1.4,1,58.0,0,3,23.0,0,1.5,2.0,2.0,0.0,0.0,-0.38,3.8,1.7,2.2,1.54,2.11,Matches
195,189,Antoine Griezmann,"MF,FW",fr France,33-114,1991,6,394.0,66.0,69.1,4.4,4,84.0,2,2,30.0,0,1.5,2.0,1.0,1.0,0.23,0.23,5.4,3.1,2.3,0.52,-0.23,Matches
196,190,Florian Grillitsch,MF,at Austria,28-341,1995,4,194.0,49.0,53.9,2.2,3,56.0,0,1,27.0,0,1.5,4.0,3.0,1.0,0.46,0.46,3.9,3.6,0.3,0.13,-0.08,Matches
197,191,Álex Grimaldo,DF,es Spain,28-297,1995,2,115.0,58.0,20.2,1.3,1,90.0,1,1,25.0,4,3.0,3.0,0.0,3.0,2.35,0.96,2.9,0.6,2.3,1.77,1.29,Matches
198,192,Pascal Groß,MF,de Germany,33-028,1991,1,45.0,45.0,9.4,0.5,0,,0,1,45.0,4,3.0,2.0,1.0,1.0,2.0,0.76,0.8,0.0,0.8,1.63,0.69,Matches
199,193,Kamil Grosicki,MF,pl Poland,36-035,1988,1,16.0,16.0,5.9,0.2,0,,0,1,16.0,2,0.0,0.0,1.0,-1.0,-5.63,-4.92,0.3,1.2,-0.9,-5.31,-5.01,Matches
200,194,Marco Grüll,"FW,MF",at Austria,26-007,1998,0,,,,,0,,0,0,,4,,,,,,,,,,,,Matches
201,195,Nemanja Gudelj,MF,rs Serbia,32-240,1991,2,90.0,45.0,33.3,1.0,2,45.0,0,0,,1,0.5,0.0,1.0,-1.0,-1.0,-1.0,0.1,0.8,-0.7,-0.7,-0.82,Matches
202,196,Marc Guéhi,DF,eng England,24-000,2000,5,480.0,96.0,80.0,5.3,5,96.0,5,0,,0,2.2,6.0,3.0,3.0,0.56,0.56,4.9,3.8,1.0,0.21,0.7,Matches
203,197,Luka Gugeshashvili,GK,ge Georgia,25-075,1999,0,,,,,0,,0,0,,4,,,,,,,,,,,,Matches
204,198,Péter Gulácsi,GK,hu Hungary,34-068,1990,3,270.0,90.0,100.0,3.0,3,90.0,3,0,,0,1.0,2.0,5.0,-3.0,-1.0,,3.7,3.9,-0.2,-0.07,,Matches
205,199,Arda Güler,"FW,MF",tr Türkiye,19-139,2005,5,340.0,68.0,75.6,3.8,4,80.0,1,1,21.0,0,1.8,6.0,5.0,1.0,0.26,1.08,5.2,5.8,-0.6,-0.16,0.66,Matches
206,200,İlkay Gündoğan,MF,de Germany,33-263,1990,5,383.0,77.0,79.8,4.3,5,77.0,2,0,,0,2.0,9.0,3.0,6.0,1.41,0.48,6.9,3.0,4.0,0.93,-0.33,Matches
208,201,Angus Gunn,GK,sct Scotland,28-173,1996,3,270.0,90.0,100.0,3.0,3,90.0,3,0,,0,0.33,2.0,7.0,-5.0,-1.67,,0.9,4.4,-3.5,-1.16,,Matches
209,202,Mert Günok,GK,tr Türkiye,35-134,1989,4,360.0,90.0,80.0,4.0,4,90.0,4,0,,0,2.25,8.0,5.0,3.0,0.75,3.75,6.6,7.1,-0.5,-0.12,1.03,Matches
210,203,Joško Gvardiol,DF,hr Croatia,22-172,2002,3,270.0,90.0,100.0,3.0,3,90.0,3,0,,0,0.67,3.0,6.0,-3.0,-1.0,,5.7,4.4,1.3,0.44,,Matches
211,204,Giorgi Gwelesiani,DF,ge Georgia,33-069,1991,3,162.0,54.0,45.0,1.8,2,77.0,0,1,9.0,1,1.33,3.0,3.0,0.0,0.0,1.36,2.0,3.2,-1.2,-0.66,1.96,Matches
212,205,Norbert Gyömbér,DF,sk Slovakia,32-010,1992,2,32.0,16.0,8.2,0.4,0,,0,2,16.0,2,0.5,0.0,2.0,-2.0,-5.63,-5.88,0.9,0.5,0.4,18.96,19.38,Matches
213,206,Ianis Hagi,MF,ro Romania,25-265,1998,4,188.0,47.0,52.2,2.1,2,68.0,0,2,26.0,0,1.0,1.0,3.0,-2.0,-0.96,-0.96,2.0,3.6,-1.6,-0.76,-0.21,Matches
214,207,Dávid Hancko,DF,sk Slovakia,26-213,1997,4,366.0,92.0,93.8,4.1,4,92.0,3,0,,0,1.0,4.0,4.0,0.0,0.0,3.75,4.2,5.4,-1.2,-0.33,-0.09,Matches
215,208,Grant Hanley,DF,sct Scotland,32-236,1991,3,225.0,75.0,83.3,2.5,2,90.0,2,1,45.0,0,0.33,2.0,4.0,-2.0,-0.8,5.2,0.9,3.2,-2.3,-0.9,1.55,Matches
216,209,Lukáš Haraslín,FW,sk Slovakia,28-048,1996,4,264.0,66.0,67.7,2.9,4,66.0,0,0,,0,1.0,4.0,2.0,2.0,0.68,2.82,3.1,4.2,-1.1,-0.39,-0.23,Matches
217,210,Kai Havertz,"FW,MF",de Germany,25-032,1999,5,389.0,78.0,81.0,4.3,5,78.0,2,0,,0,2.0,8.0,2.0,6.0,1.39,0.4,8.0,2.9,5.0,1.16,0.85,Matches
218,211,Niklas Hedl,GK,at Austria,23-118,2001,0,,,,,0,,0,0,,4,,,,,,,,,,,,Matches
219,212,Dean Henderson,GK,eng England,27-123,1997,0,,,,,0,,0,0,,6,,,,,,,,,,,,Matches
220,213,Jack Hendry,DF,sct Scotland,29-067,1995,3,261.0,87.0,96.7,2.9,3,87.0,2,0,,0,0.33,2.0,7.0,-5.0,-1.72,-1.72,0.9,4.4,-3.5,-1.16,,Matches
221,214,Benjamin Henrichs,DF,de Germany,27-141,1997,1,10.0,10.0,2.1,0.1,0,,0,1,10.0,4,3.0,0.0,0.0,0.0,0.0,-1.34,0.4,0.1,0.3,2.49,1.52,Matches
222,215,Mads Hermansen,GK,dk Denmark,24-002,2000,0,,,,,0,,0,0,,4,,,,,,,,,,,,Matches
223,216,Theo Hernández,DF,fr France,26-281,1997,6,570.0,95.0,100.0,6.3,6,95.0,6,0,,0,1.5,4.0,3.0,1.0,0.16,,9.0,5.2,3.8,0.63,0.63,Matches
224,217,Morten Hjulmand,MF,dk Denmark,25-018,1999,3,245.0,82.0,68.1,2.7,3,82.0,0,0,,0,1.0,2.0,2.0,0.0,0.0,1.57,2.7,2.0,0.7,0.26,1.19,Matches
225,218,Adam Hložek,MF,cz Czechia,21-354,2002,2,108.0,54.0,40.0,1.2,2,54.0,0,0,,1,0.5,0.0,2.0,-2.0,-1.67,-1.67,2.3,1.6,0.7,0.58,0.57,Matches
226,219,Tomáš Holeš,DF,cz Czechia,31-104,1993,3,269.0,90.0,99.6,3.0,3,90.0,2,0,,0,0.33,3.0,5.0,-2.0,-0.67,-0.67,5.1,4.3,0.7,0.24,0.24,Matches
227,220,Tomi Horvat,"FW,MF",si Slovenia,25-111,1999,0,,,,,0,,0,0,,4,,,,,,,,,,,,Matches
228,221,Krisztofer Horváth,MF,hu Hungary,22-187,2002,0,,,,,0,,0,0,,3,,,,,,,,,,,,Matches
229,222,Arbër Hoxha,"FW,MF",al Albania,25-281,1998,3,50.0,17.0,18.5,0.6,0,,0,3,17.0,0,0.33,1.0,0.0,1.0,1.8,3.03,1.0,0.5,0.5,0.93,2.45,Matches
230,223,Robin Hranáč,DF,cz Czechia,24-166,2000,3,270.0,90.0,100.0,3.0,3,90.0,3,0,,0,0.33,3.0,5.0,-2.0,-0.67,,5.1,4.3,0.7,0.24,,Matches
231,224,Patrik Hrošovský,MF,sk Slovakia,32-082,1992,0,,,,,0,,0,0,,4,,,,,,,,,,,,Matches
232,225,Elseid Hysaj,DF,al Albania,30-144,1994,2,180.0,90.0,66.7,2.0,2,90.0,2,0,,1,0.5,3.0,4.0,-1.0,-0.5,0.5,2.0,4.2,-2.2,-1.1,-0.07,Matches
234,226,Pierre Højbjerg,MF,dk Denmark,28-343,1995,4,353.0,88.0,98.1,3.9,4,88.0,3,0,,0,0.75,2.0,4.0,-2.0,-0.51,-0.51,4.3,4.8,-0.5,-0.13,-0.45,Matches
235,227,Rasmus Højlund,FW,dk Denmark,21-160,2003,4,286.0,72.0,79.4,3.2,4,72.0,0,0,,0,0.75,2.0,4.0,-2.0,-0.63,-0.63,3.5,4.0,-0.4,-0.13,-0.08,Matches
236,228,Ivan Ilić,MF,rs Serbia,23-118,2001,3,201.0,67.0,74.4,2.2,2,78.0,1,1,45.0,0,0.67,1.0,1.0,0.0,0.0,1.3,1.8,2.3,-0.5,-0.21,-0.2,Matches
237,229,Josip Iličić,"FW,MF",si Slovenia,36-166,1988,2,31.0,16.0,7.9,0.3,0,,0,2,16.0,2,1.0,0.0,0.0,0.0,0.0,0.0,0.3,0.2,0.1,0.49,1.2,Matches
238,230,Gonçalo Inácio,DF,pt Portugal,22-323,2001,2,118.0,59.0,23.1,1.3,1,90.0,1,1,28.0,3,1.5,2.0,2.0,0.0,0.0,-0.46,2.8,1.9,1.0,0.73,-0.2,Matches
239,231,Ardian Ismajli,DF,al Albania,27-287,1996,0,,,,,0,,0,0,,3,,,,,,,,,,,,Matches
240,232,Luka Ivanušec,MF,hr Croatia,25-230,1998,1,21.0,21.0,7.8,0.2,0,,0,1,21.0,2,1.0,0.0,1.0,-1.0,-4.29,-3.56,0.0,0.3,-0.3,-1.21,-1.8,Matches
241,233,Ivica Ivušić,GK,hr Croatia,29-163,1995,0,,,0.0,0.0,0,,0,0,,2,1.0,2.0,2.0,0.0,,,,,,,,Matches
242,234,Ryan Jack,"DF,MF",sct Scotland,32-137,1992,0,,,,,0,,0,0,,3,,,,,,,,,,,,Matches
243,235,Erik Janža,DF,si Slovenia,31-022,1993,3,269.0,90.0,69.0,3.0,3,90.0,2,0,,0,1.0,2.0,2.0,0.0,0.0,0.0,2.6,4.0,-1.4,-0.48,0.58,Matches
244,236,Vitezslav Jaros,GK,cz Czechia,22-356,2001,0,,,0.0,0.0,0,,0,0,,2,0.0,1.0,2.0,-1.0,,,,,,,,Matches
245,237,Ardon Jashari,MF,ch Switzerland,21-349,2002,0,,,,,0,,0,0,,5,,,,,,,,,,,,Matches
246,238,Mathias Jensen,MF,dk Denmark,28-194,1996,0,,,,,0,,0,0,,4,,,,,,,,,,,,Matches
247,239,Jorginho,MF,it Italy,32-206,1991,3,215.0,72.0,59.7,2.4,3,72.0,1,0,,1,1.33,2.0,2.0,0.0,0.0,1.24,2.4,2.4,0.0,-0.01,0.84,Matches
248,240,Joselu,FW,es Spain,34-108,1990,2,90.0,45.0,15.8,1.0,1,71.0,0,1,19.0,4,3.0,2.0,0.0,2.0,2.0,0.5,2.0,0.8,1.3,1.59,0.96,Matches
249,241,Diogo Jota,"FW,MF",pt Portugal,27-222,1996,3,100.0,33.0,19.6,1.1,0,,0,3,33.0,2,1.33,2.0,0.0,2.0,1.8,1.8,3.2,0.6,2.6,3.37,2.88,Matches
250,242,Luka Jović,"MF,FW",rs Serbia,26-203,1997,3,102.0,34.0,37.8,1.1,0,,0,3,34.0,0,0.67,1.0,1.0,0.0,0.0,0.54,1.0,0.9,0.2,0.16,0.5,Matches
251,243,Josip Juranović,DF,hr Croatia,28-332,1995,2,91.0,46.0,33.7,1.0,1,90.0,1,1,1.0,1,1.0,2.0,3.0,-1.0,-0.99,0.02,2.6,1.6,1.1,1.06,0.93,Matches
252,244,David Jurásek,DF,cz Czechia,23-341,2000,2,160.0,80.0,59.3,1.8,2,80.0,0,0,,1,0.5,2.0,2.0,0.0,0.0,1.64,4.6,1.9,2.7,1.5,3.11,Matches
253,245,Matěj Jurásek,"DF,MF",cz Czechia,20-318,2003,2,46.0,23.0,17.0,0.5,0,,0,2,23.0,1,0.5,1.0,1.0,0.0,0.0,0.8,1.4,0.7,0.7,1.32,1.3,Matches
254,246,Mathias Jørgensen,DF,dk Denmark,34-081,1990,0,,,,,0,,0,0,,4,,,,,,,,,,,,Matches
255,247,Ferdi Kadioglu,"DF,MF",tr Türkiye,24-280,1999,5,450.0,90.0,100.0,5.0,5,90.0,5,0,,0,1.8,8.0,8.0,0.0,0.0,,7.3,8.9,-1.6,-0.32,,Matches
256,248,İrfan Kahveci,FW,tr Türkiye,28-364,1995,1,8.0,8.0,1.8,0.1,0,,0,1,8.0,2,3.0,0.0,0.0,0.0,0.0,0.0,0.1,1.0,-0.9,-10.16,-10.02,Matches
257,249,Florian Kainz,"FW,MF",at Austria,31-263,1992,0,,,,,0,,0,0,,4,,,,,,,,,,,,Matches
258,250,Otar Kakabadze,"DF,MF",ge Georgia,29-016,1995,4,360.0,90.0,100.0,4.0,4,90.0,4,0,,0,1.0,5.0,8.0,-3.0,-0.75,,4.4,11.3,-6.9,-1.74,,Matches
260,251,Thomas Kaminski,GK,be Belgium,31-264,1992,0,,,,,0,,0,0,,4,,,,,,,,,,,,Matches
261,252,Harry Kane,FW,eng England,30-351,1993,6,541.0,90.0,90.2,6.0,6,90.0,2,0,,0,2.0,6.0,4.0,2.0,0.33,-1.19,5.0,4.2,0.8,0.14,1.07,Matches
262,253,N'Golo Kanté,MF,fr France,33-106,1991,6,511.0,85.0,89.6,5.7,6,85.0,4,0,,0,1.5,4.0,2.0,2.0,0.35,1.88,8.3,4.3,4.0,0.74,0.95,Matches
263,254,Ahmetcan Kaplan,DF,tr Türkiye,21-179,2003,0,,,,,0,,0,0,,5,,,,,,,,,,,,Matches
264,255,Žan Karničnik,DF,si Slovenia,29-299,1994,4,390.0,98.0,100.0,4.3,4,98.0,4,0,,0,1.0,2.0,2.0,0.0,0.0,,3.2,6.1,-2.9,-0.71,-0.71,Matches
265,256,Guram Kashia,DF,ge Georgia,37-009,1987,4,360.0,90.0,100.0,4.0,4,90.0,4,0,,0,1.0,5.0,8.0,-3.0,-0.75,,4.4,11.3,-6.9,-1.74,,Matches
266,257,Elhan Kastrati,GK,al Albania,27-162,1997,0,,,,,0,,0,0,,3,,,,,,,,,,,,Matches
267,258,Mihály Kata,MF,hu Hungary,22-091,2002,0,,,,,0,,0,0,,3,,,,,,,,,,,,Matches
268,259,Liam Kelly,GK,sct Scotland,28-172,1996,0,,,,,0,,0,0,,3,,,,,,,,,,,,Matches
269,260,Milos Kerkez,DF,hu Hungary,20-249,2003,3,237.0,79.0,87.8,2.6,3,79.0,0,0,,0,1.0,1.0,4.0,-3.0,-1.14,-1.14,2.6,2.7,-0.1,-0.03,0.36,Matches
270,261,Semih Kılıçsoy,FW,tr Türkiye,18-333,2005,1,2.0,2.0,0.4,0.0,0,,0,1,2.0,4,0.0,0.0,0.0,0.0,0.0,0.0,0.3,0.1,0.2,9.91,10.28,Matches
271,262,Joshua Kimmich,DF,de Germany,29-156,1995,5,480.0,96.0,100.0,5.3,5,96.0,5,0,,0,2.0,11.0,4.0,7.0,1.31,,9.7,4.4,5.3,1.07,1.07,Matches
272,263,Otar Kiteishvili,MF,ge Georgia,28-109,1996,2,130.0,65.0,36.1,1.4,2,65.0,1,0,,2,1.5,3.0,1.0,2.0,1.38,3.34,1.7,3.0,-1.3,-0.91,1.29,Matches
273,264,Jakub Kiwior,DF,pl Poland,24-149,2000,3,270.0,90.0,100.0,3.0,3,90.0,3,0,,0,0.33,3.0,6.0,-3.0,-1.0,,4.1,5.9,-1.8,-0.6,,Matches
274,265,Simon Kjær,DF,dk Denmark,35-109,1989,0,,,,,0,,0,0,,4,,,,,,,,,,,,Matches
275,266,László Kleinheisler,MF,hu Hungary,30-096,1994,2,51.0,26.0,18.9,0.6,0,,0,2,26.0,0,1.0,1.0,2.0,-1.0,-1.76,-0.94,0.3,1.6,-1.3,-2.29,-2.73,Matches
276,267,Gregor Kobel,GK,ch Switzerland,26-220,1997,0,,,,,0,,0,0,,5,,,,,,,,,,,,Matches
277,268,Robin Koch,"DF,MF",de Germany,27-362,1996,0,,,,,0,,0,0,,5,,,,,,,,,,,,Matches
278,269,Giorgi Kochorashvili,MF,ge Georgia,25-014,1999,4,360.0,90.0,100.0,4.0,4,90.0,4,0,,0,1.0,5.0,8.0,-3.0,-0.75,,4.4,11.3,-6.9,-1.74,,Matches
279,270,Orkun Kökçü,MF,tr Türkiye,23-197,2000,4,221.0,55.0,49.1,2.5,3,72.0,1,1,4.0,0,2.25,6.0,4.0,2.0,0.81,1.6,4.8,4.1,0.7,0.28,1.19,Matches
280,271,Randal Kolo Muani,FW,fr France,25-221,1998,5,201.0,40.0,35.3,2.2,2,74.0,0,3,18.0,1,1.6,2.0,2.0,0.0,0.0,-0.24,1.9,1.8,0.1,0.05,-0.84,Matches
281,272,Ibrahima Konaté,DF,fr France,25-049,1999,0,,,,,0,,0,0,,6,,,,,,,,,,,,Matches
282,273,Yukhym Konoplia,DF,ua Ukraine,24-322,1999,1,71.0,71.0,26.3,0.8,1,71.0,0,0,,2,0.0,0.0,3.0,-3.0,-3.8,-4.26,0.4,1.1,-0.7,-0.92,-1.34,Matches
283,274,Ezri Konsa,DF,eng England,26-264,1997,3,93.0,31.0,15.5,1.0,1,77.0,0,2,8.0,3,2.33,0.0,1.0,-1.0,-0.97,-1.68,0.4,1.3,-0.9,-1.04,-1.23,Matches
284,275,Sebastián Kóša,DF,sk Slovakia,20-304,2003,0,,,,,0,,0,0,,4,,,,,,,,,,,,Matches
286,276,Filip Kostić,DF,rs Serbia,31-255,1992,1,42.0,42.0,15.6,0.5,1,42.0,0,0,,1,0.0,0.0,1.0,-1.0,-2.14,-2.14,0.1,0.3,-0.2,-0.48,-0.39,Matches
287,277,Jules Koundé,DF,fr France,25-244,1998,6,570.0,95.0,100.0,6.3,6,95.0,6,0,,0,1.5,4.0,3.0,1.0,0.16,,9.0,5.2,3.8,0.63,0.63,Matches
288,278,Mateo Kovačić,MF,hr Croatia,30-068,1994,3,223.0,74.0,82.6,2.5,3,74.0,1,0,,0,0.67,3.0,5.0,-2.0,-0.81,1.11,4.8,4.0,0.8,0.33,-0.65,Matches
289,279,Matej Kovar,GK,cz Czechia,24-057,2000,1,36.0,36.0,13.3,0.4,0,,0,1,36.0,2,0.0,1.0,1.0,0.0,0.0,0.77,1.0,0.6,0.4,1.02,0.9,Matches
290,280,Andrej Kramarić,FW,hr Croatia,33-024,1991,3,243.0,81.0,90.0,2.7,3,81.0,0,0,,0,0.67,3.0,4.0,-1.0,-0.37,6.3,4.6,3.7,0.9,0.32,-1.19,Matches
291,281,Ladislav Krejčí,DF,cz Czechia,25-084,1999,3,270.0,90.0,100.0,3.0,3,90.0,3,0,,0,0.33,3.0,5.0,-2.0,-0.67,,5.1,4.3,0.7,0.24,,Matches
292,282,Rasmus Kristensen,"DF,MF",dk Denmark,27-002,1997,0,,,,,0,,0,0,,4,,,,,,,,,,,,Matches
293,283,Toni Kroos,MF,de Germany,34-191,1990,5,469.0,94.0,97.7,5.2,5,94.0,4,0,,0,2.0,10.0,3.0,7.0,1.34,1.34,9.6,4.4,5.3,1.08,0.92,Matches
294,284,Jan Kuchta,FW,cz Czechia,27-187,1997,2,95.0,48.0,35.2,1.1,1,59.0,0,1,36.0,1,0.0,1.0,1.0,0.0,0.0,1.03,1.1,1.6,-0.5,-0.49,-1.13,Matches
295,285,Juraj Kucka,MF,sk Slovakia,37-138,1987,4,350.0,88.0,89.7,3.9,4,88.0,3,0,,0,1.0,4.0,3.0,1.0,0.26,4.76,3.5,5.3,-1.8,-0.47,-1.48,Matches
296,286,Marash Kumbulla,DF,al Albania,24-156,2000,0,,,,,0,,0,0,,3,,,,,,,,,,,,Matches
297,287,Jasmin Kurtić,FW,si Slovenia,35-185,1989,1,1.0,1.0,0.3,0.0,0,,0,1,1.0,3,1.0,0.0,0.0,0.0,0.0,0.0,0.0,0.0,0.0,0.0,0.66,Matches
298,288,Khvicha Kvaratskhelia,FW,ge Georgia,23-152,2001,4,342.0,86.0,95.0,3.8,4,86.0,2,0,,0,1.0,5.0,8.0,-3.0,-0.79,-0.79,4.1,10.2,-6.0,-1.58,3.05,Matches
299,289,Nika Kvekveskiri,MF,ge Georgia,32-045,1992,1,12.0,12.0,3.3,0.1,0,,0,1,12.0,3,0.0,0.0,1.0,-1.0,-7.5,-6.98,0.0,1.0,-1.0,-7.16,-5.61,Matches
300,290,Giorgi Kvilitaia,FW,ge Georgia,30-286,1993,1,3.0,3.0,0.8,0.0,0,,0,1,3.0,3,1.0,0.0,0.0,0.0,0.0,0.76,0.2,0.0,0.1,4.24,6.03,Matches
301,291,Saba Kvirkvelia,DF,ge Georgia,32-158,1992,3,180.0,60.0,50.0,2.0,2,83.0,0,1,15.0,1,1.33,2.0,3.0,-1.0,-0.5,0.5,2.1,6.2,-4.1,-2.06,-0.65,Matches
302,292,Nediljko Labrović,GK,hr Croatia,24-277,1999,0,,,,,0,,0,0,,3,,,,,,,,,,,,Matches
303,293,Qazim Laçi,"MF,FW",al Albania,28-176,1996,3,163.0,54.0,60.4,1.8,2,70.0,0,1,23.0,0,0.33,1.0,1.0,0.0,0.0,1.68,1.5,2.7,-1.2,-0.67,1.02,Matches
304,294,Konrad Laimer,"MF,FW",at Austria,27-047,1997,4,270.0,68.0,75.0,3.0,3,81.0,1,1,28.0,0,1.5,4.0,5.0,-1.0,-0.33,-2.33,4.2,4.6,-0.4,-0.14,-1.22,Matches
305,295,Ádám Lang,DF,hu Hungary,31-178,1993,1,45.0,45.0,16.7,0.5,1,45.0,0,0,,2,0.0,0.0,2.0,-2.0,-4.0,-3.6,0.3,1.2,-0.8,-1.62,-1.85,Matches
306,296,Aymeric Laporte,DF,es Spain,30-047,1994,5,435.0,87.0,76.3,4.8,5,87.0,4,0,,1,3.0,10.0,3.0,7.0,1.45,-0.55,8.2,3.7,4.5,1.0,0.9,Matches
307,297,Robin Le Normand,DF,es Spain,27-245,1996,5,360.0,72.0,63.2,4.0,4,79.0,3,1,45.0,0,3.0,8.0,1.0,7.0,1.75,0.46,8.3,3.3,5.0,1.26,1.39,Matches
308,298,Rafael Leão,FW,pt Portugal,25-033,1999,4,287.0,72.0,56.3,3.2,4,72.0,0,0,,0,2.0,2.0,1.0,1.0,0.31,-0.09,4.0,2.0,2.1,0.65,-0.54,Matches
309,299,Robert Lewandowski,FW,pl Poland,35-327,1988,2,121.0,61.0,44.8,1.3,1,90.0,1,1,31.0,1,0.5,1.0,3.0,-2.0,-1.49,-0.88,1.7,3.8,-2.1,-1.55,-1.73,Matches
310,300,Philipp Lienhart,DF,at Austria,28-002,1996,3,214.0,71.0,59.4,2.4,3,71.0,1,0,,1,2.0,5.0,4.0,1.0,0.42,0.42,4.1,3.9,0.2,0.07,-0.24,Matches
312,301,Matthijs de Ligt,DF,nl Netherlands,24-336,1999,0,,,,,0,,0,0,,6,,,,,,,,,,,,Matches
313,302,Heinz Lindner,GK,at Austria,33-362,1990,0,,,,,0,,0,0,,4,,,,,,,,,,,,Matches
314,303,Ondřej Lingr,"MF,FW",cz Czechia,25-280,1998,3,83.0,28.0,30.7,0.9,0,,0,3,28.0,0,0.33,2.0,3.0,-1.0,-1.08,-0.6,1.9,1.6,0.4,0.41,0.25,Matches
315,304,Dominik Livaković,GK,hr Croatia,29-186,1995,3,270.0,90.0,100.0,3.0,3,90.0,3,0,,0,0.67,3.0,6.0,-3.0,-1.0,,5.7,4.4,1.3,0.44,,Matches
316,305,Stanislav Lobotka,MF,sk Slovakia,29-231,1994,4,390.0,98.0,100.0,4.3,4,98.0,4,0,,0,1.0,4.0,5.0,-1.0,-0.23,,4.4,5.8,-1.4,-0.34,-0.34,Matches
317,306,Saba Lobzhanidze,FW,ge Georgia,29-208,1994,1,9.0,9.0,2.5,0.1,0,,0,1,9.0,3,1.0,0.0,0.0,0.0,0.0,0.77,0.2,0.0,0.1,1.41,3.23,Matches
318,307,Luka Lochoshvili,"DF,MF",ge Georgia,26-045,1998,4,170.0,43.0,47.2,1.9,2,62.0,0,2,23.0,0,1.0,3.0,3.0,0.0,0.0,1.42,2.2,3.9,-1.7,-0.92,1.54,Matches
319,308,Fermin López,MF,es Spain,21-063,2003,1,29.0,29.0,5.1,0.3,0,,0,1,29.0,5,3.0,0.0,0.0,0.0,0.0,-1.66,0.2,0.4,-0.2,-0.53,-1.35,Matches
320,309,Giorgi Loria,GK,ge Georgia,38-168,1986,0,,,,,0,,0,0,,3,,,,,,,,,,,,Matches
321,310,Sandi Lovrić,MF,si Slovenia,26-107,1998,0,,,,,0,,0,0,,4,,,,,,,,,,,,Matches
322,311,Romelu Lukaku,FW,be Belgium,31-061,1993,4,359.0,90.0,99.7,4.0,4,90.0,3,0,,0,1.0,2.0,2.0,0.0,0.0,0.0,4.4,3.2,1.3,0.32,17.13,Matches
323,312,Dodi Lukebakio,"FW,DF",be Belgium,26-293,1997,3,65.0,22.0,18.1,0.7,1,55.0,0,2,5.0,0,1.0,1.0,0.0,1.0,1.38,1.69,0.9,0.4,0.4,0.6,0.4,Matches
324,313,Saša Lukić,MF,rs Serbia,27-335,1996,3,209.0,70.0,77.4,2.3,3,70.0,0,0,,0,0.67,0.0,1.0,-1.0,-0.43,-0.43,1.2,1.8,-0.7,-0.29,-0.62,Matches
325,314,Andriy Lunin,GK,ua Ukraine,25-153,1999,1,90.0,90.0,33.3,1.0,1,90.0,1,0,,2,0.0,0.0,3.0,-3.0,-3.0,-3.5,0.7,1.1,-0.3,-0.34,-0.62,Matches
326,315,Ian Maatsen,"DF,MF",nl Netherlands,22-125,2002,0,,,,,0,,0,0,,5,,,,,,,,,,,,Matches
327,316,Mike Maignan,GK,fr France,29-010,1995,6,570.0,95.0,100.0,6.3,6,95.0,6,0,,0,1.5,4.0,3.0,1.0,0.16,,9.0,5.2,3.8,0.63,0.63,Matches
328,317,Kobbie Mainoo,MF,eng England,19-085,2005,5,299.0,60.0,49.8,3.3,3,83.0,0,2,25.0,1,2.2,2.0,3.0,-1.0,-0.3,-1.5,2.7,2.8,-0.1,-0.03,-0.13,Matches
329,318,Lovro Majer,"FW,MF",hr Croatia,26-178,1998,3,146.0,49.0,54.1,1.6,2,68.0,1,1,11.0,0,0.67,0.0,5.0,-5.0,-3.08,-4.53,2.4,3.0,-0.6,-0.4,-1.81,Matches
330,319,Nemanja Maksimović,MF,rs Serbia,29-169,1995,0,,,,,0,,0,0,,3,,,,,,,,,,,,Matches
331,320,Donyell Malen,FW,nl Netherlands,25-186,1999,4,190.0,48.0,35.2,2.1,2,58.0,0,2,37.0,2,1.5,5.0,3.0,2.0,0.95,0.69,4.2,2.8,1.3,0.64,0.58,Matches
332,321,Ruslan Malinovskyi,MF,ua Ukraine,31-070,1993,3,35.0,12.0,13.0,0.4,0,,0,3,12.0,0,1.33,0.0,0.0,0.0,0.0,0.77,0.8,0.4,0.5,1.18,1.27,Matches
333,322,Giorgi Mamardashvili,GK,ge Georgia,23-288,2000,4,360.0,90.0,100.0,4.0,4,90.0,4,0,,0,1.0,5.0,8.0,-3.0,-0.75,,4.4,11.3,-6.9,-1.74,,Matches
334,323,Dennis Man,MF,ro Romania,25-322,1998,4,266.0,67.0,73.9,3.0,3,80.0,2,1,25.0,0,1.0,3.0,5.0,-2.0,-0.68,-0.68,2.3,4.8,-2.5,-0.85,-0.72,Matches
335,324,Rey Manaj,FW,al Albania,27-140,1997,3,156.0,52.0,57.8,1.7,2,71.0,0,1,14.0,0,0.33,1.0,3.0,-2.0,-1.15,-1.15,1.3,3.7,-2.4,-1.37,-0.69,Matches
336,325,Gianluca Mancini,DF,it Italy,28-087,1996,1,90.0,90.0,25.0,1.0,1,90.0,1,0,,3,0.0,0.0,2.0,-2.0,-2.0,-2.0,0.7,1.2,-0.5,-0.52,-0.24,Matches
338,326,Orel Mangala,MF,be Belgium,26-117,1998,4,133.0,33.0,36.9,1.5,1,56.0,0,3,26.0,0,1.0,1.0,2.0,-1.0,-0.68,-1.07,1.7,1.6,0.1,0.05,-0.36,Matches
339,327,Marius Marin,MF,ro Romania,25-318,1998,4,302.0,76.0,83.9,3.4,4,76.0,1,0,,0,1.0,4.0,3.0,1.0,0.3,4.95,3.0,4.1,-1.1,-0.32,2.1,Matches
340,328,Răzvan Marin,MF,ro Romania,28-051,1996,4,355.0,89.0,98.6,3.9,4,89.0,3,0,,0,1.0,4.0,6.0,-2.0,-0.51,-0.51,3.5,6.1,-2.6,-0.67,-0.67,Matches
341,329,Ádám Martin,"FW,DF",hu Hungary,29-250,1994,3,45.0,15.0,16.7,0.5,0,,0,3,15.0,0,1.0,1.0,1.0,0.0,0.0,1.2,1.1,1.2,-0.1,-0.29,-0.26,Matches
342,330,Mykola Matviyenko,DF,ua Ukraine,28-072,1996,3,270.0,90.0,100.0,3.0,3,90.0,3,0,,0,1.33,2.0,4.0,-2.0,-0.67,,3.0,2.8,0.2,0.07,,Matches
343,331,Kylian Mbappé,FW,fr France,25-206,1998,5,464.0,93.0,81.4,5.2,5,93.0,3,0,,1,1.6,4.0,3.0,1.0,0.19,0.19,7.3,4.5,2.8,0.54,-0.29,Matches
344,332,Ross McCrorie,"DF,GK",sct Scotland,26-117,1998,0,,,,,0,,0,0,,3,,,,,,,,,,,,Matches
345,333,John McGinn,"MF,FW",sct Scotland,29-269,1994,3,230.0,77.0,85.2,2.6,3,77.0,0,0,,0,0.33,1.0,4.0,-3.0,-1.17,3.33,0.7,3.3,-2.6,-1.01,1.03,Matches
346,334,Callum McGregor,MF,sct Scotland,31-029,1993,3,246.0,82.0,91.1,2.7,3,82.0,2,0,,0,0.33,1.0,5.0,-4.0,-1.46,2.29,0.9,4.1,-3.2,-1.17,-0.1,Matches
347,335,Scott McKenna,DF,sct Scotland,27-244,1996,3,134.0,45.0,49.6,1.5,1,90.0,1,2,22.0,0,0.33,1.0,2.0,-1.0,-0.67,1.98,0.7,1.6,-0.9,-0.6,1.12,Matches
348,336,Kenny McLean,MF,sct Scotland,32-187,1992,3,44.0,15.0,16.3,0.5,0,,0,3,15.0,0,0.33,1.0,3.0,-2.0,-4.09,-2.9,0.4,1.3,-0.9,-1.8,-0.76,Matches
349,337,Scott McTominay,MF,sct Scotland,27-218,1996,3,270.0,90.0,100.0,3.0,3,90.0,3,0,,0,0.33,2.0,7.0,-5.0,-1.67,,0.9,4.4,-3.5,-1.16,,Matches
350,338,Anzor Mekvabishvili,MF,ge Georgia,23-038,2001,3,188.0,63.0,52.2,2.1,2,89.0,1,1,10.0,0,1.33,2.0,3.0,-1.0,-0.48,0.57,2.3,6.4,-4.1,-1.96,-0.46,Matches
351,339,Memphis,"FW,MF",nl Netherlands,30-151,1994,6,457.0,76.0,84.6,5.1,6,76.0,1,0,,0,1.67,8.0,6.0,2.0,0.39,-0.69,7.0,5.4,1.6,0.31,0.35,Matches
352,340,Nuno Mendes,DF,pt Portugal,22-024,2002,4,419.0,105.0,82.2,4.7,4,105.0,3,0,,1,2.0,4.0,1.0,3.0,0.64,1.63,6.8,2.8,3.9,0.99,0.35,Matches
353,341,Ferland Mendy,DF,fr France,29-035,1995,0,,,,,0,,0,0,,6,,,,,,,,,,,,Matches
354,342,Alex Meret,GK,it Italy,27-113,1997,0,,,,,0,,0,0,,4,,,,,,,,,,,,Matches
355,343,Mikel Merino,"MF,FW",es Spain,28-021,1996,6,180.0,30.0,31.6,2.0,1,90.0,1,5,18.0,0,3.0,3.0,1.0,2.0,1.0,-0.85,3.0,2.7,0.3,0.18,-0.77,Matches
356,344,Valentin Mihaila,MF,ro Romania,24-162,2000,3,115.0,38.0,31.9,1.3,1,67.0,0,2,24.0,1,1.0,0.0,3.0,-3.0,-2.35,-2.72,0.5,2.8,-2.3,-1.83,-1.72,Matches
357,345,Enea Mihaj,DF,al Albania,26-008,1998,0,,,,,0,,0,0,,3,,,,,,,,,,,,Matches
358,346,Srđan Mijailović,DF,rs Serbia,30-246,1993,1,72.0,72.0,26.7,0.8,1,72.0,0,0,,2,1.0,0.0,0.0,0.0,0.0,0.45,0.1,0.7,-0.6,-0.76,-0.83,Matches
359,347,Georges Mikautadze,FW,ge Georgia,23-256,2000,4,345.0,86.0,95.8,3.8,4,86.0,2,0,,0,1.0,5.0,7.0,-2.0,-0.52,5.48,4.2,10.3,-6.1,-1.6,3.28,Matches
360,348,Nikola Milenković,DF,rs Serbia,26-275,1997,3,270.0,90.0,100.0,3.0,3,90.0,3,0,,0,0.67,1.0,2.0,-1.0,-0.33,,2.1,2.6,-0.5,-0.15,,Matches
361,349,Sergej Milinković-Savić,MF,rs Serbia,29-137,1995,3,121.0,40.0,44.8,1.3,1,90.0,1,2,16.0,0,0.67,1.0,2.0,-1.0,-0.74,-0.74,1.0,1.0,0.0,-0.02,0.25,Matches
362,350,Vanja Milinković-Savić,GK,rs Serbia,27-144,1997,0,,,,,0,,0,0,,3,,,,,,,,,,,,Matches
364,351,Mario Mitaj,DF,al Albania,20-342,2003,3,270.0,90.0,100.0,3.0,3,90.0,3,0,,0,0.33,3.0,5.0,-2.0,-0.67,,2.4,5.7,-3.2,-1.07,,Matches
365,352,Aleksandar Mitrović,FW,rs Serbia,29-301,1994,3,240.0,80.0,88.9,2.7,3,80.0,2,0,,0,0.67,1.0,2.0,-1.0,-0.37,-0.37,2.0,2.4,-0.4,-0.13,0.17,Matches
366,353,Maximilian Mittelstädt,DF,de Germany,27-117,1997,4,304.0,76.0,63.3,3.4,3,80.0,2,1,64.0,1,1.75,8.0,3.0,5.0,1.48,0.46,5.9,2.6,3.3,1.08,0.18,Matches
367,354,Filip Mladenović,DF,rs Serbia,32-333,1991,3,111.0,37.0,41.1,1.2,1,45.0,0,2,33.0,0,0.67,0.0,0.0,0.0,0.0,0.57,0.9,1.0,-0.2,-0.13,0.03,Matches
368,355,Jan Mlakar,MF,si Slovenia,25-264,1998,4,295.0,74.0,75.6,3.3,4,74.0,0,0,,0,1.0,0.0,1.0,-1.0,-0.31,-1.25,1.9,4.0,-2.1,-0.64,0.09,Matches
369,356,Jakub Moder,MF,pl Poland,25-097,1999,3,180.0,60.0,66.7,2.0,1,90.0,1,2,45.0,0,0.33,1.0,4.0,-3.0,-1.5,-1.5,2.8,4.3,-1.4,-0.71,-0.35,Matches
370,357,Luka Modrić,MF,hr Croatia,38-308,1985,3,233.0,78.0,86.3,2.6,3,78.0,1,0,,0,0.67,3.0,5.0,-2.0,-0.77,1.66,4.8,4.2,0.6,0.24,-1.51,Matches
371,358,Vasile Mogos,DF,ro Romania,31-256,1992,1,37.0,37.0,10.3,0.4,1,37.0,0,0,,3,0.0,0.0,1.0,-1.0,-2.43,-2.15,0.2,0.4,-0.2,-0.47,0.22,Matches
372,359,Horaţiu Moldovan,GK,ro Romania,26-175,1998,0,,,,,0,,0,0,,4,,,,,,,,,,,,Matches
373,360,Álvaro Morata,FW,es Spain,31-264,1992,6,382.0,64.0,67.0,4.2,5,73.0,0,1,19.0,0,3.0,9.0,2.0,7.0,1.65,0.21,6.9,3.6,3.3,0.79,0.13,Matches
374,361,Lewis Morgan,DF,sct Scotland,27-287,1996,1,2.0,2.0,0.7,0.0,0,,0,1,2.0,2,0.0,0.0,1.0,-1.0,-45.0,-43.66,0.1,0.8,-0.7,-29.67,-28.73,Matches
375,362,Ernest Muçi,FW,al Albania,23-116,2001,2,14.0,7.0,5.2,0.2,0,,0,2,7.0,1,0.0,0.0,0.0,0.0,0.0,0.7,0.4,0.0,0.4,2.68,3.96,Matches
376,363,Mykhailo Mudryk,"FW,MF",ua Ukraine,23-190,2001,2,174.0,87.0,64.4,1.9,2,87.0,1,0,,0,1.5,2.0,4.0,-2.0,-1.03,-1.03,2.2,1.9,0.3,0.16,0.24,Matches
377,364,Mert Müldür,"DF,MF",tr Türkiye,25-101,1999,4,345.0,86.0,76.7,3.8,4,86.0,2,0,,1,2.25,7.0,5.0,2.0,0.52,2.24,5.0,6.8,-1.8,-0.46,-0.58,Matches
378,365,Thomas Müller,"MF,FW",de Germany,34-304,1989,2,58.0,29.0,12.1,0.6,0,,0,2,29.0,3,1.5,2.0,2.0,0.0,0.0,-1.49,1.3,0.9,0.4,1.33,0.35,Matches
379,366,Jamal Musiala,FW,de Germany,21-138,2003,5,419.0,84.0,87.3,4.7,5,84.0,1,0,,0,2.0,9.0,3.0,6.0,1.29,-0.19,8.4,3.9,4.5,1.04,0.18,Matches
380,367,Yvon Mvogo,GK,ch Switzerland,30-037,1994,0,,,,,0,,0,0,,5,,,,,,,,,,,,Matches
381,368,Phillipp Mwene,DF,at Austria,30-166,1994,3,194.0,65.0,53.9,2.2,3,65.0,0,0,,1,1.0,1.0,3.0,-2.0,-0.93,-2.55,1.9,3.8,-1.9,-0.88,-2.26,Matches
382,369,Bohdan Mykhaylychenko,DF,ua Ukraine,27-114,1997,0,,,,,0,,0,0,,3,,,,,,,,,,,,Matches
383,370,Vitaliy Mykolenko,DF,ua Ukraine,25-045,1999,1,57.0,57.0,21.1,0.6,1,57.0,0,0,,2,1.0,0.0,0.0,0.0,0.0,0.85,0.3,0.5,-0.2,-0.36,-0.54,Matches
384,371,Joakim Mæhle,"DF,MF",dk Denmark,27-054,1997,4,283.0,71.0,78.6,3.1,3,90.0,3,1,13.0,0,0.75,1.0,3.0,-2.0,-0.64,-0.64,2.7,4.1,-1.4,-0.44,-1.53,Matches
385,372,Nacho,DF,es Spain,34-177,1990,3,255.0,85.0,44.7,2.8,2,90.0,2,1,75.0,2,3.0,7.0,2.0,5.0,1.76,0.34,3.9,5.0,-1.1,-0.46,-1.98,Matches
386,373,Ádám Nagy,MF,hu Hungary,29-026,1995,3,159.0,53.0,58.9,1.8,2,65.0,0,1,30.0,0,1.0,2.0,3.0,-1.0,-0.57,1.06,3.0,2.2,0.8,0.43,1.21,Matches
387,374,Zsolt Nagy,DF,hu Hungary,31-049,1993,2,21.0,11.0,7.8,0.2,0,,0,2,11.0,1,1.5,1.0,0.0,1.0,4.29,5.73,1.1,0.5,0.6,2.51,2.8,Matches
388,375,Jesús Navas,DF,es Spain,38-235,1985,3,157.0,52.0,27.5,1.7,2,74.0,1,1,10.0,3,3.0,4.0,1.0,3.0,1.72,0.19,2.7,1.2,1.5,0.88,0.19,Matches
390,376,Dan Ndoye,"MF,DF",ch Switzerland,23-262,2000,5,407.0,81.0,84.8,4.5,5,81.0,0,0,,0,1.8,7.0,3.0,4.0,0.88,0.88,5.4,3.9,1.5,0.33,-0.06,Matches
391,377,Ionuț Nedelcearu,DF,ro Romania,28-079,1996,0,,,,,0,,0,0,,4,,,,,,,,,,,,Matches
392,378,Loïc Nego,"DF,MF",hu Hungary,33-180,1991,0,,,,,0,,0,0,,3,,,,,,,,,,,,Matches
393,379,Pedro Neto,"DF,FW",pt Portugal,24-126,2000,3,120.0,40.0,23.5,1.3,1,74.0,0,2,23.0,2,2.0,2.0,2.0,0.0,0.0,-0.46,2.8,1.7,1.1,0.84,-0.06,Matches
394,380,Manuel Neuer,GK,de Germany,38-108,1986,5,480.0,96.0,100.0,5.3,5,96.0,5,0,,0,2.0,11.0,4.0,7.0,1.31,,9.7,4.4,5.3,1.07,1.07,Matches
395,381,João Neves,MF,pt Portugal,19-290,2004,2,77.0,39.0,15.1,0.9,1,74.0,0,1,3.0,3,1.5,0.0,2.0,-2.0,-2.34,-3.17,1.1,1.6,-0.5,-0.62,-1.77,Matches
396,382,Rúben Neves,MF,pt Portugal,27-122,1997,4,125.0,31.0,24.5,1.4,0,,0,4,31.0,1,1.25,1.0,1.0,0.0,0.0,-0.47,3.7,1.9,1.8,1.81,1.13,Matches
397,383,Florin Niță,GK,ro Romania,37-010,1987,4,360.0,90.0,100.0,4.0,4,90.0,4,0,,0,1.0,4.0,6.0,-2.0,-0.5,,3.5,6.1,-2.6,-0.66,,Matches
398,384,Matheus Nunes,MF,pt Portugal,25-321,1998,2,18.0,9.0,3.5,0.2,0,,0,2,9.0,3,0.5,0.0,0.0,0.0,0.0,-0.37,1.3,0.0,1.2,6.86,6.17,Matches
399,385,Christian Nørgaard,MF,dk Denmark,30-125,1994,3,38.0,13.0,10.6,0.4,0,,0,3,13.0,1,0.67,0.0,0.0,0.0,0.0,0.56,0.7,0.4,0.3,0.7,0.91,Matches
400,386,Adam Obert,DF,sk Slovakia,21-325,2002,2,25.0,13.0,6.4,0.3,0,,0,2,13.0,2,1.5,0.0,1.0,-1.0,-3.6,-3.6,0.2,0.4,-0.1,-0.51,-0.21,Matches
401,387,Jan Oblak,GK,si Slovenia,31-188,1993,4,390.0,98.0,100.0,4.3,4,98.0,4,0,,0,1.0,2.0,2.0,0.0,0.0,,3.2,6.1,-2.9,-0.71,-0.71,Matches
402,388,Noah Okafor,"FW,MF",ch Switzerland,24-050,2000,0,,,,,0,,0,0,,5,,,,,,,,,,,,Matches
403,389,Darius Olaru,MF,ro Romania,26-132,1998,2,26.0,13.0,7.2,0.3,0,,0,2,13.0,2,0.0,0.0,2.0,-2.0,-6.92,-6.92,0.5,0.9,-0.4,-1.48,-0.88,Matches
404,390,Dani Olmo,"MF,FW",es Spain,26-067,1998,5,342.0,68.0,60.0,3.8,2,79.0,0,3,61.0,1,3.0,7.0,2.0,5.0,1.32,-0.66,5.3,4.5,0.8,0.24,-1.11,Matches
405,391,Amadou Onana,MF,be Belgium,22-332,2001,4,360.0,90.0,100.0,4.0,4,90.0,4,0,,0,1.0,2.0,2.0,0.0,0.0,,4.5,3.4,1.1,0.28,,Matches
406,392,Loïs Openda,FW,be Belgium,24-148,2000,3,70.0,23.0,19.4,0.8,1,62.0,0,2,4.0,1,0.33,0.0,0.0,0.0,0.0,0.0,0.3,1.0,-0.7,-0.9,-1.46,Matches
407,393,Willi Orban,DF,hu Hungary,31-253,1992,3,270.0,90.0,100.0,3.0,3,90.0,3,0,,0,1.0,2.0,5.0,-3.0,-1.0,,3.7,3.9,-0.2,-0.07,,Matches
408,394,Mikel Oyarzabal,FW,es Spain,27-083,1997,6,178.0,30.0,31.2,2.0,1,61.0,0,5,23.0,0,3.0,4.0,1.0,3.0,1.52,-0.09,4.0,2.5,1.5,0.94,0.27,Matches
409,395,Salih Özcan,MF,tr Türkiye,26-184,1998,4,155.0,39.0,34.4,1.7,2,61.0,0,2,17.0,1,2.25,3.0,3.0,0.0,0.0,0.0,2.0,3.7,-1.7,-0.96,-0.97,Matches
410,396,João Palhinha,MF,pt Portugal,29-004,1995,4,299.0,75.0,58.6,3.3,4,75.0,1,0,,1,1.25,2.0,1.0,1.0,0.3,-0.13,4.0,2.2,1.8,0.59,-0.62,Matches
411,397,Cole Palmer,"MF,FW",eng England,22-068,2002,4,128.0,32.0,21.3,1.4,0,,0,4,32.0,2,2.0,4.0,0.0,4.0,2.81,3.0,1.7,1.4,0.3,0.35,0.35,Matches
412,398,Marco Pašalić,MF,hr Croatia,23-303,2000,0,,,,,0,,0,0,,3,,,,,,,,,,,,Matches
413,399,Mario Pašalić,"FW,MF",hr Croatia,29-155,1995,3,116.0,39.0,43.0,1.3,1,45.0,0,2,36.0,0,0.67,2.0,1.0,1.0,0.78,3.11,3.3,1.0,2.2,1.72,2.24,Matches
414,400,Rui Patrício,GK,pt Portugal,36-149,1988,0,,,,,0,,0,0,,5,,,,,,,,,,,,Matches
416,401,Benjamin Pavard,DF,fr France,28-107,1996,0,,,,,0,,0,0,,6,,,,,,,,,,,,Matches
417,402,Strahinja Pavlović,DF,rs Serbia,23-050,2001,3,270.0,90.0,100.0,3.0,3,90.0,3,0,,0,0.67,1.0,2.0,-1.0,-0.33,,2.1,2.6,-0.5,-0.15,,Matches
418,403,Pedri,MF,es Spain,21-231,2002,4,186.0,47.0,32.6,2.1,4,47.0,0,0,,1,3.0,6.0,1.0,5.0,2.42,1.25,5.2,1.4,3.8,1.84,1.63,Matches
419,404,Peter Pekarík,DF,sk Slovakia,37-257,1986,4,377.0,94.0,96.7,4.2,4,94.0,2,0,,0,1.0,4.0,5.0,-1.0,-0.24,-0.24,4.1,5.7,-1.5,-0.36,-1.37,Matches
420,405,Lorenzo Pellegrini,"FW,MF",it Italy,28-024,1996,4,218.0,55.0,60.6,2.4,3,67.0,0,1,16.0,0,1.0,2.0,2.0,0.0,0.0,1.27,2.1,2.2,-0.1,-0.04,0.77,Matches
421,406,Patrick Pentz,GK,at Austria,27-193,1997,4,360.0,90.0,100.0,4.0,4,90.0,4,0,,0,1.5,7.0,6.0,1.0,0.25,,6.9,6.3,0.7,0.17,,Matches
422,407,Pepe,DF,pt Portugal,41-138,1983,4,408.0,102.0,80.0,4.5,4,102.0,2,0,,1,2.0,5.0,1.0,4.0,0.88,2.65,7.3,2.8,4.4,1.05,0.65,Matches
423,408,Danilo Pereira,DF,pt Portugal,32-308,1991,1,90.0,90.0,17.6,1.0,1,90.0,1,0,,4,0.0,0.0,2.0,-2.0,-2.0,-2.86,2.0,1.6,0.3,0.35,-0.65,Matches
424,409,Ayoze Pérez,FW,es Spain,30-350,1993,1,13.0,13.0,2.3,0.1,0,,0,1,13.0,4,3.0,0.0,0.0,0.0,0.0,-1.62,0.4,0.1,0.3,2.15,1.44,Matches
425,410,Ivan Perišić,"DF,FW",hr Croatia,35-162,1989,3,139.0,46.0,51.5,1.5,1,83.0,0,2,28.0,0,0.67,2.0,2.0,0.0,0.0,2.06,3.3,1.4,1.9,1.2,1.56,Matches
426,411,Bruno Petković,FW,hr Croatia,29-301,1994,2,87.0,44.0,32.2,1.0,1,68.0,0,1,19.0,1,0.5,0.0,1.0,-1.0,-1.03,-0.05,2.3,1.0,1.3,1.31,1.28,Matches
427,412,Đorđe Petrović,GK,rs Serbia,24-279,1999,0,,,,,0,,0,0,,3,,,,,,,,,,,,Matches
428,413,Krzysztof Piątek,FW,pl Poland,29-012,1995,1,59.0,59.0,21.9,0.7,1,59.0,0,0,,2,0.0,1.0,1.0,0.0,0.0,1.28,1.1,0.7,0.4,0.64,1.58,Matches
429,414,Jordan Pickford,GK,eng England,30-128,1994,6,600.0,100.0,100.0,6.7,6,100.0,6,0,,0,2.0,7.0,4.0,3.0,0.45,,5.5,5.3,0.2,0.04,0.04,Matches
430,415,Jakub Piotrowski,MF,pl Poland,26-283,1997,2,58.0,29.0,21.5,0.6,1,45.0,0,1,13.0,1,0.0,1.0,2.0,-1.0,-1.55,-0.7,1.9,0.7,1.2,1.9,3.18,Matches
431,416,Marko Pjaca,"FW,MF",hr Croatia,29-068,1995,0,,,,,0,,0,0,,3,,,,,,,,,,,,Matches
432,417,Marin Pongračić,DF,hr Croatia,26-306,1997,2,180.0,90.0,66.7,2.0,2,90.0,2,0,,1,0.5,1.0,4.0,-3.0,-1.5,-1.5,3.1,2.9,0.2,0.08,-1.08,Matches
433,418,Ryan Porteous,DF,sct Scotland,25-110,1999,1,43.0,43.0,15.9,0.5,1,43.0,0,0,,0,0.0,0.0,2.0,-2.0,-4.19,-3.0,0.0,0.5,-0.5,-1.06,0.12,Matches
434,419,Stefan Posch,DF,at Austria,27-060,1997,4,360.0,90.0,100.0,4.0,4,90.0,4,0,,0,1.5,7.0,6.0,1.0,0.25,,6.9,6.3,0.7,0.17,,Matches
435,420,Yussuf Poulsen,"FW,MF",dk Denmark,30-028,1994,4,57.0,14.0,15.8,0.6,0,,0,4,14.0,0,0.75,0.0,0.0,0.0,0.0,0.59,0.7,0.7,0.0,0.03,0.18,Matches
436,421,Alexander Prass,DF,at Austria,23-048,2001,4,166.0,42.0,46.1,1.8,1,90.0,1,3,25.0,0,1.5,6.0,3.0,3.0,1.63,2.55,5.0,2.5,2.5,1.38,2.26,Matches
437,422,Lukáš Provod,MF,cz Czechia,27-264,1996,3,232.0,77.0,85.9,2.6,3,77.0,0,0,,0,0.33,3.0,3.0,0.0,0.0,4.74,4.5,3.0,1.5,0.58,2.45,Matches
438,423,Tymoteusz Puchacz,"DF,MF",pl Poland,25-172,1999,0,,,,,0,,0,0,,3,,,,,,,,,,,,Matches
439,424,George Pușcaș,FW,ro Romania,28-096,1996,2,40.0,20.0,11.1,0.4,0,,0,2,20.0,2,2.0,0.0,0.0,0.0,0.0,0.56,0.0,0.4,-0.4,-0.89,-0.26,Matches
440,425,Leopold Querfeld,DF,at Austria,20-206,2003,1,27.0,27.0,7.5,0.3,0,,0,1,27.0,3,3.0,1.0,1.0,0.0,0.0,-0.27,0.1,0.2,-0.1,-0.24,-0.44,Matches
442,426,Adrien Rabiot,MF,fr France,29-101,1995,5,371.0,74.0,65.1,4.1,5,74.0,2,0,,0,1.6,4.0,2.0,2.0,0.49,0.94,7.0,2.4,4.7,1.13,1.54,Matches
443,427,Bogdan Racovitan,DF,ro Romania,24-037,2000,2,57.0,29.0,15.8,0.6,0,,0,2,29.0,2,1.5,0.0,2.0,-2.0,-3.16,-3.16,0.1,2.5,-2.4,-3.77,-3.69,Matches
444,428,Predrag Rajković,GK,rs Serbia,28-256,1995,3,270.0,90.0,100.0,3.0,3,90.0,3,0,,0,0.67,1.0,2.0,-1.0,-0.33,,2.1,2.6,-0.5,-0.15,,Matches
445,429,Anthony Ralston,DF,sct Scotland,25-240,1998,3,262.0,87.0,97.0,2.9,3,87.0,2,0,,0,0.33,2.0,6.0,-4.0,-1.37,9.88,0.8,3.6,-2.8,-0.97,6.45,Matches
446,430,Ylber Ramadani,MF,al Albania,28-092,1996,3,264.0,88.0,97.8,2.9,3,88.0,2,0,,0,0.33,2.0,5.0,-3.0,-1.02,-16.02,2.0,5.4,-3.5,-1.18,-4.89,Matches
447,431,Gonçalo Ramos,FW,pt Portugal,23-023,2001,1,25.0,25.0,4.9,0.3,0,,0,1,25.0,4,0.0,0.0,0.0,0.0,0.0,-0.37,1.2,0.1,1.1,4.04,3.32,Matches
448,432,Aaron Ramsdale,GK,eng England,26-060,1998,0,,,,,0,,0,0,,6,,,,,,,,,,,,Matches
449,433,Giacomo Raspadori,FW,it Italy,24-146,2000,2,83.0,42.0,23.1,0.9,1,74.0,0,1,9.0,2,0.5,0.0,1.0,-1.0,-1.08,-0.76,0.9,1.2,-0.3,-0.31,0.05,Matches
450,434,Andrei Ratiu,DF,ro Romania,26-023,1998,4,359.0,90.0,99.7,4.0,4,90.0,3,0,,0,1.0,4.0,6.0,-2.0,-0.5,-0.5,3.5,6.1,-2.7,-0.67,-2.18,Matches
451,435,Petar Ratkov,FW,rs Serbia,20-330,2003,0,,,,,0,,0,0,,3,,,,,,,,,,,,Matches
452,436,David Raum,DF,de Germany,26-082,1998,3,166.0,55.0,34.6,1.8,2,68.0,0,1,30.0,2,1.33,3.0,1.0,2.0,1.08,-0.35,3.4,1.6,1.8,0.96,-0.06,Matches
453,437,Henrich Ravas,GK,sk Slovakia,26-332,1997,0,,,,,0,,0,0,,4,,,,,,,,,,,,Matches
454,438,David Raya,GK,es Spain,28-302,1995,1,90.0,90.0,15.8,1.0,1,90.0,1,0,,5,3.0,1.0,0.0,1.0,1.0,-0.69,1.5,0.5,1.0,1.02,0.33,Matches
455,439,Tijjani Reijnders,MF,nl Netherlands,25-350,1998,6,496.0,83.0,91.9,5.5,6,83.0,4,0,,0,1.67,8.0,6.0,2.0,0.36,-1.68,7.7,5.6,2.1,0.38,1.42,Matches
456,440,Álex Remiro,GK,es Spain,29-111,1995,0,,,,,0,,0,0,,6,,,,,,,,,,,,Matches
457,441,Mateo Retegui,FW,it Italy,25-075,1999,4,152.0,38.0,42.2,1.7,1,90.0,1,3,21.0,0,1.0,1.0,1.0,0.0,0.0,0.87,1.6,1.8,-0.2,-0.12,0.4,Matches
458,442,Declan Rice,MF,eng England,25-181,1999,6,600.0,100.0,100.0,6.7,6,100.0,6,0,,0,2.0,7.0,4.0,3.0,0.45,,5.5,5.3,0.2,0.04,0.04,Matches
459,443,Fabian Rieder,MF,ch Switzerland,22-148,2002,5,218.0,44.0,45.4,2.4,3,66.0,0,2,11.0,0,1.8,4.0,0.0,4.0,1.65,1.65,2.8,1.4,1.4,0.56,0.4,Matches
460,444,Tomas Rigo,MF,sk Slovakia,22-010,2002,0,,,,,0,,0,0,,4,,,,,,,,,,,,Matches
461,445,Andrew Robertson,DF,sct Scotland,30-124,1994,3,268.0,89.0,99.3,3.0,3,89.0,2,0,,0,0.33,2.0,6.0,-4.0,-1.34,43.66,0.8,3.6,-2.8,-0.95,28.73,Matches
462,446,Marek Rodák,GK,sk Slovakia,27-213,1996,0,,,,,0,,0,0,,4,,,,,,,,,,,,Matches
463,447,Rodri,MF,es Spain,28-021,1996,5,475.0,95.0,83.3,5.3,5,95.0,4,0,,0,3.0,12.0,3.0,9.0,1.71,0.76,9.4,5.7,3.7,0.74,-0.02,Matches
464,448,Ricardo Rodríguez,DF,ch Switzerland,31-323,1992,5,480.0,96.0,100.0,5.3,5,96.0,5,0,,0,1.8,8.0,4.0,4.0,0.75,,6.7,4.9,1.8,0.37,0.37,Matches
465,449,Taras Romanchuk,MF,pl Poland,32-242,1991,1,54.0,54.0,20.0,0.6,1,54.0,0,0,,2,0.0,1.0,1.0,0.0,0.0,1.25,0.2,1.2,-1.0,-1.7,-1.38,Matches
466,450,Cristiano Ronaldo,FW,pt Portugal,39-159,1985,5,485.0,97.0,95.1,5.4,5,97.0,4,0,,0,1.6,5.0,3.0,2.0,0.37,0.37,8.3,4.4,3.9,0.82,-0.37,Matches
468,451,Antonio Rüdiger,DF,de Germany,31-132,1993,5,480.0,96.0,100.0,5.3,5,96.0,5,0,,0,2.0,11.0,4.0,7.0,1.31,,9.7,4.4,5.3,1.07,1.07,Matches
469,452,Fabián Ruiz Peña,MF,es Spain,28-101,1996,5,450.0,90.0,78.9,5.0,5,90.0,2,0,,1,3.0,10.0,3.0,7.0,1.4,-0.85,8.2,5.2,3.0,0.6,-0.7,Matches
470,453,Adrian Rus,MF,ro Romania,28-117,1996,2,21.0,11.0,5.8,0.2,0,,0,2,11.0,2,2.0,0.0,0.0,0.0,0.0,0.53,0.0,0.4,-0.4,-1.64,-1.03,Matches
471,454,Frederik Rønnow,GK,dk Denmark,31-344,1992,0,,,,,0,,0,0,,4,,,,,,,,,,,,Matches
472,455,José Sá,GK,pt Portugal,31-178,1993,0,,,,,0,,0,0,,5,,,,,,,,,,,,Matches
473,456,Marcel Sabitzer,"FW,MF",at Austria,30-118,1994,4,360.0,90.0,100.0,4.0,4,90.0,4,0,,0,1.5,7.0,6.0,1.0,0.25,,6.9,6.3,0.7,0.17,,Matches
474,457,Bukayo Saka,"FW,DF",eng England,22-312,2001,6,542.0,90.0,90.3,6.0,6,90.0,2,0,,0,2.0,7.0,4.0,3.0,0.5,0.5,5.0,4.7,0.3,0.06,0.11,Matches
475,458,Bartosz Salamon,DF,pl Poland,33-073,1991,1,85.0,85.0,31.5,0.9,1,85.0,0,0,,2,0.0,1.0,2.0,-1.0,-1.06,-0.09,0.9,1.4,-0.5,-0.53,0.1,Matches
476,459,William Saliba,DF,fr France,23-111,2001,6,570.0,95.0,100.0,6.3,6,95.0,6,0,,0,1.5,4.0,3.0,1.0,0.16,,9.0,5.2,3.8,0.63,0.63,Matches
477,460,Roland Sallai,MF,hu Hungary,27-052,1997,3,266.0,89.0,98.5,3.0,3,89.0,2,0,,0,1.0,2.0,5.0,-3.0,-1.02,-1.02,3.4,3.8,-0.4,-0.13,-4.01,Matches
478,461,Lazar Samardzic,MF,rs Serbia,22-140,2002,2,54.0,27.0,20.0,0.6,1,45.0,0,1,9.0,1,1.0,1.0,0.0,1.0,1.67,2.5,0.4,0.5,-0.1,-0.24,-0.11,Matches
479,462,Brice Samba,GK,fr France,30-079,1994,0,,,,,0,,0,0,,6,,,,,,,,,,,,Matches
480,463,Leroy Sané,FW,de Germany,28-184,1996,5,208.0,42.0,43.3,2.3,2,66.0,0,3,25.0,0,2.0,6.0,1.0,5.0,2.16,1.5,4.0,2.0,2.0,0.88,-0.22,Matches
481,464,Leo Sauer,FW,sk Slovakia,18-210,2005,1,5.0,5.0,1.3,0.1,0,,0,1,5.0,3,0.0,0.0,0.0,0.0,0.0,0.23,0.0,0.0,0.0,0.55,0.88,Matches
482,465,Gianluca Scamacca,FW,it Italy,25-194,1999,4,251.0,63.0,69.7,2.8,3,78.0,1,1,16.0,0,1.0,3.0,4.0,-1.0,-0.36,0.47,2.3,3.0,-0.7,-0.24,0.36,Matches
483,466,András Schäfer,MF,hu Hungary,25-091,1999,3,270.0,90.0,100.0,3.0,3,90.0,3,0,,0,1.0,2.0,5.0,-3.0,-1.0,,3.7,3.9,-0.2,-0.07,,Matches
484,467,Fabian Schär,DF,ch Switzerland,32-206,1991,5,480.0,96.0,100.0,5.3,5,96.0,5,0,,0,1.8,8.0,4.0,4.0,0.75,,6.7,4.9,1.8,0.37,0.37,Matches
485,468,Patrik Schick,FW,cz Czechia,28-171,1996,2,127.0,64.0,47.0,1.4,2,64.0,0,0,,0,0.33,2.0,3.0,-1.0,-0.71,-0.08,2.8,1.9,0.9,0.64,0.76,Matches
486,469,Nico Schlotterbeck,DF,de Germany,24-225,1999,2,120.0,60.0,25.0,1.3,1,90.0,1,1,30.0,2,1.33,4.0,2.0,2.0,1.5,0.25,3.4,1.2,2.2,1.66,0.88,Matches
487,470,Kasper Schmeichel,GK,dk Denmark,37-251,1986,4,360.0,90.0,100.0,4.0,4,90.0,4,0,,0,0.75,2.0,4.0,-2.0,-0.5,,4.3,4.8,-0.5,-0.12,,Matches
488,471,Romano Schmid,"FW,MF",at Austria,24-168,2000,4,145.0,36.0,40.3,1.6,2,67.0,0,2,6.0,0,1.5,3.0,3.0,0.0,0.0,-0.42,1.8,2.6,-0.8,-0.47,-1.06,Matches
489,472,Jerdy Schouten,MF,nl Netherlands,27-183,1997,6,500.0,83.0,92.6,5.6,6,83.0,4,0,,0,1.67,8.0,7.0,1.0,0.18,-4.32,6.8,6.4,0.4,0.08,-2.42,Matches
490,473,Ivan Schranz,FW,sk Slovakia,30-304,1993,4,331.0,83.0,84.9,3.7,4,83.0,0,0,,0,1.0,4.0,3.0,1.0,0.27,3.32,3.5,5.2,-1.7,-0.47,-1.02,Matches
491,474,Taulant Seferi,FW,al Albania,27-241,1996,2,94.0,47.0,34.8,1.0,1,67.0,0,1,27.0,1,0.5,2.0,4.0,-2.0,-1.91,-1.91,0.7,2.9,-2.1,-2.03,-1.46,Matches
492,475,Matthias Seidl,MF,at Austria,23-171,2001,0,,,,,0,,0,0,,4,,,,,,,,,,,,Matches
494,476,Nicolas Seiwald,MF,at Austria,23-070,2001,4,360.0,90.0,100.0,4.0,4,90.0,4,0,,0,1.5,7.0,6.0,1.0,0.25,,6.9,6.3,0.7,0.17,,Matches
495,477,Matz Sels,GK,be Belgium,32-138,1992,0,,,,,0,,0,0,,4,,,,,,,,,,,,Matches
496,478,Nélson Semedo,DF,pt Portugal,30-240,1993,5,100.0,20.0,19.6,1.1,0,,0,5,20.0,0,1.6,1.0,0.0,1.0,0.9,0.68,3.2,0.6,2.6,3.55,3.07,Matches
497,479,Benjamin Šeško,FW,si Slovenia,21-043,2003,4,358.0,90.0,91.8,4.0,4,90.0,1,0,,0,1.0,2.0,1.0,1.0,0.25,3.06,3.2,5.6,-2.5,-0.67,-0.08,Matches
498,480,Petr Ševčík,MF,cz Czechia,30-070,1994,2,22.0,11.0,8.1,0.2,0,,0,2,11.0,1,0.5,0.0,1.0,-1.0,-4.09,-3.73,0.3,0.9,-0.6,-2.6,-3.09,Matches
499,481,Stephan El Shaarawy,FW,it Italy,31-260,1992,1,45.0,45.0,12.5,0.5,1,45.0,0,0,,3,0.0,0.0,1.0,-1.0,-2.0,-1.71,0.0,1.0,-0.9,-1.85,-1.72,Matches
500,482,Lawrence Shankland,FW,sct Scotland,28-338,1995,3,25.0,8.0,9.3,0.3,0,,0,3,8.0,0,0.33,1.0,2.0,-1.0,-3.6,-2.13,0.2,0.9,-0.7,-2.49,-1.47,Matches
501,483,Mykola Shaparenko,MF,ua Ukraine,25-283,1998,3,220.0,73.0,81.5,2.4,3,73.0,0,0,,0,1.33,2.0,4.0,-2.0,-0.82,-0.82,2.0,2.4,-0.5,-0.18,-1.38,Matches
502,484,Xherdan Shaqiri,"MF,FW",ch Switzerland,32-277,1991,2,71.0,36.0,14.8,0.8,1,59.0,0,1,12.0,3,1.0,1.0,1.0,0.0,0.0,-0.88,1.2,0.2,0.9,1.42,1.22,Matches
503,485,Luke Shaw,DF,eng England,29-001,1995,2,88.0,44.0,14.7,1.0,0,,0,2,44.0,3,2.0,2.0,0.0,2.0,2.05,1.87,0.5,0.8,-0.3,-0.48,-0.56,Matches
504,486,Levan Shengelia,"FW,MF",ge Georgia,28-260,1995,0,,,,,0,,0,0,,4,,,,,,,,,,,,Matches
505,487,Vincent Sierro,MF,ch Switzerland,28-279,1995,4,38.0,10.0,7.9,0.4,0,,0,4,10.0,1,2.0,1.0,0.0,1.0,2.37,1.76,1.2,0.3,1.0,2.44,2.26,Matches
506,488,Gabriel Sigua,MF,ge Georgia,19-013,2005,0,,,,,0,,0,0,,4,,,,,,,,,,,,Matches
507,489,António Silva,DF,pt Portugal,20-257,2003,2,73.0,37.0,14.3,0.8,1,65.0,0,1,8.0,3,1.5,0.0,2.0,-2.0,-2.47,-3.29,1.0,1.6,-0.6,-0.69,-1.84,Matches
508,490,Bernardo Silva,"FW,MF",pt Portugal,29-338,1994,4,420.0,105.0,82.4,4.7,4,105.0,4,0,,1,2.0,5.0,1.0,4.0,0.86,2.86,7.5,2.8,4.7,1.17,0.96,Matches
509,491,Unai Simón,GK,es Spain,27-032,1997,5,480.0,96.0,84.2,5.3,5,96.0,5,0,,1,3.0,12.0,3.0,9.0,1.69,0.69,9.4,5.8,3.7,0.74,-0.03,Matches
510,492,Xavi Simons,"MF,FW",nl Netherlands,21-083,2003,6,454.0,76.0,84.1,5.0,5,80.0,1,1,56.0,0,1.67,9.0,6.0,3.0,0.59,0.59,6.8,5.0,1.9,0.37,0.69,Matches
511,493,Michał Skóraś,DF,pl Poland,24-149,2000,1,23.0,23.0,8.5,0.3,0,,0,1,23.0,2,1.0,1.0,0.0,1.0,3.91,5.37,0.8,0.2,0.6,2.45,3.33,Matches
512,494,Łukasz Skorupski,GK,pl Poland,33-069,1991,1,90.0,90.0,33.3,1.0,1,90.0,1,0,,2,1.0,1.0,1.0,0.0,0.0,1.5,1.2,2.3,-1.1,-1.13,-0.8,Matches
513,495,Andreas Skov Olsen,"MF,FW",dk Denmark,24-197,1999,3,122.0,41.0,33.9,1.4,1,68.0,0,2,27.0,1,0.67,0.0,2.0,-2.0,-1.48,-1.48,1.5,2.4,-0.8,-0.62,-0.76,Matches
514,496,Milan Škriniar,DF,sk Slovakia,29-153,1995,4,390.0,98.0,100.0,4.3,4,98.0,4,0,,0,1.0,4.0,5.0,-1.0,-0.23,,4.4,5.8,-1.4,-0.34,-0.34,Matches
515,497,Bartosz Slisz,MF,pl Poland,25-106,1999,2,110.0,55.0,40.7,1.2,1,74.0,0,1,36.0,1,0.0,1.0,3.0,-2.0,-1.64,-1.07,2.4,1.1,1.3,1.06,2.8,Matches
516,498,Yann Sommer,GK,ch Switzerland,35-209,1988,5,480.0,96.0,100.0,5.3,5,96.0,5,0,,0,1.8,8.0,4.0,4.0,0.75,,6.7,4.9,1.8,0.37,0.37,Matches
517,499,Deian Sorescu,"MF,DF",ro Romania,26-319,1997,2,34.0,17.0,9.4,0.4,0,,0,2,17.0,2,0.5,0.0,0.0,0.0,0.0,0.55,0.1,0.1,0.0,-0.07,0.65,Matches
518,500,Borna Sosa,DF,hr Croatia,26-174,1998,1,7.0,7.0,2.6,0.1,0,,0,1,7.0,2,1.0,0.0,1.0,-1.0,-12.86,-12.17,0.2,0.5,-0.2,-3.18,-3.72,Matches
520,501,Tomáš Souček,MF,cz Czechia,29-137,1995,3,270.0,90.0,100.0,3.0,3,90.0,3,0,,0,0.33,3.0,5.0,-2.0,-0.67,,5.1,4.3,0.7,0.24,,Matches
521,502,Uroš Spajić,DF,rs Serbia,31-151,1993,0,,,,,0,,0,0,,3,,,,,,,,,,,,Matches
522,503,Andraž Šporar,FW,si Slovenia,30-137,1994,4,338.0,85.0,86.7,3.8,4,85.0,1,0,,0,1.0,2.0,2.0,0.0,0.0,0.0,2.9,4.8,-1.9,-0.51,1.14,Matches
523,504,Nicolae Stanciu,"MF,FW",ro Romania,31-067,1993,4,353.0,88.0,98.1,3.9,4,88.0,2,0,,0,1.0,4.0,5.0,-1.0,-0.25,12.6,3.5,5.7,-2.2,-0.57,4.89,Matches
524,505,Jindřich Staněk,GK,cz Czechia,28-077,1996,3,234.0,78.0,86.7,2.6,3,78.0,2,0,,0,0.33,2.0,4.0,-2.0,-0.77,-0.77,4.1,3.8,0.3,0.12,-0.9,Matches
525,506,Josip Stanišić,DF,hr Croatia,24-102,2000,2,180.0,90.0,66.7,2.0,2,90.0,2,0,,1,0.5,1.0,4.0,-3.0,-1.5,-1.5,3.1,2.9,0.2,0.08,-1.08,Matches
526,507,Renato Steffen,DF,ch Switzerland,32-253,1991,1,1.0,1.0,0.2,0.0,0,,0,1,1.0,4,3.0,0.0,0.0,0.0,0.0,-0.75,0.0,0.0,0.0,0.0,-0.34,Matches
527,508,Taras Stepanenko,MF,ua Ukraine,34-340,1989,2,82.0,41.0,30.4,0.9,1,61.0,0,1,21.0,1,0.5,0.0,3.0,-3.0,-3.29,-3.77,0.8,1.4,-0.6,-0.68,-1.08,Matches
528,509,Leonidas Stergiou,DF,ch Switzerland,22-132,2002,3,48.0,16.0,10.0,0.5,0,,0,3,16.0,2,2.33,1.0,0.0,1.0,1.87,1.25,1.2,0.7,0.5,0.9,0.62,Matches
529,510,Petar Stojanović,MF,si Slovenia,28-280,1995,4,316.0,79.0,81.0,3.5,4,79.0,1,0,,0,1.0,1.0,1.0,0.0,0.0,0.0,2.0,4.3,-2.3,-0.65,0.06,Matches
530,511,Nemanja Stojić,MF,rs Serbia,26-180,1998,0,,,,,0,,0,0,,3,,,,,,,,,,,,Matches
531,512,John Stones,DF,eng England,30-046,1994,6,600.0,100.0,100.0,6.7,6,100.0,6,0,,0,2.0,7.0,4.0,3.0,0.45,,5.5,5.3,0.2,0.04,0.04,Matches
532,513,Thomas Strakosha,GK,al Albania,29-116,1995,3,270.0,90.0,100.0,3.0,3,90.0,3,0,,0,0.33,3.0,5.0,-2.0,-0.67,,2.4,5.7,-3.2,-1.07,,Matches
533,514,Dávid Strelec,FW,sk Slovakia,23-100,2001,4,182.0,46.0,46.7,2.0,2,65.0,0,2,26.0,0,1.0,2.0,2.0,0.0,0.0,0.43,2.4,2.2,0.2,0.08,0.74,Matches
534,515,Callum Styles,MF,hu Hungary,24-107,2000,1,60.0,60.0,22.2,0.7,1,60.0,0,0,,2,3.0,0.0,0.0,0.0,0.0,1.29,0.4,0.0,0.3,0.49,0.72,Matches
535,516,Luka Sučić,"FW,MF",hr Croatia,21-309,2002,3,140.0,47.0,51.9,1.6,1,69.0,0,2,36.0,0,0.67,3.0,1.0,2.0,1.29,4.75,4.2,1.2,2.9,1.89,3.02,Matches
536,517,Heorhiy Sudakov,MF,ua Ukraine,21-316,2002,3,262.0,87.0,97.0,2.9,3,87.0,2,0,,0,1.33,2.0,4.0,-2.0,-0.69,-0.69,2.7,2.8,-0.1,-0.03,-3.26,Matches
537,518,Pavel Šulc,MF,cz Czechia,23-197,2000,1,78.0,78.0,28.9,0.9,1,78.0,0,0,,2,0.0,1.0,1.0,0.0,0.0,0.94,0.2,1.1,-0.9,-1.09,-1.87,Matches
538,519,Tomáš Suslov,"FW,MF",sk Slovakia,22-036,2002,4,126.0,32.0,32.3,1.4,0,,0,4,32.0,0,1.0,0.0,3.0,-3.0,-2.14,-2.82,1.3,1.5,-0.2,-0.21,0.14,Matches
539,520,Adrian Șut,MF,ro Romania,25-074,1999,0,,,,,0,,0,0,,4,,,,,,,,,,,,Matches
540,521,Josip Šutalo,DF,hr Croatia,24-136,2000,3,270.0,90.0,100.0,3.0,3,90.0,3,0,,0,0.67,3.0,6.0,-3.0,-1.0,,5.7,4.4,1.3,0.44,,Matches
541,522,Oleksandr Svatok,DF,ua Ukraine,29-290,1994,1,80.0,80.0,29.6,0.9,1,80.0,0,0,,2,1.0,0.0,0.0,0.0,0.0,0.95,0.5,0.7,-0.2,-0.26,-0.48,Matches
542,523,Karol Świderski,FW,pl Poland,27-172,1997,3,90.0,30.0,33.3,1.0,0,,0,3,30.0,0,0.33,1.0,3.0,-2.0,-2.0,-1.5,2.5,1.9,0.6,0.56,1.74,Matches
543,524,Serhiy Sydorchuk,MF,ua Ukraine,33-072,1991,1,6.0,6.0,2.2,0.1,0,,0,1,6.0,2,3.0,0.0,0.0,0.0,0.0,0.68,0.0,0.0,0.0,-0.46,-0.55,Matches
544,525,Attila Szalai,DF,hu Hungary,26-175,1998,2,95.0,48.0,35.2,1.1,1,78.0,0,1,17.0,1,1.5,2.0,2.0,0.0,0.0,1.54,2.1,1.7,0.3,0.31,0.59,Matches
546,526,Péter Szappanos,GK,hu Hungary,33-242,1990,0,,,,,0,,0,0,,3,,,,,,,,,,,,Matches
547,527,Wojciech Szczęsny,GK,pl Poland,34-086,1990,2,180.0,90.0,66.7,2.0,2,90.0,2,0,,1,0.0,2.0,5.0,-3.0,-1.5,-1.5,2.9,3.6,-0.7,-0.33,0.8,Matches
548,528,Dominik Szoboszlai,MF,hu Hungary,23-262,2000,3,270.0,90.0,100.0,3.0,3,90.0,3,0,,0,1.0,2.0,5.0,-3.0,-1.0,,3.7,3.9,-0.2,-0.07,,Matches
549,529,Damian Szymański,MF,pl Poland,29-027,1995,0,,,,,0,,0,0,,3,,,,,,,,,,,,Matches
550,530,Sebastian Szymański,MF,pl Poland,25-064,1999,2,112.0,56.0,41.5,1.2,2,56.0,0,0,,1,0.5,1.0,2.0,-1.0,-0.8,0.34,0.5,3.1,-2.6,-2.11,-2.59,Matches
551,531,Jemal Tabidze,DF,ge Georgia,28-117,1996,0,,,,,0,,0,0,,4,,,,,,,,,,,,Matches
552,532,Dušan Tadić,MF,rs Serbia,35-236,1988,3,156.0,52.0,57.8,1.7,1,81.0,0,2,38.0,0,0.67,0.0,1.0,-1.0,-0.58,-0.58,1.6,1.7,-0.1,-0.04,0.26,Matches
553,533,Jonathan Tah,DF,de Germany,28-153,1996,4,319.0,80.0,66.5,3.5,4,80.0,2,0,,0,1.75,7.0,3.0,4.0,1.13,-0.55,5.1,2.3,2.8,0.79,-0.63,Matches
554,534,Maksym Talovierov,MF,ua Ukraine,24-015,2000,1,1.0,1.0,0.4,0.0,0,,0,1,1.0,2,3.0,0.0,0.0,0.0,0.0,0.67,0.0,0.0,0.0,-1.36,-1.44,Matches
555,535,Stefan Târnovanu,GK,ro Romania,24-065,2000,0,,,,,0,,0,0,,4,,,,,,,,,,,,Matches
556,536,Greg Taylor,"DF,MF",sct Scotland,26-251,1997,0,,,,,0,,0,0,,3,,,,,,,,,,,,Matches
557,537,Aurélien Tchouaméni,MF,fr France,24-168,2000,5,470.0,94.0,82.5,5.2,5,94.0,4,0,,1,1.2,3.0,3.0,0.0,0.0,-0.9,6.8,4.4,2.3,0.48,-0.51,Matches
558,538,Marc-André ter Stegen,GK,de Germany,32-074,1992,0,,,,,0,,0,0,,5,,,,,,,,,,,,Matches
559,539,Arthur Theate,DF,be Belgium,24-049,2000,3,256.0,85.0,71.1,2.8,3,85.0,2,0,,1,1.33,1.0,1.0,0.0,0.0,0.0,2.3,2.4,-0.1,-0.05,-1.12,Matches
560,540,Marcus Thuram,FW,fr France,26-342,1997,4,260.0,65.0,45.6,2.9,3,75.0,1,1,35.0,2,2.0,1.0,0.0,1.0,0.35,0.35,4.7,2.4,2.3,0.9,0.51,Matches
561,541,Youri Tielemans,MF,be Belgium,27-067,1997,3,148.0,49.0,41.1,1.6,2,66.0,0,1,17.0,1,1.33,1.0,0.0,1.0,0.61,1.03,1.9,1.0,0.9,0.55,0.47,Matches
562,542,Kieran Tierney,DF,sct Scotland,27-038,1997,2,136.0,68.0,50.4,1.5,2,68.0,0,0,,0,0.5,1.0,5.0,-4.0,-2.65,-1.98,0.2,2.8,-2.6,-1.72,-1.12,Matches
563,543,Ivan Toney,FW,eng England,28-119,1996,2,43.0,22.0,7.2,0.5,0,,0,2,22.0,4,2.0,2.0,0.0,2.0,4.19,4.02,0.5,1.2,-0.7,-62.98,-63.12,Matches
564,544,Ferrán Torres,"FW,MF",es Spain,24-135,2000,5,155.0,31.0,27.2,1.7,1,71.0,0,4,21.0,1,3.0,2.0,1.0,1.0,0.58,-1.37,2.6,2.2,0.4,0.31,-0.55,Matches
565,545,Cenk Tosun,FW,tr Türkiye,33-036,1991,2,25.0,13.0,5.6,0.3,0,,0,2,13.0,3,1.5,1.0,0.0,1.0,3.6,3.81,1.1,0.3,0.8,2.74,3.24,Matches
566,546,Gernot Trauner,DF,at Austria,32-110,1992,2,90.0,45.0,25.0,1.0,1,58.0,0,1,32.0,1,1.5,1.0,1.0,0.0,0.0,-0.33,0.8,2.2,-1.4,-1.37,-2.05,Matches
567,547,Kieran Trippier,DF,eng England,33-298,1990,6,450.0,75.0,75.0,5.0,6,75.0,2,0,,0,2.0,3.0,4.0,-1.0,-0.2,-2.6,3.9,3.5,0.4,0.08,0.2,Matches
568,548,Leandro Trossard,FW,be Belgium,29-222,1994,3,169.0,56.0,46.9,1.9,2,67.0,0,1,35.0,1,1.33,1.0,1.0,0.0,0.0,0.0,3.0,1.2,1.7,0.91,1.2,Matches
569,549,Anatolii Trubin,GK,ua Ukraine,22-347,2001,2,180.0,90.0,66.7,2.0,2,90.0,2,0,,1,2.0,2.0,1.0,1.0,0.5,3.5,2.3,1.7,0.6,0.28,0.62,Matches
570,550,Heorhii Tsitaishvili,"DF,MF",ge Georgia,23-238,2000,4,190.0,48.0,52.8,2.1,2,67.0,0,2,28.0,0,1.0,2.0,5.0,-3.0,-1.42,-1.42,2.2,7.4,-5.2,-2.46,-1.54,Matches
572,551,Viktor Tsyhankov,FW,ua Ukraine,26-241,1997,1,62.0,62.0,23.0,0.7,1,62.0,0,0,,1,0.0,0.0,3.0,-3.0,-4.35,-4.79,0.2,1.1,-0.8,-1.19,-1.64,Matches
573,552,Ľubomír Tupta,MF,sk Slovakia,26-108,1998,1,12.0,12.0,3.1,0.1,0,,0,1,12.0,3,0.0,0.0,0.0,0.0,0.0,0.24,0.3,0.1,0.2,,,Matches
574,553,Oleksandr Tymchyk,DF,ua Ukraine,27-175,1997,3,199.0,66.0,73.7,2.2,2,90.0,2,1,19.0,0,1.33,2.0,1.0,1.0,0.45,4.26,2.7,1.7,0.9,0.42,1.34,Matches
575,554,Deniz Undav,MF,de Germany,27-360,1996,1,7.0,7.0,1.5,0.1,0,,0,1,7.0,3,1.5,1.0,2.0,-1.0,-12.86,-14.38,0.2,0.3,0.0,-0.44,-1.46,Matches
576,555,Dayot Upamecano,DF,fr France,25-260,1998,6,570.0,95.0,100.0,6.3,6,95.0,6,0,,0,1.5,4.0,3.0,1.0,0.16,,9.0,5.2,3.8,0.63,0.63,Matches
577,556,Kacper Urbanski,"FW,MF",pl Poland,19-310,2004,3,148.0,49.0,54.8,1.6,2,72.0,1,1,4.0,0,0.33,2.0,2.0,0.0,0.0,2.21,1.6,3.5,-1.9,-1.13,-1.19,Matches
578,557,Virgil van Dijk,DF,nl Netherlands,33-005,1991,6,540.0,90.0,100.0,6.0,6,90.0,6,0,,0,1.67,10.0,7.0,3.0,0.5,,8.0,6.4,1.6,0.26,,Matches
579,558,Vladyslav Vanat,FW,ua Ukraine,22-191,2002,1,21.0,21.0,7.8,0.2,0,,0,1,21.0,2,1.0,0.0,0.0,0.0,0.0,0.72,0.5,0.3,0.2,0.86,0.86,Matches
580,559,Barnabás Varga,FW,hu Hungary,30-170,1994,3,249.0,83.0,92.2,2.8,3,83.0,1,0,,0,1.0,1.0,5.0,-4.0,-1.45,-5.73,2.6,3.6,-1.0,-0.38,-3.94,Matches
581,560,Ruben Vargas,"MF,FW",ch Switzerland,25-343,1998,5,306.0,61.0,63.8,3.4,4,70.0,0,1,26.0,0,1.8,5.0,3.0,2.0,0.59,-0.45,3.9,2.9,1.0,0.3,-0.12,Matches
582,561,Denis Vavro,DF,sk Slovakia,28-094,1996,4,390.0,98.0,100.0,4.3,4,98.0,4,0,,0,1.0,4.0,5.0,-1.0,-0.23,,4.4,5.8,-1.4,-0.34,-0.34,Matches
583,562,Joey Veerman,MF,nl Netherlands,25-237,1998,6,209.0,35.0,38.7,2.3,2,48.0,0,4,29.0,0,1.67,4.0,3.0,1.0,0.43,-0.11,3.6,1.3,2.3,0.98,1.18,Matches
584,563,Igor Vekič,GK,si Slovenia,26-068,1998,0,,,,,0,,0,0,,4,,,,,,,,,,,,Matches
585,564,Miloš Veljković,DF,rs Serbia,28-291,1995,3,270.0,90.0,100.0,3.0,3,90.0,3,0,,0,0.67,1.0,2.0,-1.0,-0.33,,2.1,2.6,-0.5,-0.15,,Matches
586,565,Micky van de Ven,DF,nl Netherlands,23-085,2001,4,70.0,18.0,13.0,0.8,0,,0,4,18.0,2,2.25,4.0,1.0,3.0,3.86,3.86,1.4,1.2,0.2,0.31,0.06,Matches
587,566,Benjamin Verbič,MF,si Slovenia,30-229,1993,3,74.0,25.0,19.0,0.8,0,,0,3,25.0,1,1.0,1.0,1.0,0.0,0.0,0.0,1.2,1.8,-0.6,-1.19,-0.59,Matches
588,567,Bart Verbruggen,GK,nl Netherlands,21-330,2002,6,540.0,90.0,100.0,6.0,6,90.0,6,0,,0,1.67,10.0,7.0,3.0,0.5,,8.0,6.4,1.6,0.26,,Matches
589,568,Arthur Vermeeren,MF,be Belgium,19-157,2005,0,,,,,0,,0,0,,4,,,,,,,,,,,,Matches
590,569,Jan Vertonghen,DF,be Belgium,37-080,1987,3,270.0,90.0,75.0,3.0,3,90.0,3,0,,1,1.33,2.0,1.0,1.0,0.33,1.33,2.8,2.8,0.0,0.01,-1.06,Matches
591,570,Jannik Vestergaard,DF,dk Denmark,31-345,1992,4,360.0,90.0,100.0,4.0,4,90.0,4,0,,0,0.75,2.0,4.0,-2.0,-0.5,,4.3,4.8,-0.5,-0.12,,Matches
592,571,Guglielmo Vicario,GK,it Italy,27-280,1996,0,,,,,0,,0,0,,4,,,,,,,,,,,,Matches
593,572,Domagoj Vida,"DF,MF",hr Croatia,35-075,1989,0,,,,,0,,0,0,,3,,,,,,,,,,,,Matches
594,573,Žan Vipotnik,FW,si Slovenia,22-117,2002,1,15.0,15.0,3.8,0.2,0,,0,1,15.0,3,1.0,0.0,1.0,-1.0,-6.0,-6.24,0.0,0.3,-0.3,-1.8,-1.19,Matches
595,574,Martin Vitík,DF,cz Czechia,21-174,2003,0,,,,,0,,0,0,,3,,,,,,,,,,,,Matches
596,575,Vitinha,MF,pt Portugal,24-151,2000,4,358.0,90.0,70.2,4.0,4,90.0,0,0,,1,2.0,4.0,1.0,3.0,0.75,1.35,5.2,2.5,2.7,0.67,-0.71,Matches
598,576,Daniel Vivian,DF,es Spain,24-364,1999,2,123.0,62.0,21.6,1.4,1,90.0,1,1,33.0,4,3.0,1.0,0.0,1.0,0.73,-1.08,1.5,0.8,0.7,0.49,-0.32,Matches
599,577,Dušan Vlahović,"MF,FW",rs Serbia,24-167,2000,3,177.0,59.0,65.6,2.0,2,77.0,1,1,24.0,0,0.67,0.0,1.0,-1.0,-0.51,-0.51,1.3,1.4,0.0,-0.02,0.38,Matches
600,578,Nikola Vlašić,"FW,MF",hr Croatia,26-283,1997,0,,,,,0,,0,0,,1,,,,,,,,,,,,Matches
601,579,Tomáš Vlček,DF,cz Czechia,23-136,2001,0,,,,,0,,0,0,,3,,,,,,,,,,,,Matches
602,580,Aster Vranckx,MF,be Belgium,21-283,2002,0,,,,,0,,0,0,,4,,,,,,,,,,,,Matches
603,581,Stefan de Vrij,DF,nl Netherlands,32-159,1992,6,540.0,90.0,100.0,6.0,6,90.0,6,0,,0,1.67,10.0,7.0,3.0,0.5,,8.0,6.4,1.6,0.26,,Matches
604,582,Kyle Walker,DF,eng England,34-046,1990,6,600.0,100.0,100.0,6.7,6,100.0,6,0,,0,2.0,7.0,4.0,3.0,0.45,,5.5,5.3,0.2,0.04,0.04,Matches
605,583,Sebastian Walukiewicz,DF,pl Poland,24-099,2000,0,,,,,0,,0,0,,3,,,,,,,,,,,,Matches
606,584,Ollie Watkins,FW,eng England,28-196,1995,2,32.0,16.0,5.3,0.4,0,,0,2,16.0,4,2.0,1.0,0.0,1.0,2.81,2.5,0.4,0.5,-0.1,-0.38,-0.44,Matches
607,585,Wout Weghorst,FW,nl Netherlands,31-341,1992,6,138.0,23.0,25.6,1.5,0,,0,6,23.0,0,1.67,5.0,2.0,3.0,1.96,1.96,1.8,1.5,0.3,0.22,-0.06,Matches
608,586,Andreas Weimann,FW,at Austria,32-343,1991,1,1.0,1.0,0.3,0.0,0,,0,1,1.0,3,3.0,0.0,0.0,0.0,0.0,-0.25,0.0,0.0,0.0,-1.72,-1.89,Matches
609,587,Adam Wharton,MF,eng England,20-041,2004,0,,,,,0,,0,0,,6,,,,,,,,,,,,Matches
610,588,Silvan Widmer,DF,ch Switzerland,31-130,1993,4,299.0,75.0,62.3,3.3,3,81.0,1,1,57.0,0,1.5,5.0,4.0,1.0,0.3,-1.19,4.2,3.8,0.4,0.13,-0.49,Matches
611,589,Georginio Wijnaldum,MF,nl Netherlands,33-245,1990,3,73.0,24.0,13.5,0.8,0,,0,3,24.0,3,1.33,2.0,1.0,1.0,1.23,0.85,0.5,1.2,-0.7,-0.85,-1.28,Matches
612,590,Nico Williams,FW,es Spain,22-001,2002,5,402.0,80.0,70.5,4.5,5,80.0,1,0,,1,3.0,11.0,2.0,9.0,2.01,1.48,8.1,3.6,4.5,1.01,0.9,Matches
613,591,Patrick Wimmer,"FW,MF",at Austria,23-044,2001,3,138.0,46.0,38.3,1.5,1,62.0,0,2,38.0,0,2.0,4.0,1.0,3.0,1.96,2.77,2.5,3.2,-0.7,-0.42,-0.96,Matches
614,592,Jonas Wind,FW,dk Denmark,25-157,1999,4,193.0,48.0,53.6,2.1,3,61.0,0,1,10.0,0,0.75,2.0,2.0,0.0,0.0,1.08,2.6,2.2,0.4,0.18,0.65,Matches
615,593,Florian Wirtz,"FW,MF",de Germany,21-071,2003,5,279.0,56.0,58.1,3.1,3,65.0,0,2,43.0,0,2.0,5.0,3.0,2.0,0.65,-1.59,5.7,2.4,3.3,1.19,0.39,Matches
616,594,Axel Witsel,"DF,MF",be Belgium,35-183,1989,0,,,,,0,,0,0,,2,,,,,,,,,,,,Matches
617,595,Maximilian Wöber,DF,at Austria,26-160,1998,3,175.0,58.0,48.6,1.9,2,74.0,1,1,27.0,1,1.0,4.0,3.0,1.0,0.51,0.51,3.5,2.8,0.7,0.37,0.39,Matches
618,596,Granit Xhaka,MF,ch Switzerland,31-290,1992,5,480.0,96.0,100.0,5.3,5,96.0,5,0,,0,1.8,8.0,4.0,4.0,0.75,,6.7,4.9,1.8,0.37,0.37,Matches
619,597,Lamine Yamal,FW,es Spain,17-000,2007,6,415.0,69.0,72.8,4.6,5,79.0,1,1,19.0,0,3.0,11.0,2.0,9.0,1.95,1.37,8.3,4.1,4.3,0.93,0.67,Matches
620,598,Roman Yaremchuk,FW,ua Ukraine,28-229,1995,3,121.0,40.0,44.8,1.3,1,69.0,0,2,26.0,0,1.33,1.0,0.0,1.0,0.74,2.56,1.2,0.8,0.4,0.27,0.36,Matches
621,599,Andriy Yarmolenko,"FW,MF",ua Ukraine,34-264,1989,3,104.0,35.0,38.5,1.2,1,66.0,0,2,19.0,0,1.33,1.0,1.0,0.0,0.0,1.08,1.9,0.8,1.1,0.97,1.47,Matches
622,600,Yusuf Yazıcı,"MF,FW",tr Türkiye,27-166,1997,2,57.0,29.0,12.7,0.6,0,,0,2,29.0,3,1.5,1.0,1.0,0.0,0.0,0.0,1.0,1.5,-0.5,-0.73,-0.46,Matches
624,601,Bertuğ Yıldırım,FW,tr Türkiye,22-001,2002,0,,,0.0,0.0,0,,0,0,,4,0.0,1.0,2.0,-1.0,,,,,,,,Matches
625,602,Kenan Yıldız,"FW,MF",tr Türkiye,19-070,2005,5,345.0,69.0,76.7,3.8,4,78.0,0,1,33.0,0,1.8,6.0,5.0,1.0,0.26,1.12,4.6,5.9,-1.4,-0.36,-0.15,Matches
626,603,Okay Yokuşlu,"MF,DF",tr Türkiye,30-126,1994,3,55.0,18.0,12.2,0.6,0,,0,3,18.0,2,2.0,1.0,1.0,0.0,0.0,0.0,1.4,2.1,-0.7,-1.15,-0.95,Matches
627,604,İsmail Yüksek,MF,tr Türkiye,25-169,1999,3,152.0,51.0,33.8,1.7,2,60.0,0,1,33.0,1,2.0,2.0,0.0,2.0,1.18,1.79,1.5,2.2,-0.7,-0.44,-0.18,Matches
628,605,Illia Zabarnyi,DF,ua Ukraine,21-316,2002,3,270.0,90.0,100.0,3.0,3,90.0,3,0,,0,1.33,2.0,4.0,-2.0,-0.67,,3.0,2.8,0.2,0.07,,Matches
629,606,Mattia Zaccagni,"MF,FW",it Italy,29-027,1995,3,82.0,27.0,22.8,0.9,0,,0,3,27.0,1,0.33,1.0,1.0,0.0,0.0,0.65,0.9,0.7,0.2,0.21,0.72,Matches
630,607,Warren Zaïre-Emery,MF,fr France,18-127,2006,0,,,,,0,,0,0,,6,,,,,,,,,,,,Matches
631,608,Denis Zakaria,MF,ch Switzerland,27-236,1996,1,23.0,23.0,4.8,0.3,0,,0,1,23.0,2,1.0,0.0,0.0,0.0,0.0,-0.79,0.3,0.1,0.2,,,Matches
632,609,Nicola Zalewski,DF,pl Poland,22-172,2002,3,247.0,82.0,91.5,2.7,3,82.0,2,0,,0,0.33,2.0,6.0,-4.0,-1.46,-5.37,3.2,5.6,-2.4,-0.88,-3.33,Matches
633,610,Adrian Zeljković,MF,si Slovenia,21-329,2002,0,,,,,0,,0,0,,4,,,,,,,,,,,,Matches
634,611,Cedric Zesiger,DF,ch Switzerland,26-019,1998,0,,,,,0,,0,0,,5,,,,,,,,,,,,Matches
635,612,Piotr Zieliński,MF,pl Poland,30-054,1994,3,253.0,84.0,93.7,2.8,3,84.0,1,0,,0,0.33,3.0,5.0,-2.0,-0.71,4.58,2.9,5.7,-2.8,-0.99,-6.3,Matches
636,613,David Zima,DF,cz Czechia,23-248,2000,0,,,,,0,,0,0,,3,,,,,,,,,,,,Matches
637,614,Oleksandr Zinchenko,DF,ua Ukraine,27-211,1996,3,213.0,71.0,78.9,2.4,2,90.0,2,1,33.0,0,1.33,2.0,4.0,-2.0,-0.85,-0.85,2.7,2.3,0.4,0.19,0.54,Matches
638,615,Joshua Zirkzee,"FW,DF",nl Netherlands,23-052,2001,2,5.0,3.0,0.9,0.1,0,,0,2,3.0,4,1.5,0.0,0.0,0.0,0.0,-0.5,0.1,0.3,-0.3,-5.17,-5.48,Matches
639,616,Andrija Živković,DF,rs Serbia,28-002,1996,3,244.0,81.0,90.4,2.7,3,81.0,1,0,,0,0.67,0.0,2.0,-2.0,-0.74,-4.2,1.7,2.4,-0.7,-0.25,-1.05,Matches
640,617,Budu Zivzivadze,"FW,MF",ge Georgia,30-125,1994,2,18.0,9.0,5.0,0.2,0,,0,2,9.0,2,0.0,0.0,2.0,-2.0,-10.0,-9.74,0.2,1.9,-1.6,-8.2,-6.81,Matches
641,618,Steven Zuber,MF,ch Switzerland,32-331,1991,2,77.0,39.0,16.0,0.9,0,,0,2,39.0,1,2.0,1.0,1.0,0.0,0.0,-0.89,1.3,0.9,0.4,0.7,0.4,Matches
642,619,Martín Zubimendi,MF,es Spain,25-162,1999,3,96.0,32.0,16.8,1.1,1,90.0,1,2,3.0,3,3.0,1.0,0.0,1.0,0.94,-0.77,1.5,0.5,1.0,0.96,0.26,Matches
643,620,Oleksandr Zubkov,FW,ua Ukraine,27-345,1996,1,24.0,24.0,8.9,0.3,0,,0,1,24.0,2,3.0,1.0,0.0,1.0,3.75,4.85,0.4,0.2,0.1,0.54,0.51,Matches
644,621,Nino Žugelj,FW,si Slovenia,24-051,2000,0,,,,,0,,0,0,,4,,,,,,,,,,,,Matches
