,Rk,Player,Pos,Squad,Age,Born,90s,Touches,Def Pen,Def 3rd,Mid 3rd,Att 3rd,Att Pen,Live,Att,Succ,Succ%,Tkld,Tkld%,Carries,TotDist,PrgDist,PrgC,1/3,CPA,Mis,Dis,Rec,PrgR,Matches
0,1,Che Adams,FW,sct Scotland,27-351,1996,2.3,51.0,0.0,4.0,27.0,21.0,6.0,51.0,1.0,0.0,0.0,1.0,100.0,34.0,211.0,84.0,3.0,3.0,0.0,7.0,4.0,36.0,10.0,Matches
1,2,Michel Aebischer,DF,ch Switzerland,27-174,1997,3.0,168.0,5.0,41.0,80.0,49.0,0.0,168.0,5.0,1.0,20.0,2.0,40.0,105.0,387.0,138.0,2.0,4.0,0.0,2.0,1.0,102.0,5.0,Matches
2,3,Arlind Ajeti,DF,al Albania,30-277,1993,3.0,135.0,30.0,84.0,50.0,2.0,1.0,135.0,1.0,1.0,100.0,0.0,0.0,76.0,271.0,121.0,1.0,1.0,0.0,0.0,0.0,89.0,0.0,Matches
3,4,Manuel Akanji,DF,ch Switzerland,28-345,1995,3.0,179.0,35.0,94.0,83.0,3.0,1.0,179.0,0.0,0.0,,0.0,,115.0,599.0,300.0,0.0,0.0,0.0,0.0,0.0,107.0,1.0,Matches
4,5,Samet Akaydın,DF,tr Türkiye,30-107,1994,2.8,203.0,20.0,81.0,120.0,3.0,1.0,203.0,0.0,0.0,,0.0,,115.0,706.0,381.0,1.0,1.0,0.0,1.0,1.0,137.0,0.0,Matches
5,6,Nathan Aké,DF,nl Netherlands,29-131,1995,2.7,153.0,10.0,57.0,76.0,22.0,4.0,153.0,0.0,0.0,,0.0,,84.0,411.0,279.0,6.0,5.0,0.0,0.0,2.0,95.0,5.0,Matches
6,7,Yunus Akgün,FW,tr Türkiye,23-357,2000,0.8,27.0,0.0,2.0,12.0,13.0,1.0,27.0,4.0,1.0,25.0,3.0,75.0,20.0,111.0,48.0,3.0,2.0,0.0,2.0,0.0,22.0,5.0,Matches
7,8,Kerem Aktürkoğlu,FW,tr Türkiye,25-251,1998,0.9,40.0,2.0,8.0,16.0,17.0,9.0,40.0,7.0,3.0,42.9,4.0,57.1,26.0,265.0,160.0,5.0,2.0,3.0,1.0,0.0,26.0,7.0,Matches
8,9,Trent Alexander-Arnold,MF,eng England,25-265,1998,1.4,115.0,5.0,23.0,66.0,28.0,3.0,115.0,4.0,0.0,0.0,2.0,50.0,70.0,342.0,210.0,5.0,3.0,2.0,2.0,1.0,89.0,5.0,Matches
9,10,Denis Alibec,FW,ro Romania,33-175,1991,0.1,3.0,0.0,0.0,1.0,2.0,1.0,3.0,0.0,0.0,,0.0,,2.0,2.0,0.0,0.0,0.0,0.0,1.0,1.0,4.0,0.0,Matches
10,11,Barış Alper Yılmaz,FW,tr Türkiye,24-036,2000,3.0,91.0,1.0,6.0,29.0,57.0,7.0,91.0,8.0,5.0,62.5,2.0,25.0,57.0,489.0,294.0,9.0,7.0,4.0,5.0,7.0,75.0,26.0,Matches
11,12,Sandro Altunashvili,MF,ge Georgia,27-040,1997,0.0,8.0,0.0,1.0,3.0,4.0,0.0,8.0,1.0,0.0,0.0,1.0,100.0,5.0,15.0,3.0,0.0,0.0,0.0,0.0,0.0,6.0,0.0,Matches
12,13,Zeki Amdouni,"MF,FW",ch Switzerland,23-207,2000,0.6,25.0,0.0,3.0,14.0,9.0,2.0,25.0,4.0,1.0,25.0,3.0,75.0,22.0,151.0,81.0,2.0,0.0,0.0,3.0,3.0,22.0,6.0,Matches
13,14,Joachim Andersen,DF,dk Denmark,28-028,1996,3.0,274.0,9.0,89.0,161.0,24.0,5.0,274.0,0.0,0.0,,0.0,,185.0,746.0,454.0,6.0,2.0,0.0,1.0,1.0,208.0,1.0,Matches
14,15,Robert Andrich,MF,de Germany,29-280,1994,2.0,164.0,9.0,27.0,110.0,27.0,1.0,164.0,0.0,0.0,,0.0,,104.0,433.0,147.0,0.0,2.0,0.0,1.0,2.0,122.0,3.0,Matches
15,16,Stuart Armstrong,MF,sct Scotland,32-090,1992,0.2,15.0,0.0,4.0,3.0,8.0,2.0,15.0,1.0,1.0,100.0,0.0,0.0,8.0,63.0,25.0,1.0,0.0,0.0,2.0,1.0,9.0,1.0,Matches
16,17,Marko Arnautović,FW,at Austria,35-070,1989,2.1,48.0,2.0,2.0,17.0,30.0,4.0,47.0,1.0,1.0,100.0,0.0,0.0,31.0,139.0,48.0,1.0,3.0,0.0,4.0,3.0,35.0,9.0,Matches
17,18,Jasir Asani,FW,al Albania,29-040,1995,2.3,63.0,3.0,17.0,28.0,20.0,2.0,63.0,8.0,2.0,25.0,5.0,62.5,44.0,328.0,183.0,4.0,1.0,0.0,4.0,1.0,41.0,9.0,Matches
18,19,Kristjan Asllani,MF,al Albania,22-111,2002,3.0,211.0,9.0,56.0,112.0,44.0,1.0,211.0,3.0,2.0,66.7,1.0,33.3,129.0,515.0,280.0,3.0,1.0,0.0,3.0,0.0,156.0,3.0,Matches
19,20,Kaan Ayhan,MF,tr Türkiye,29-231,1994,2.0,124.0,3.0,16.0,81.0,27.0,3.0,124.0,0.0,0.0,,0.0,,63.0,313.0,188.0,1.0,2.0,0.0,3.0,0.0,95.0,2.0,Matches
20,21,Alex Baena,"MF,FW",es Spain,22-344,2001,0.3,16.0,0.0,6.0,7.0,3.0,0.0,16.0,1.0,0.0,0.0,1.0,100.0,9.0,48.0,30.0,1.0,1.0,0.0,1.0,1.0,13.0,4.0,Matches
21,22,Alexander Bah,"DF,MF",dk Denmark,26-202,1997,2.2,152.0,3.0,27.0,74.0,51.0,4.0,152.0,1.0,1.0,100.0,0.0,0.0,93.0,305.0,127.0,4.0,2.0,1.0,2.0,1.0,99.0,8.0,Matches
22,23,Nedim Bajrami,"FW,MF",al Albania,25-121,1999,2.7,100.0,0.0,18.0,60.0,25.0,4.0,100.0,7.0,2.0,28.6,5.0,71.4,72.0,521.0,180.0,7.0,6.0,2.0,3.0,3.0,76.0,14.0,Matches
23,24,Johan Bakayoko,"FW,DF",be Belgium,21-069,2003,0.5,27.0,1.0,10.0,3.0,14.0,2.0,27.0,0.0,0.0,,0.0,,16.0,71.0,36.0,0.0,0.0,0.0,0.0,0.0,17.0,1.0,Matches
24,25,Jure Balkovec,DF,si Slovenia,29-293,1994,0.0,0.0,0.0,0.0,0.0,0.0,0.0,0.0,0.0,0.0,,0.0,,0.0,0.0,0.0,0.0,0.0,0.0,0.0,0.0,0.0,0.0,Matches
26,26,Iván Balliu,DF,al Albania,32-179,1992,1.0,49.0,4.0,19.0,25.0,5.0,0.0,49.0,0.0,0.0,,0.0,,25.0,102.0,58.0,1.0,0.0,0.0,0.0,0.0,30.0,1.0,Matches
27,27,Nicușor Bancu,DF,ro Romania,31-284,1992,3.0,165.0,13.0,62.0,59.0,44.0,0.0,165.0,3.0,2.0,66.7,0.0,0.0,59.0,366.0,255.0,7.0,4.0,0.0,2.0,1.0,82.0,4.0,Matches
28,28,Antonín Barák,MF,cz Czechia,29-208,1994,0.5,28.0,0.0,4.0,6.0,18.0,1.0,28.0,2.0,1.0,50.0,1.0,50.0,20.0,123.0,17.0,1.0,0.0,1.0,3.0,0.0,21.0,4.0,Matches
29,29,Bradley Barcola,FW,fr France,21-300,2002,0.7,38.0,0.0,2.0,9.0,28.0,7.0,38.0,7.0,2.0,28.6,3.0,42.9,30.0,230.0,165.0,3.0,1.0,4.0,1.0,0.0,30.0,15.0,Matches
30,30,Abdülkerim Bardakcı,DF,tr Türkiye,29-295,1994,2.0,130.0,18.0,48.0,73.0,9.0,2.0,130.0,0.0,0.0,,0.0,,75.0,389.0,226.0,3.0,3.0,0.0,2.0,0.0,95.0,0.0,Matches
31,31,Nicolò Barella,MF,it Italy,27-142,1997,3.0,255.0,5.0,41.0,168.0,49.0,0.0,255.0,3.0,2.0,66.7,0.0,0.0,217.0,984.0,457.0,8.0,6.0,0.0,3.0,5.0,216.0,5.0,Matches
32,32,Alessandro Bastoni,DF,it Italy,25-076,1999,3.0,286.0,40.0,114.0,159.0,13.0,3.0,286.0,0.0,0.0,,0.0,,221.0,1025.0,599.0,3.0,1.0,0.0,1.0,0.0,211.0,2.0,Matches
33,33,Martin Baturina,FW,hr Croatia,21-133,2003,0.1,5.0,1.0,1.0,2.0,3.0,1.0,5.0,3.0,3.0,100.0,0.0,0.0,3.0,24.0,15.0,1.0,0.0,1.0,0.0,0.0,2.0,0.0,Matches
34,34,Christoph Baumgartner,"MF,FW",at Austria,24-332,1999,2.2,101.0,1.0,14.0,42.0,45.0,11.0,101.0,8.0,4.0,50.0,3.0,37.5,72.0,528.0,320.0,14.0,9.0,7.0,5.0,5.0,76.0,10.0,Matches
35,35,Altay Bayındır,GK,tr Türkiye,26-075,1998,1.0,36.0,31.0,36.0,0.0,0.0,0.0,36.0,0.0,0.0,,0.0,,29.0,190.0,105.0,0.0,0.0,0.0,0.0,0.0,23.0,0.0,Matches
36,36,Jan Bednarek,DF,pl Poland,28-077,1996,3.0,135.0,26.0,88.0,45.0,2.0,1.0,135.0,1.0,1.0,100.0,0.0,0.0,52.0,256.0,139.0,0.0,0.0,0.0,0.0,0.0,70.0,0.0,Matches
37,37,Maximilian Beier,FW,de Germany,21-255,2002,0.3,9.0,0.0,1.0,2.0,6.0,2.0,9.0,1.0,1.0,100.0,0.0,0.0,4.0,11.0,1.0,0.0,0.0,0.0,2.0,1.0,7.0,3.0,Matches
38,38,Jude Bellingham,MF,eng England,20-365,2003,2.9,209.0,4.0,24.0,110.0,77.0,12.0,209.0,19.0,7.0,36.8,11.0,57.9,143.0,721.0,298.0,7.0,8.0,0.0,5.0,4.0,178.0,16.0,Matches
39,39,László Bénes,MF,sk Slovakia,26-293,1997,0.3,22.0,1.0,3.0,7.0,12.0,1.0,22.0,0.0,0.0,,0.0,,14.0,33.0,16.0,0.0,0.0,0.0,1.0,0.0,15.0,3.0,Matches
40,40,Bartosz Bereszyński,DF,pl Poland,31-352,1992,0.1,2.0,0.0,0.0,1.0,1.0,0.0,2.0,0.0,0.0,,0.0,,2.0,29.0,24.0,0.0,0.0,0.0,0.0,0.0,2.0,0.0,Matches
41,41,Medon Berisha,MF,al Albania,20-251,2003,0.2,13.0,0.0,2.0,7.0,4.0,0.0,13.0,1.0,1.0,100.0,0.0,0.0,8.0,14.0,5.0,0.0,0.0,0.0,0.0,0.0,10.0,1.0,Matches
42,42,Victor Bernth Kristiansen,"DF,MF",dk Denmark,21-195,2002,1.6,93.0,3.0,18.0,33.0,42.0,4.0,93.0,1.0,1.0,100.0,0.0,0.0,62.0,301.0,149.0,4.0,3.0,0.0,2.0,1.0,66.0,17.0,Matches
43,43,Matúš Bero,MF,sk Slovakia,28-296,1995,0.0,2.0,0.0,0.0,1.0,1.0,0.0,2.0,0.0,0.0,,0.0,,0.0,0.0,0.0,0.0,0.0,0.0,0.0,0.0,2.0,0.0,Matches
44,44,Jaka Bijol,DF,si Slovenia,25-144,1999,3.0,149.0,41.0,85.0,62.0,3.0,3.0,149.0,0.0,0.0,,0.0,,70.0,316.0,144.0,0.0,1.0,0.0,1.0,0.0,78.0,0.0,Matches
45,45,Veljko Birmančević,DF,rs Serbia,26-115,1998,0.3,21.0,0.0,1.0,5.0,15.0,1.0,21.0,2.0,1.0,50.0,1.0,50.0,13.0,97.0,58.0,3.0,2.0,1.0,1.0,0.0,12.0,7.0,Matches
46,46,Bendegúz Bolla,DF,hu Hungary,24-219,1999,2.3,91.0,7.0,27.0,29.0,36.0,2.0,91.0,4.0,0.0,0.0,4.0,100.0,54.0,334.0,153.0,2.0,1.0,0.0,2.0,0.0,52.0,13.0,Matches
47,47,Endre Botka,DF,hu Hungary,29-308,1994,0.9,56.0,3.0,21.0,29.0,7.0,0.0,56.0,1.0,0.0,0.0,1.0,100.0,24.0,107.0,46.0,0.0,1.0,0.0,0.0,0.0,22.0,0.0,Matches
48,48,Jarrod Bowen,FW,eng England,27-191,1996,0.4,23.0,1.0,5.0,8.0,10.0,0.0,23.0,2.0,0.0,0.0,2.0,100.0,11.0,62.0,15.0,1.0,1.0,0.0,2.0,0.0,13.0,3.0,Matches
49,49,Róbert Boženík,FW,sk Slovakia,24-223,1999,1.7,42.0,3.0,3.0,25.0,15.0,3.0,42.0,1.0,0.0,0.0,1.0,100.0,24.0,78.0,29.0,1.0,0.0,0.0,5.0,5.0,27.0,5.0,Matches
50,50,Volodymyr Brazhko,MF,ua Ukraine,22-157,2002,2.0,103.0,9.0,45.0,49.0,11.0,0.0,103.0,1.0,1.0,100.0,0.0,0.0,61.0,182.0,75.0,0.0,2.0,0.0,0.0,1.0,71.0,1.0,Matches
52,51,David Brekalo,MF,si Slovenia,25-208,1998,0.0,3.0,1.0,3.0,0.0,0.0,0.0,3.0,0.0,0.0,,0.0,,0.0,0.0,0.0,0.0,0.0,0.0,0.0,0.0,0.0,0.0,Matches
53,52,Armando Broja,FW,al Albania,22-292,2001,1.2,29.0,1.0,3.0,13.0,14.0,2.0,29.0,7.0,3.0,42.9,4.0,57.1,19.0,142.0,59.0,2.0,3.0,0.0,1.0,3.0,25.0,4.0,Matches
54,53,Marcelo Brozović,MF,hr Croatia,31-225,1992,2.5,207.0,8.0,46.0,131.0,30.0,1.0,207.0,1.0,1.0,100.0,0.0,0.0,126.0,594.0,258.0,2.0,4.0,0.0,1.0,0.0,169.0,6.0,Matches
55,54,Ante Budimir,FW,hr Croatia,32-342,1991,1.4,36.0,3.0,3.0,12.0,21.0,12.0,36.0,2.0,1.0,50.0,1.0,50.0,12.0,35.0,8.0,1.0,0.0,0.0,4.0,1.0,22.0,5.0,Matches
56,55,Adam Buksa,FW,pl Poland,27-352,1996,1.7,30.0,3.0,6.0,11.0,13.0,4.0,30.0,2.0,0.0,0.0,2.0,100.0,13.0,62.0,22.0,1.0,0.0,1.0,3.0,1.0,19.0,6.0,Matches
57,56,Andrei Burcă,DF,ro Romania,31-074,1993,3.0,137.0,26.0,82.0,53.0,2.0,1.0,137.0,0.0,0.0,,0.0,,80.0,330.0,151.0,1.0,0.0,0.0,2.0,2.0,87.0,0.0,Matches
58,57,Riccardo Calafiori,DF,it Italy,22-040,2002,3.0,257.0,21.0,83.0,143.0,31.0,3.0,257.0,2.0,2.0,100.0,0.0,0.0,213.0,1077.0,589.0,7.0,8.0,0.0,0.0,3.0,204.0,1.0,Matches
59,58,Hakan Çalhanoğlu,MF,tr Türkiye,30-141,1994,2.9,227.0,10.0,38.0,121.0,70.0,5.0,227.0,2.0,1.0,50.0,1.0,50.0,127.0,649.0,242.0,4.0,2.0,1.0,3.0,3.0,174.0,10.0,Matches
60,59,Eduardo Camavinga,MF,fr France,21-231,2002,0.6,34.0,3.0,6.0,20.0,8.0,2.0,34.0,0.0,0.0,,0.0,,18.0,76.0,34.0,1.0,1.0,0.0,0.0,0.0,20.0,2.0,Matches
61,60,Andrea Cambiaso,"FW,MF",it Italy,24-129,2000,0.7,41.0,2.0,13.0,18.0,10.0,2.0,41.0,1.0,1.0,100.0,0.0,0.0,32.0,150.0,60.0,1.0,0.0,0.0,1.0,0.0,31.0,5.0,Matches
62,61,Emre Can,MF,de Germany,30-168,1994,0.3,33.0,2.0,5.0,19.0,9.0,0.0,33.0,0.0,0.0,,0.0,,20.0,117.0,64.0,1.0,0.0,0.0,0.0,0.0,25.0,0.0,Matches
63,62,João Cancelo,"MF,DF",pt Portugal,30-032,1994,1.7,145.0,2.0,26.0,67.0,54.0,4.0,145.0,6.0,3.0,50.0,3.0,50.0,90.0,453.0,268.0,7.0,6.0,1.0,2.0,1.0,98.0,11.0,Matches
64,63,Yannick Carrasco,"DF,FW",be Belgium,30-298,1993,1.5,93.0,1.0,15.0,53.0,27.0,4.0,93.0,3.0,1.0,33.3,1.0,33.3,67.0,261.0,140.0,3.0,2.0,2.0,0.0,2.0,72.0,7.0,Matches
65,64,Dani Carvajal,DF,es Spain,32-169,1992,2.0,135.0,8.0,36.0,77.0,24.0,4.0,135.0,1.0,0.0,0.0,0.0,0.0,70.0,293.0,98.0,2.0,0.0,0.0,0.0,1.0,91.0,5.0,Matches
66,65,Timothy Castagne,DF,be Belgium,28-206,1995,3.0,208.0,15.0,71.0,78.0,61.0,4.0,208.0,1.0,1.0,100.0,0.0,0.0,112.0,405.0,223.0,4.0,4.0,0.0,3.0,0.0,123.0,12.0,Matches
67,66,Koen Casteels,GK,be Belgium,32-003,1992,3.0,110.0,90.0,109.0,1.0,0.0,0.0,110.0,0.0,0.0,,0.0,,70.0,283.0,130.0,0.0,0.0,0.0,0.0,0.0,65.0,0.0,Matches
68,67,Žan Celar,"MF,FW",si Slovenia,25-106,1999,0.2,9.0,0.0,0.0,6.0,3.0,0.0,9.0,0.0,0.0,,0.0,,6.0,31.0,10.0,1.0,1.0,0.0,0.0,0.0,7.0,1.0,Matches
69,68,Zeki Çelik,"DF,MF",tr Türkiye,27-132,1997,1.1,54.0,0.0,13.0,21.0,20.0,1.0,54.0,0.0,0.0,,0.0,,27.0,104.0,37.0,0.0,0.0,0.0,0.0,2.0,32.0,8.0,Matches
70,69,Václav Černý,MF,cz Czechia,26-255,1997,0.6,38.0,0.0,4.0,14.0,20.0,2.0,38.0,1.0,1.0,100.0,0.0,0.0,22.0,117.0,47.0,1.0,0.0,0.0,0.0,2.0,23.0,2.0,Matches
71,70,Giorgi Chakvetadze,"MF,FW",ge Georgia,24-304,1999,2.0,102.0,2.0,26.0,51.0,27.0,4.0,102.0,2.0,1.0,50.0,1.0,50.0,61.0,403.0,290.0,5.0,2.0,1.0,4.0,5.0,70.0,6.0,Matches
72,71,Federico Chiesa,FW,it Italy,26-247,1997,1.9,93.0,1.0,7.0,30.0,56.0,10.0,93.0,8.0,4.0,50.0,4.0,50.0,77.0,511.0,214.0,8.0,2.0,4.0,6.0,3.0,71.0,24.0,Matches
73,72,Tomáš Chorý,MF,cz Czechia,29-154,1995,0.4,11.0,0.0,0.0,3.0,8.0,5.0,11.0,1.0,1.0,100.0,0.0,0.0,8.0,33.0,3.0,0.0,0.0,0.0,2.0,1.0,10.0,1.0,Matches
74,73,Andreas Christensen,DF,dk Denmark,28-079,1996,3.0,213.0,10.0,69.0,135.0,9.0,4.0,213.0,0.0,0.0,,0.0,,163.0,604.0,253.0,0.0,1.0,0.0,0.0,0.0,172.0,0.0,Matches
75,74,Ryan Christie,"MF,FW",sct Scotland,29-127,1995,1.1,32.0,0.0,6.0,13.0,14.0,1.0,32.0,2.0,1.0,50.0,1.0,50.0,17.0,73.0,13.0,0.0,2.0,0.0,4.0,3.0,19.0,4.0,Matches
76,75,Mojmir Chytil,FW,cz Czechia,25-060,1999,1.2,29.0,2.0,5.0,11.0,14.0,4.0,29.0,3.0,1.0,33.3,1.0,33.3,19.0,77.0,40.0,0.0,0.0,0.0,5.0,0.0,23.0,2.0,Matches
78,76,Florinel Coman,MF,ro Romania,26-079,1998,1.3,43.0,2.0,12.0,12.0,19.0,3.0,43.0,3.0,2.0,66.7,1.0,33.3,20.0,98.0,71.0,3.0,0.0,1.0,3.0,0.0,26.0,4.0,Matches
79,77,Kingsley Coman,MF,fr France,28-015,1996,0.2,10.0,0.0,1.0,0.0,9.0,0.0,10.0,0.0,0.0,,0.0,,11.0,73.0,29.0,0.0,0.0,0.0,0.0,1.0,11.0,3.0,Matches
80,78,Francisco Conceição,"MF,DF",pt Portugal,21-197,2002,1.0,86.0,0.0,4.0,19.0,64.0,9.0,86.0,7.0,2.0,28.6,4.0,57.1,66.0,447.0,189.0,7.0,0.0,3.0,3.0,1.0,73.0,19.0,Matches
81,79,Diogo Costa,GK,pt Portugal,24-283,1999,3.0,92.0,72.0,92.0,0.0,0.0,0.0,92.0,0.0,0.0,,0.0,,65.0,247.0,138.0,0.0,0.0,0.0,0.0,0.0,53.0,0.0,Matches
82,80,Vladimír Coufal,"DF,FW",cz Czechia,31-311,1992,3.0,187.0,17.0,52.0,64.0,74.0,3.0,187.0,8.0,0.0,0.0,7.0,87.5,82.0,464.0,234.0,10.0,5.0,0.0,2.0,5.0,88.0,12.0,Matches
83,81,Bryan Cristante,MF,it Italy,29-117,1995,0.7,56.0,1.0,12.0,36.0,8.0,2.0,56.0,1.0,1.0,100.0,0.0,0.0,48.0,201.0,97.0,2.0,0.0,1.0,1.0,0.0,45.0,1.0,Matches
84,82,Kevin Csoboth,DF,hu Hungary,24-008,2000,0.1,14.0,0.0,3.0,8.0,3.0,2.0,14.0,1.0,0.0,0.0,0.0,0.0,10.0,68.0,42.0,1.0,0.0,0.0,0.0,0.0,9.0,1.0,Matches
85,83,Marc Cucurella,DF,es Spain,25-342,1998,2.0,128.0,4.0,26.0,70.0,33.0,3.0,128.0,0.0,0.0,,0.0,,72.0,350.0,162.0,3.0,2.0,1.0,2.0,0.0,77.0,12.0,Matches
86,84,Mirlind Daku,FW,al Albania,26-179,1998,0.1,8.0,0.0,0.0,3.0,5.0,3.0,8.0,0.0,0.0,,0.0,,6.0,32.0,22.0,1.0,1.0,0.0,1.0,0.0,7.0,2.0,Matches
87,85,Diogo Dalot,"DF,MF",pt Portugal,25-102,1999,1.7,110.0,4.0,12.0,51.0,49.0,2.0,110.0,4.0,3.0,75.0,1.0,25.0,68.0,302.0,176.0,2.0,3.0,0.0,2.0,1.0,82.0,13.0,Matches
88,86,Mikkel Damsgaard,FW,dk Denmark,23-361,2000,0.4,20.0,0.0,4.0,10.0,7.0,1.0,20.0,1.0,0.0,0.0,1.0,100.0,13.0,37.0,13.0,0.0,0.0,0.0,0.0,0.0,15.0,2.0,Matches
89,87,Kevin Danso,DF,at Austria,25-283,1998,1.4,89.0,15.0,43.0,43.0,3.0,2.0,89.0,0.0,0.0,,0.0,,60.0,346.0,250.0,1.0,0.0,0.0,1.0,0.0,60.0,0.0,Matches
90,88,Márton Dárdai,DF,hu Hungary,22-137,2002,1.9,107.0,11.0,70.0,31.0,6.0,1.0,107.0,1.0,0.0,0.0,1.0,100.0,72.0,314.0,128.0,0.0,0.0,0.0,0.0,0.0,73.0,0.0,Matches
91,89,Matteo Darmian,DF,it Italy,34-209,1989,1.0,65.0,2.0,14.0,38.0,13.0,3.0,65.0,1.0,0.0,0.0,1.0,100.0,48.0,132.0,39.0,0.0,0.0,0.0,0.0,0.0,51.0,3.0,Matches
92,90,Zuriko Davitashvili,FW,ge Georgia,23-134,2001,1.0,41.0,0.0,5.0,15.0,21.0,6.0,41.0,4.0,0.0,0.0,4.0,100.0,25.0,186.0,65.0,2.0,1.0,1.0,3.0,3.0,29.0,10.0,Matches
93,91,Paweł Dawidowicz,DF,pl Poland,29-039,1995,2.0,96.0,23.0,70.0,23.0,3.0,1.0,96.0,0.0,0.0,,0.0,,48.0,267.0,151.0,0.0,0.0,0.0,0.0,0.0,65.0,0.0,Matches
94,92,Kevin De Bruyne,MF,be Belgium,33-000,1991,3.0,211.0,1.0,13.0,82.0,118.0,11.0,211.0,11.0,5.0,45.5,4.0,36.4,123.0,502.0,315.0,7.0,9.0,2.0,5.0,5.0,146.0,20.0,Matches
95,93,Zeno Debast,DF,be Belgium,20-248,2003,1.2,124.0,13.0,61.0,59.0,4.0,1.0,124.0,0.0,0.0,,0.0,,85.0,302.0,181.0,0.0,0.0,0.0,1.0,0.0,87.0,0.0,Matches
96,94,Thomas Delaney,MF,dk Denmark,32-299,1991,0.2,11.0,0.0,7.0,2.0,2.0,0.0,11.0,0.0,0.0,,0.0,,6.0,7.0,1.0,0.0,0.0,0.0,1.0,0.0,5.0,1.0,Matches
97,95,Ousmane Dembélé,"FW,MF",fr France,27-044,1997,2.5,147.0,1.0,8.0,51.0,90.0,16.0,147.0,20.0,8.0,40.0,8.0,40.0,105.0,854.0,512.0,21.0,11.0,10.0,6.0,0.0,102.0,24.0,Matches
98,96,Merih Demiral,DF,tr Türkiye,26-115,1998,1.3,79.0,14.0,41.0,32.0,6.0,0.0,79.0,0.0,0.0,,0.0,,36.0,213.0,131.0,0.0,0.0,0.0,0.0,1.0,49.0,0.0,Matches
99,97,Giovanni Di Lorenzo,"DF,FW",it Italy,30-329,1993,3.0,292.0,8.0,69.0,171.0,53.0,5.0,292.0,1.0,1.0,100.0,0.0,0.0,216.0,758.0,368.0,4.0,5.0,0.0,3.0,1.0,219.0,7.0,Matches
100,98,Rúben Dias,DF,pt Portugal,27-045,1997,2.0,206.0,17.0,77.0,112.0,18.0,2.0,206.0,0.0,0.0,,0.0,,142.0,678.0,327.0,2.0,3.0,0.0,0.0,0.0,164.0,2.0,Matches
101,99,Federico Dimarco,"DF,FW",it Italy,26-231,1997,2.5,145.0,5.0,34.0,56.0,56.0,5.0,145.0,3.0,1.0,33.3,2.0,66.7,94.0,413.0,215.0,6.0,3.0,2.0,1.0,4.0,96.0,13.0,Matches
102,100,Berat Djimsiti,DF,al Albania,31-130,1993,3.0,171.0,34.0,107.0,58.0,6.0,3.0,171.0,1.0,1.0,100.0,0.0,0.0,87.0,286.0,157.0,1.0,0.0,0.0,0.0,0.0,118.0,0.0,Matches
104,101,Jeremy Doku,FW,be Belgium,22-032,2002,2.6,129.0,0.0,6.0,47.0,77.0,25.0,129.0,29.0,13.0,44.8,12.0,41.4,98.0,924.0,543.0,25.0,8.0,19.0,7.0,7.0,108.0,24.0,Matches
105,102,Kasper Dolberg,FW,dk Denmark,26-266,1997,0.4,12.0,0.0,1.0,5.0,7.0,0.0,12.0,0.0,0.0,,0.0,,4.0,10.0,0.0,0.0,0.0,0.0,0.0,0.0,9.0,3.0,Matches
106,103,Gianluigi Donnarumma,GK,it Italy,25-124,1999,3.0,87.0,74.0,87.0,0.0,0.0,0.0,87.0,0.0,0.0,,0.0,,58.0,277.0,124.0,0.0,0.0,0.0,0.0,0.0,45.0,0.0,Matches
107,104,David Doudera,FW,cz Czechia,26-028,1998,1.0,38.0,3.0,23.0,13.0,3.0,0.0,38.0,3.0,2.0,66.7,1.0,33.3,24.0,185.0,101.0,3.0,1.0,0.0,3.0,0.0,23.0,1.0,Matches
108,105,Artem Dovbyk,FW,ua Ukraine,27-007,1997,2.7,52.0,2.0,3.0,16.0,34.0,16.0,52.0,2.0,2.0,100.0,0.0,0.0,33.0,132.0,58.0,2.0,1.0,2.0,6.0,3.0,36.0,12.0,Matches
109,106,Denis Drăguș,FW,ro Romania,24-358,1999,2.4,67.0,4.0,14.0,28.0,28.0,6.0,67.0,10.0,6.0,60.0,2.0,20.0,33.0,200.0,109.0,2.0,3.0,1.0,5.0,4.0,46.0,9.0,Matches
110,107,Radu Drăgușin,DF,ro Romania,22-146,2002,3.0,112.0,25.0,75.0,34.0,4.0,2.0,112.0,0.0,0.0,,0.0,,60.0,348.0,155.0,0.0,1.0,0.0,0.0,0.0,63.0,1.0,Matches
111,108,Vanja Drkušič,DF,si Slovenia,24-242,1999,3.0,108.0,19.0,59.0,49.0,1.0,0.0,108.0,1.0,1.0,100.0,0.0,0.0,57.0,337.0,152.0,0.0,0.0,0.0,0.0,0.0,63.0,0.0,Matches
112,109,Kwadwo Duah,FW,ch Switzerland,27-125,1997,1.0,28.0,0.0,0.0,15.0,13.0,5.0,28.0,0.0,0.0,,0.0,,15.0,77.0,39.0,1.0,1.0,0.0,3.0,0.0,22.0,5.0,Matches
113,110,Martin Dúbravka,GK,sk Slovakia,35-165,1989,3.0,133.0,107.0,132.0,1.0,0.0,0.0,133.0,0.0,0.0,,0.0,,82.0,396.0,209.0,0.0,0.0,0.0,0.0,0.0,75.0,0.0,Matches
114,111,Ondrej Duda,MF,sk Slovakia,29-206,1994,2.6,164.0,5.0,35.0,99.0,30.0,1.0,164.0,3.0,3.0,100.0,0.0,0.0,92.0,421.0,130.0,2.0,3.0,0.0,1.0,6.0,121.0,8.0,Matches
115,112,Denzel Dumfries,"DF,FW",nl Netherlands,28-071,1996,2.0,135.0,1.0,31.0,65.0,39.0,5.0,135.0,3.0,1.0,33.3,1.0,33.3,81.0,202.0,93.0,2.0,0.0,0.0,1.0,2.0,89.0,9.0,Matches
116,113,Dávid Ďuriš,"FW,MF",sk Slovakia,25-098,1999,0.3,4.0,0.0,0.0,1.0,3.0,0.0,4.0,0.0,0.0,,0.0,,3.0,25.0,0.0,0.0,1.0,0.0,1.0,1.0,3.0,0.0,Matches
117,114,Lasha Dvali,DF,ge Georgia,29-045,1995,3.0,130.0,25.0,81.0,46.0,3.0,0.0,130.0,1.0,0.0,0.0,1.0,100.0,65.0,307.0,160.0,2.0,0.0,0.0,1.0,1.0,78.0,0.0,Matches
118,115,Timi Elšnik,MF,si Slovenia,26-060,1998,2.8,123.0,4.0,30.0,72.0,22.0,4.0,123.0,8.0,2.0,25.0,5.0,62.5,60.0,490.0,222.0,10.0,3.0,2.0,1.0,0.0,65.0,3.0,Matches
119,116,Breel Embolo,"FW,MF",ch Switzerland,27-135,1997,1.2,39.0,2.0,3.0,22.0,15.0,6.0,39.0,6.0,3.0,50.0,2.0,33.3,30.0,159.0,74.0,3.0,1.0,3.0,3.0,3.0,31.0,2.0,Matches
120,117,Christian Eriksen,"MF,FW",dk Denmark,32-135,1992,2.9,193.0,1.0,14.0,82.0,100.0,14.0,193.0,3.0,1.0,33.3,1.0,33.3,112.0,391.0,190.0,3.0,3.0,2.0,4.0,1.0,128.0,13.0,Matches
121,118,Eberechi Eze,FW,eng England,25-365,1998,0.2,7.0,0.0,0.0,5.0,2.0,0.0,7.0,0.0,0.0,,0.0,,8.0,31.0,9.0,0.0,0.0,0.0,0.0,0.0,8.0,2.0,Matches
122,119,Wout Faes,DF,be Belgium,26-086,1998,3.0,237.0,30.0,122.0,115.0,2.0,0.0,237.0,1.0,1.0,100.0,0.0,0.0,149.0,569.0,316.0,2.0,1.0,0.0,1.0,0.0,173.0,0.0,Matches
123,120,Nicolò Fagioli,MF,it Italy,23-137,2001,0.1,12.0,0.0,2.0,8.0,2.0,0.0,12.0,0.0,0.0,,0.0,,10.0,55.0,14.0,0.0,1.0,0.0,0.0,1.0,11.0,0.0,Matches
124,121,João Félix,MF,pt Portugal,24-231,1999,1.0,80.0,0.0,1.0,14.0,65.0,3.0,80.0,6.0,2.0,33.3,4.0,66.7,57.0,340.0,145.0,2.0,7.0,0.0,0.0,0.0,70.0,15.0,Matches
125,122,Bruno Fernandes,MF,pt Portugal,29-294,1994,2.0,157.0,2.0,20.0,82.0,56.0,6.0,157.0,3.0,1.0,33.3,1.0,33.3,94.0,570.0,384.0,12.0,7.0,3.0,2.0,3.0,115.0,13.0,Matches
126,123,Attila Fiola,DF,hu Hungary,34-132,1990,2.0,88.0,11.0,47.0,31.0,10.0,0.0,88.0,1.0,0.0,0.0,1.0,100.0,61.0,321.0,135.0,2.0,0.0,0.0,1.0,2.0,59.0,3.0,Matches
127,124,Phil Foden,FW,eng England,24-031,2000,2.7,195.0,2.0,21.0,111.0,64.0,3.0,195.0,8.0,6.0,75.0,1.0,12.5,133.0,657.0,240.0,3.0,6.0,1.0,5.0,2.0,168.0,17.0,Matches
128,125,Youssouf Fofana,MF,fr France,25-170,1999,0.1,18.0,1.0,3.0,8.0,7.0,1.0,18.0,0.0,0.0,,0.0,,11.0,54.0,13.0,0.0,0.0,0.0,0.0,0.0,12.0,1.0,Matches
130,126,Michael Folorunsho,FW,it Italy,26-142,1998,0.0,2.0,0.0,0.0,1.0,1.0,0.0,2.0,0.0,0.0,,0.0,,1.0,2.0,0.0,0.0,0.0,0.0,0.0,0.0,1.0,0.0,Matches
131,127,Przemysław Frankowski,DF,pl Poland,29-077,1995,3.0,152.0,18.0,50.0,67.0,39.0,1.0,152.0,7.0,2.0,28.6,2.0,28.6,78.0,530.0,336.0,6.0,6.0,1.0,1.0,3.0,99.0,9.0,Matches
132,128,Davide Frattesi,MF,it Italy,24-250,1999,2.0,72.0,1.0,13.0,28.0,31.0,11.0,72.0,3.0,1.0,33.3,2.0,66.7,58.0,210.0,87.0,2.0,2.0,0.0,3.0,2.0,61.0,13.0,Matches
133,129,Remo Freuler,MF,ch Switzerland,32-074,1992,2.8,142.0,6.0,28.0,86.0,28.0,2.0,142.0,1.0,0.0,0.0,0.0,0.0,80.0,295.0,136.0,4.0,3.0,0.0,4.0,3.0,92.0,8.0,Matches
134,130,Jeremie Frimpong,FW,nl Netherlands,23-201,2000,0.9,30.0,0.0,3.0,14.0,14.0,2.0,30.0,0.0,0.0,,0.0,,25.0,177.0,94.0,3.0,2.0,2.0,1.0,3.0,26.0,9.0,Matches
135,131,Chris Führich,FW,de Germany,26-171,1998,0.2,17.0,0.0,0.0,8.0,10.0,1.0,17.0,1.0,1.0,100.0,0.0,0.0,13.0,94.0,38.0,3.0,2.0,1.0,0.0,0.0,13.0,3.0,Matches
136,132,Niclas Füllkrug,FW,de Germany,31-140,1993,0.8,19.0,2.0,3.0,5.0,11.0,4.0,19.0,1.0,0.0,0.0,1.0,100.0,8.0,19.0,6.0,0.0,0.0,0.0,2.0,0.0,12.0,3.0,Matches
137,133,Mijat Gaćinović,DF,rs Serbia,29-141,1995,0.5,30.0,1.0,7.0,9.0,14.0,2.0,30.0,1.0,0.0,0.0,1.0,100.0,17.0,75.0,19.0,0.0,3.0,0.0,1.0,1.0,18.0,4.0,Matches
138,134,Cody Gakpo,FW,nl Netherlands,25-052,1999,2.9,104.0,2.0,12.0,33.0,61.0,16.0,104.0,9.0,5.0,55.6,1.0,11.1,65.0,473.0,302.0,11.0,3.0,5.0,6.0,3.0,73.0,32.0,Matches
139,135,Conor Gallagher,MF,eng England,24-143,2000,1.2,59.0,4.0,9.0,42.0,8.0,0.0,59.0,3.0,1.0,33.3,1.0,33.3,34.0,152.0,59.0,0.0,0.0,0.0,0.0,2.0,46.0,1.0,Matches
140,136,Dániel Gazdag,MF,hu Hungary,28-118,1996,0.0,3.0,1.0,1.0,1.0,1.0,1.0,3.0,0.0,0.0,,0.0,,0.0,0.0,0.0,0.0,0.0,0.0,0.0,0.0,1.0,0.0,Matches
141,137,Lutsharel Geertruida,DF,nl Netherlands,23-346,2000,1.2,90.0,1.0,29.0,50.0,12.0,0.0,90.0,2.0,0.0,0.0,2.0,100.0,61.0,239.0,55.0,1.0,1.0,0.0,2.0,0.0,67.0,0.0,Matches
142,138,Billy Gilmour,MF,sct Scotland,23-017,2001,2.0,129.0,3.0,28.0,80.0,21.0,2.0,129.0,5.0,2.0,40.0,1.0,20.0,88.0,443.0,180.0,3.0,6.0,0.0,1.0,3.0,97.0,3.0,Matches
143,139,Olivier Giroud,FW,fr France,37-272,1986,0.5,18.0,0.0,0.0,4.0,14.0,8.0,18.0,0.0,0.0,,0.0,,6.0,5.0,3.0,0.0,0.0,0.0,2.0,0.0,13.0,5.0,Matches
144,140,Klaus Gjasula,MF,al Albania,34-197,1989,0.2,17.0,2.0,5.0,7.0,5.0,1.0,17.0,1.0,0.0,0.0,1.0,100.0,4.0,8.0,0.0,0.0,0.0,0.0,1.0,0.0,9.0,0.0,Matches
145,141,Adam Gnezda Čerin,MF,si Slovenia,24-348,1999,3.0,161.0,10.0,37.0,95.0,33.0,2.0,161.0,1.0,1.0,100.0,0.0,0.0,83.0,474.0,244.0,4.0,4.0,0.0,4.0,1.0,101.0,3.0,Matches
146,142,Anthony Gordon,FW,eng England,23-125,2001,0.0,4.0,0.0,0.0,3.0,1.0,0.0,4.0,0.0,0.0,,0.0,,3.0,40.0,13.0,0.0,0.0,0.0,1.0,0.0,3.0,1.0,Matches
147,143,Jon Gorenc Stanković,MF,si Slovenia,28-166,1996,0.5,13.0,3.0,3.0,7.0,3.0,0.0,13.0,0.0,0.0,,0.0,,2.0,4.0,3.0,0.0,1.0,0.0,0.0,0.0,5.0,0.0,Matches
148,144,Michael Gregoritsch,FW,at Austria,30-071,1994,0.9,29.0,0.0,0.0,16.0,13.0,3.0,29.0,1.0,0.0,0.0,1.0,100.0,23.0,106.0,14.0,0.0,1.0,1.0,1.0,0.0,26.0,7.0,Matches
149,145,Antoine Griezmann,"MF,FW",fr France,33-099,1991,2.3,114.0,1.0,9.0,51.0,55.0,9.0,114.0,1.0,1.0,100.0,0.0,0.0,71.0,270.0,149.0,3.0,1.0,1.0,6.0,4.0,76.0,9.0,Matches
150,146,Florian Grillitsch,MF,at Austria,28-326,1995,1.9,140.0,0.0,21.0,92.0,28.0,2.0,140.0,2.0,0.0,0.0,0.0,0.0,105.0,524.0,298.0,4.0,3.0,0.0,1.0,2.0,107.0,3.0,Matches
151,147,Álex Grimaldo,DF,es Spain,28-282,1995,1.0,88.0,2.0,13.0,37.0,38.0,2.0,88.0,2.0,1.0,50.0,1.0,50.0,52.0,270.0,139.0,3.0,2.0,0.0,1.0,1.0,62.0,10.0,Matches
152,148,Pascal Groß,MF,de Germany,33-013,1991,0.5,73.0,0.0,2.0,43.0,28.0,0.0,73.0,0.0,0.0,,0.0,,37.0,184.0,101.0,0.0,3.0,0.0,0.0,0.0,66.0,2.0,Matches
153,149,Kamil Grosicki,MF,pl Poland,36-020,1988,0.2,8.0,0.0,0.0,5.0,3.0,1.0,8.0,0.0,0.0,,0.0,,4.0,3.0,0.0,0.0,0.0,0.0,1.0,0.0,5.0,1.0,Matches
154,150,Nemanja Gudelj,MF,rs Serbia,32-225,1991,1.0,68.0,1.0,25.0,41.0,2.0,0.0,68.0,1.0,1.0,100.0,0.0,0.0,51.0,291.0,168.0,0.0,1.0,0.0,0.0,0.0,56.0,0.0,Matches
156,151,Marc Guéhi,DF,eng England,23-351,2000,3.0,237.0,16.0,80.0,148.0,10.0,4.0,237.0,1.0,0.0,0.0,1.0,100.0,163.0,713.0,391.0,1.0,0.0,0.0,2.0,0.0,179.0,1.0,Matches
157,152,Péter Gulácsi,GK,hu Hungary,34-053,1990,3.0,107.0,99.0,105.0,2.0,0.0,0.0,107.0,0.0,0.0,,0.0,,72.0,302.0,83.0,0.0,0.0,0.0,0.0,0.0,52.0,0.0,Matches
158,153,Arda Güler,FW,tr Türkiye,19-124,2005,1.9,132.0,0.0,7.0,59.0,67.0,9.0,132.0,9.0,3.0,33.3,5.0,55.6,82.0,490.0,161.0,6.0,5.0,5.0,7.0,2.0,104.0,10.0,Matches
159,154,İlkay Gündoğan,MF,de Germany,33-248,1990,2.9,139.0,0.0,10.0,60.0,69.0,10.0,139.0,1.0,0.0,0.0,1.0,100.0,95.0,409.0,168.0,2.0,9.0,1.0,3.0,3.0,121.0,21.0,Matches
160,155,Angus Gunn,GK,sct Scotland,28-158,1996,3.0,128.0,100.0,127.0,1.0,0.0,0.0,128.0,0.0,0.0,,0.0,,74.0,350.0,140.0,0.0,0.0,0.0,0.0,0.0,52.0,0.0,Matches
161,156,Mert Günok,GK,tr Türkiye,35-119,1989,2.0,72.0,57.0,72.0,0.0,0.0,0.0,72.0,0.0,0.0,,0.0,,38.0,233.0,155.0,0.0,0.0,0.0,0.0,0.0,28.0,0.0,Matches
162,157,Joško Gvardiol,DF,hr Croatia,22-157,2002,3.0,187.0,7.0,42.0,111.0,36.0,2.0,187.0,6.0,4.0,66.7,0.0,0.0,111.0,661.0,343.0,3.0,5.0,0.0,5.0,7.0,132.0,8.0,Matches
163,158,Giorgi Gwelesiani,DF,ge Georgia,33-054,1991,0.9,,,,,,,,,,,,,,,,,,,,,,,Matches
164,159,Norbert Gyömbér,DF,sk Slovakia,31-361,1992,0.0,0.0,0.0,0.0,0.0,0.0,0.0,0.0,0.0,0.0,,0.0,,0.0,0.0,0.0,0.0,0.0,0.0,0.0,0.0,0.0,0.0,Matches
165,160,Ianis Hagi,MF,ro Romania,25-250,1998,1.3,59.0,1.0,10.0,26.0,24.0,2.0,59.0,3.0,1.0,33.3,1.0,33.3,38.0,229.0,94.0,3.0,2.0,1.0,1.0,3.0,46.0,2.0,Matches
166,161,Dávid Hancko,DF,sk Slovakia,26-198,1997,2.7,175.0,12.0,56.0,68.0,51.0,4.0,175.0,4.0,1.0,25.0,2.0,50.0,90.0,342.0,193.0,5.0,4.0,0.0,2.0,3.0,103.0,11.0,Matches
167,162,Grant Hanley,DF,sct Scotland,32-221,1991,2.5,156.0,14.0,66.0,85.0,7.0,5.0,156.0,1.0,0.0,0.0,1.0,100.0,95.0,365.0,125.0,0.0,0.0,0.0,0.0,0.0,102.0,0.0,Matches
168,163,Lukáš Haraslín,FW,sk Slovakia,28-033,1996,2.3,81.0,0.0,7.0,25.0,51.0,10.0,81.0,5.0,3.0,60.0,0.0,0.0,52.0,321.0,202.0,10.0,4.0,6.0,4.0,3.0,52.0,17.0,Matches
169,164,Kai Havertz,FW,de Germany,25-017,1999,2.3,94.0,3.0,8.0,23.0,63.0,23.0,93.0,4.0,2.0,50.0,2.0,50.0,48.0,236.0,82.0,3.0,3.0,4.0,5.0,4.0,69.0,19.0,Matches
170,165,Jack Hendry,DF,sct Scotland,29-052,1995,2.9,146.0,21.0,72.0,69.0,7.0,1.0,146.0,0.0,0.0,,0.0,,91.0,409.0,166.0,1.0,2.0,0.0,0.0,0.0,92.0,2.0,Matches
171,166,Theo Hernández,DF,fr France,26-266,1997,3.0,239.0,7.0,46.0,120.0,76.0,8.0,239.0,8.0,3.0,37.5,4.0,50.0,168.0,785.0,469.0,14.0,12.0,3.0,4.0,1.0,180.0,27.0,Matches
172,167,Morten Hjulmand,MF,dk Denmark,25-003,1999,2.7,238.0,5.0,29.0,145.0,64.0,3.0,238.0,3.0,1.0,33.3,2.0,66.7,159.0,529.0,226.0,1.0,3.0,0.0,2.0,3.0,199.0,7.0,Matches
173,168,Adam Hložek,MF,cz Czechia,21-339,2002,1.2,32.0,2.0,5.0,9.0,18.0,3.0,32.0,4.0,0.0,0.0,4.0,100.0,22.0,93.0,34.0,1.0,1.0,0.0,2.0,2.0,23.0,3.0,Matches
174,169,Tomáš Holeš,DF,cz Czechia,31-089,1993,3.0,154.0,20.0,65.0,73.0,16.0,0.0,154.0,1.0,0.0,0.0,0.0,0.0,81.0,372.0,200.0,1.0,3.0,0.0,0.0,0.0,83.0,0.0,Matches
175,170,Arbër Hoxha,"FW,MF",al Albania,25-266,1998,0.6,29.0,0.0,4.0,8.0,18.0,4.0,29.0,4.0,0.0,0.0,1.0,25.0,24.0,267.0,177.0,7.0,4.0,2.0,2.0,3.0,21.0,3.0,Matches
176,171,Robin Hranáč,DF,cz Czechia,24-151,2000,3.0,110.0,15.0,53.0,48.0,9.0,4.0,110.0,0.0,0.0,,0.0,,61.0,362.0,189.0,1.0,1.0,0.0,1.0,1.0,58.0,1.0,Matches
177,172,Elseid Hysaj,DF,al Albania,30-129,1994,2.0,70.0,6.0,30.0,31.0,9.0,2.0,70.0,0.0,0.0,,0.0,,30.0,97.0,43.0,0.0,0.0,0.0,2.0,0.0,35.0,2.0,Matches
178,173,Pierre Højbjerg,MF,dk Denmark,28-328,1995,2.9,266.0,4.0,31.0,179.0,58.0,3.0,266.0,4.0,0.0,0.0,2.0,50.0,200.0,856.0,398.0,7.0,6.0,1.0,3.0,3.0,212.0,9.0,Matches
179,174,Rasmus Højlund,FW,dk Denmark,21-145,2003,2.3,61.0,0.0,3.0,21.0,37.0,10.0,61.0,5.0,0.0,0.0,5.0,100.0,34.0,206.0,52.0,3.0,3.0,3.0,4.0,4.0,43.0,19.0,Matches
180,175,Ivan Ilić,MF,rs Serbia,23-103,2001,2.2,175.0,6.0,39.0,112.0,25.0,0.0,175.0,2.0,0.0,0.0,1.0,50.0,121.0,661.0,288.0,3.0,3.0,0.0,2.0,1.0,123.0,6.0,Matches
182,176,Josip Iličić,FW,si Slovenia,36-151,1988,0.2,8.0,1.0,3.0,3.0,2.0,0.0,8.0,0.0,0.0,,0.0,,5.0,34.0,12.0,0.0,0.0,0.0,1.0,1.0,7.0,0.0,Matches
183,177,Gonçalo Inácio,DF,pt Portugal,22-308,2001,1.3,163.0,0.0,26.0,103.0,35.0,1.0,163.0,4.0,4.0,100.0,0.0,0.0,103.0,531.0,391.0,9.0,8.0,0.0,0.0,0.0,130.0,2.0,Matches
184,178,Luka Ivanušec,MF,hr Croatia,25-215,1998,0.2,13.0,1.0,1.0,5.0,7.0,0.0,13.0,0.0,0.0,,0.0,,3.0,9.0,0.0,0.0,0.0,0.0,0.0,1.0,7.0,0.0,Matches
185,179,Erik Janža,DF,si Slovenia,31-007,1993,3.0,136.0,9.0,49.0,56.0,31.0,1.0,136.0,0.0,0.0,,0.0,,64.0,353.0,206.0,3.0,3.0,0.0,1.0,0.0,74.0,5.0,Matches
186,180,Jorginho,MF,it Italy,32-191,1991,2.4,256.0,5.0,41.0,167.0,48.0,0.0,256.0,1.0,0.0,0.0,1.0,100.0,214.0,746.0,379.0,1.0,3.0,0.0,1.0,2.0,216.0,4.0,Matches
187,181,Joselu,FW,es Spain,34-093,1990,0.8,21.0,0.0,3.0,11.0,8.0,3.0,21.0,1.0,1.0,100.0,0.0,0.0,8.0,48.0,31.0,1.0,0.0,1.0,2.0,0.0,15.0,1.0,Matches
188,182,Diogo Jota,"FW,MF",pt Portugal,27-207,1996,0.5,28.0,1.0,3.0,8.0,17.0,3.0,28.0,1.0,0.0,0.0,1.0,100.0,18.0,90.0,49.0,2.0,1.0,1.0,2.0,1.0,20.0,6.0,Matches
189,183,Luka Jović,"MF,FW",rs Serbia,26-188,1997,1.1,24.0,0.0,3.0,9.0,12.0,2.0,24.0,1.0,1.0,100.0,0.0,0.0,20.0,111.0,41.0,1.0,1.0,0.0,2.0,0.0,23.0,3.0,Matches
190,184,Josip Juranović,DF,hr Croatia,28-317,1995,1.0,73.0,2.0,16.0,24.0,33.0,1.0,73.0,1.0,0.0,0.0,1.0,100.0,23.0,132.0,96.0,1.0,2.0,1.0,1.0,0.0,47.0,10.0,Matches
191,185,David Jurásek,DF,cz Czechia,23-326,2000,1.8,95.0,2.0,13.0,36.0,47.0,1.0,95.0,5.0,0.0,0.0,5.0,100.0,53.0,183.0,46.0,0.0,1.0,0.0,3.0,0.0,54.0,16.0,Matches
192,186,Matěj Jurásek,"DF,MF",cz Czechia,20-303,2003,0.5,39.0,1.0,2.0,9.0,28.0,3.0,39.0,7.0,4.0,57.1,2.0,28.6,28.0,210.0,106.0,6.0,1.0,2.0,2.0,0.0,29.0,13.0,Matches
193,187,Ferdi Kadioglu,DF,tr Türkiye,24-265,1999,3.0,222.0,3.0,55.0,99.0,69.0,3.0,222.0,8.0,4.0,50.0,2.0,25.0,134.0,1011.0,620.0,19.0,9.0,1.0,2.0,3.0,154.0,17.0,Matches
194,188,Otar Kakabadze,"DF,MF",ge Georgia,29-001,1995,3.0,168.0,7.0,57.0,74.0,38.0,1.0,168.0,5.0,2.0,40.0,3.0,60.0,87.0,337.0,120.0,1.0,5.0,0.0,3.0,4.0,94.0,7.0,Matches
195,189,Harry Kane,FW,eng England,30-336,1993,2.8,68.0,1.0,4.0,31.0,33.0,10.0,68.0,2.0,1.0,50.0,1.0,50.0,54.0,317.0,125.0,1.0,6.0,0.0,3.0,3.0,60.0,10.0,Matches
196,190,N'Golo Kanté,MF,fr France,33-091,1991,2.7,183.0,4.0,34.0,98.0,53.0,6.0,183.0,5.0,3.0,60.0,2.0,40.0,133.0,553.0,245.0,5.0,6.0,2.0,2.0,2.0,139.0,7.0,Matches
197,191,Žan Karničnik,DF,si Slovenia,29-284,1994,3.0,179.0,10.0,74.0,76.0,32.0,2.0,179.0,4.0,3.0,75.0,0.0,0.0,100.0,656.0,418.0,7.0,1.0,1.0,3.0,1.0,110.0,7.0,Matches
198,192,Guram Kashia,DF,ge Georgia,36-360,1987,3.0,142.0,39.0,97.0,44.0,2.0,0.0,142.0,0.0,0.0,,0.0,,61.0,267.0,109.0,0.0,0.0,0.0,2.0,0.0,69.0,0.0,Matches
199,193,Milos Kerkez,DF,hu Hungary,20-234,2003,2.6,95.0,7.0,31.0,34.0,30.0,1.0,95.0,0.0,0.0,,0.0,,66.0,411.0,192.0,9.0,3.0,1.0,2.0,1.0,58.0,9.0,Matches
200,194,Joshua Kimmich,DF,de Germany,29-141,1995,3.0,272.0,6.0,41.0,116.0,117.0,7.0,272.0,1.0,0.0,0.0,1.0,100.0,173.0,990.0,594.0,9.0,9.0,1.0,1.0,1.0,213.0,33.0,Matches
201,195,Otar Kiteishvili,MF,ge Georgia,28-094,1996,1.0,47.0,0.0,25.0,22.0,0.0,0.0,47.0,0.0,0.0,,0.0,,16.0,43.0,3.0,0.0,0.0,0.0,1.0,0.0,23.0,0.0,Matches
202,196,Jakub Kiwior,DF,pl Poland,24-134,2000,3.0,183.0,12.0,87.0,74.0,22.0,4.0,183.0,2.0,2.0,100.0,0.0,0.0,69.0,353.0,156.0,2.0,1.0,0.0,0.0,5.0,104.0,5.0,Matches
203,197,László Kleinheisler,MF,hu Hungary,30-081,1994,0.6,21.0,0.0,3.0,15.0,3.0,1.0,21.0,1.0,0.0,0.0,1.0,100.0,16.0,86.0,25.0,0.0,0.0,0.0,1.0,0.0,13.0,1.0,Matches
204,198,Giorgi Kochorashvili,MF,ge Georgia,24-365,1999,3.0,175.0,8.0,50.0,109.0,19.0,4.0,175.0,6.0,4.0,66.7,1.0,16.7,108.0,637.0,305.0,4.0,5.0,2.0,2.0,5.0,127.0,4.0,Matches
205,199,Orkun Kökçü,MF,tr Türkiye,23-182,2000,1.5,83.0,1.0,10.0,37.0,36.0,5.0,83.0,2.0,0.0,0.0,2.0,100.0,37.0,195.0,80.0,2.0,2.0,1.0,1.0,2.0,65.0,8.0,Matches
206,200,Randal Kolo Muani,FW,fr France,25-206,1998,0.3,12.0,0.0,1.0,4.0,7.0,3.0,12.0,1.0,1.0,100.0,0.0,0.0,10.0,82.0,41.0,2.0,0.0,2.0,1.0,3.0,9.0,4.0,Matches
208,201,Yukhym Konoplia,DF,ua Ukraine,24-307,1999,0.8,48.0,0.0,11.0,22.0,15.0,0.0,48.0,0.0,0.0,,0.0,,30.0,102.0,53.0,3.0,4.0,0.0,1.0,1.0,34.0,10.0,Matches
209,202,Filip Kostić,DF,rs Serbia,31-240,1992,0.5,19.0,1.0,6.0,8.0,5.0,0.0,19.0,0.0,0.0,,0.0,,8.0,20.0,10.0,0.0,0.0,0.0,1.0,0.0,10.0,3.0,Matches
210,203,Jules Koundé,DF,fr France,25-229,1998,3.0,226.0,11.0,57.0,109.0,62.0,5.0,226.0,2.0,1.0,50.0,1.0,50.0,125.0,528.0,282.0,8.0,4.0,0.0,3.0,4.0,134.0,16.0,Matches
211,204,Mateo Kovačić,MF,hr Croatia,30-053,1994,2.5,192.0,1.0,21.0,112.0,61.0,4.0,192.0,10.0,6.0,60.0,1.0,10.0,133.0,984.0,533.0,12.0,13.0,2.0,3.0,5.0,160.0,4.0,Matches
212,205,Matej Kovar,GK,cz Czechia,24-042,2000,0.4,18.0,9.0,16.0,2.0,0.0,0.0,18.0,0.0,0.0,,0.0,,14.0,97.0,43.0,0.0,0.0,0.0,0.0,0.0,10.0,0.0,Matches
213,206,Andrej Kramarić,FW,hr Croatia,33-009,1991,2.7,111.0,3.0,6.0,36.0,69.0,13.0,111.0,9.0,5.0,55.6,2.0,22.2,67.0,477.0,222.0,5.0,7.0,2.0,4.0,2.0,89.0,32.0,Matches
214,207,Ladislav Krejčí,DF,cz Czechia,25-069,1999,3.0,169.0,22.0,65.0,82.0,23.0,8.0,169.0,2.0,1.0,50.0,0.0,0.0,101.0,590.0,412.0,6.0,2.0,0.0,1.0,0.0,105.0,0.0,Matches
215,208,Toni Kroos,MF,de Germany,34-176,1990,2.9,375.0,8.0,52.0,247.0,77.0,1.0,375.0,0.0,0.0,,0.0,,253.0,1191.0,624.0,1.0,6.0,0.0,1.0,0.0,308.0,5.0,Matches
216,209,Jan Kuchta,FW,cz Czechia,27-172,1997,1.1,22.0,2.0,7.0,6.0,10.0,1.0,22.0,0.0,0.0,,0.0,,11.0,47.0,30.0,0.0,1.0,0.0,3.0,0.0,13.0,2.0,Matches
217,210,Juraj Kucka,MF,sk Slovakia,37-123,1987,3.0,127.0,6.0,24.0,55.0,49.0,7.0,127.0,3.0,0.0,0.0,2.0,66.7,70.0,287.0,108.0,2.0,1.0,1.0,3.0,2.0,93.0,9.0,Matches
218,211,Jasmin Kurtić,FW,si Slovenia,35-170,1989,0.0,0.0,0.0,0.0,0.0,0.0,0.0,0.0,0.0,0.0,,0.0,,0.0,0.0,0.0,0.0,0.0,0.0,0.0,0.0,0.0,0.0,Matches
219,212,Khvicha Kvaratskhelia,FW,ge Georgia,23-137,2001,2.8,102.0,2.0,14.0,36.0,58.0,9.0,102.0,24.0,8.0,33.3,12.0,50.0,63.0,596.0,329.0,14.0,14.0,4.0,5.0,5.0,74.0,16.0,Matches
220,213,Giorgi Kvilitaia,FW,ge Georgia,30-271,1993,0.0,4.0,0.0,2.0,2.0,0.0,0.0,4.0,1.0,0.0,0.0,1.0,100.0,3.0,9.0,1.0,0.0,0.0,0.0,0.0,0.0,3.0,0.0,Matches
221,214,Solomon Kvirkvelia,DF,ge Georgia,32-143,1992,2.0,86.0,19.0,43.0,41.0,2.0,0.0,86.0,0.0,0.0,,0.0,,36.0,109.0,46.0,0.0,0.0,0.0,0.0,0.0,44.0,1.0,Matches
222,215,Qazim Laçi,"MF,FW",al Albania,28-161,1996,1.8,72.0,6.0,25.0,27.0,20.0,5.0,72.0,1.0,1.0,100.0,0.0,0.0,39.0,146.0,59.0,2.0,2.0,0.0,2.0,3.0,45.0,9.0,Matches
223,216,Konrad Laimer,"MF,FW",at Austria,27-032,1997,2.3,105.0,2.0,12.0,51.0,42.0,6.0,105.0,3.0,1.0,33.3,2.0,66.7,74.0,366.0,200.0,5.0,5.0,1.0,3.0,0.0,71.0,10.0,Matches
224,217,Ádám Lang,DF,hu Hungary,31-163,1993,0.5,25.0,3.0,14.0,9.0,2.0,0.0,25.0,0.0,0.0,,0.0,,10.0,32.0,8.0,0.0,0.0,0.0,1.0,0.0,9.0,0.0,Matches
225,218,Aymeric Laporte,DF,es Spain,30-032,1994,1.5,144.0,15.0,54.0,80.0,10.0,1.0,144.0,0.0,0.0,,0.0,,108.0,577.0,407.0,2.0,0.0,0.0,1.0,0.0,119.0,0.0,Matches
226,219,Robin Le Normand,DF,es Spain,27-230,1996,2.5,180.0,14.0,76.0,101.0,3.0,3.0,180.0,0.0,0.0,,0.0,,128.0,586.0,304.0,1.0,1.0,0.0,1.0,0.0,146.0,1.0,Matches
227,220,Rafael Leão,FW,pt Portugal,25-018,1999,1.2,49.0,0.0,4.0,13.0,32.0,12.0,49.0,7.0,1.0,14.3,5.0,71.4,40.0,474.0,248.0,12.0,3.0,7.0,2.0,1.0,45.0,9.0,Matches
228,221,Robert Lewandowski,FW,pl Poland,35-312,1988,1.3,44.0,4.0,9.0,22.0,13.0,3.0,43.0,6.0,3.0,50.0,2.0,33.3,26.0,109.0,39.0,0.0,0.0,0.0,3.0,0.0,30.0,5.0,Matches
229,222,Philipp Lienhart,DF,at Austria,27-353,1996,1.7,94.0,11.0,34.0,58.0,2.0,1.0,94.0,1.0,1.0,100.0,0.0,0.0,64.0,410.0,164.0,1.0,0.0,0.0,2.0,1.0,65.0,0.0,Matches
230,223,Ondřej Lingr,"MF,FW",cz Czechia,25-265,1998,0.9,40.0,1.0,2.0,9.0,29.0,5.0,40.0,1.0,1.0,100.0,0.0,0.0,22.0,93.0,34.0,1.0,1.0,1.0,3.0,1.0,25.0,6.0,Matches
231,224,Dominik Livaković,GK,hr Croatia,29-171,1995,3.0,101.0,88.0,101.0,0.0,0.0,0.0,101.0,0.0,0.0,,0.0,,52.0,234.0,156.0,0.0,0.0,0.0,1.0,0.0,49.0,0.0,Matches
232,225,Stanislav Lobotka,MF,sk Slovakia,29-216,1994,3.0,200.0,4.0,45.0,132.0,23.0,0.0,200.0,5.0,2.0,40.0,1.0,20.0,131.0,704.0,297.0,4.0,6.0,0.0,1.0,2.0,156.0,0.0,Matches
234,226,Saba Lobzhanidze,FW,ge Georgia,29-193,1994,0.1,5.0,3.0,3.0,0.0,2.0,2.0,5.0,0.0,0.0,,0.0,,2.0,14.0,10.0,1.0,0.0,1.0,0.0,0.0,2.0,2.0,Matches
235,227,Luka Lochoshvili,"DF,MF",ge Georgia,26-030,1998,1.2,52.0,5.0,20.0,21.0,12.0,2.0,52.0,2.0,0.0,0.0,0.0,0.0,18.0,96.0,51.0,1.0,1.0,0.0,1.0,0.0,20.0,2.0,Matches
236,228,Fermin López,MF,es Spain,21-048,2003,0.3,19.0,0.0,3.0,6.0,10.0,3.0,19.0,2.0,0.0,0.0,2.0,100.0,9.0,39.0,7.0,0.0,0.0,0.0,1.0,1.0,11.0,1.0,Matches
237,229,Romelu Lukaku,FW,be Belgium,31-046,1993,3.0,67.0,3.0,5.0,19.0,45.0,21.0,67.0,3.0,1.0,33.3,2.0,66.7,42.0,208.0,117.0,5.0,2.0,4.0,1.0,1.0,49.0,14.0,Matches
238,230,Dodi Lukebakio,"FW,DF",be Belgium,26-278,1997,0.7,40.0,0.0,2.0,10.0,28.0,8.0,40.0,6.0,2.0,33.3,4.0,66.7,26.0,106.0,26.0,2.0,0.0,3.0,3.0,2.0,31.0,12.0,Matches
239,231,Saša Lukić,MF,rs Serbia,27-320,1996,2.3,178.0,10.0,29.0,122.0,28.0,2.0,178.0,2.0,0.0,0.0,2.0,100.0,128.0,857.0,443.0,5.0,4.0,0.0,0.0,2.0,128.0,7.0,Matches
240,232,Andriy Lunin,GK,ua Ukraine,25-138,1999,1.0,25.0,21.0,25.0,0.0,0.0,0.0,25.0,0.0,0.0,,0.0,,19.0,83.0,56.0,0.0,0.0,0.0,0.0,0.0,14.0,0.0,Matches
241,233,Mike Maignan,GK,fr France,28-361,1995,3.0,100.0,82.0,97.0,3.0,0.0,0.0,100.0,0.0,0.0,,0.0,,72.0,399.0,241.0,0.0,0.0,0.0,0.0,0.0,57.0,0.0,Matches
242,234,Kobbie Mainoo,MF,eng England,19-070,2005,0.6,40.0,0.0,1.0,21.0,18.0,2.0,40.0,1.0,0.0,0.0,1.0,100.0,28.0,93.0,19.0,0.0,0.0,0.0,0.0,1.0,34.0,7.0,Matches
243,235,Lovro Majer,"FW,MF",hr Croatia,26-163,1998,1.6,119.0,1.0,14.0,53.0,53.0,8.0,119.0,1.0,1.0,100.0,0.0,0.0,81.0,491.0,196.0,4.0,6.0,0.0,5.0,1.0,95.0,10.0,Matches
244,236,Donyell Malen,FW,nl Netherlands,25-171,1999,1.1,44.0,1.0,3.0,14.0,27.0,6.0,44.0,9.0,6.0,66.7,3.0,33.3,33.0,253.0,137.0,8.0,2.0,4.0,1.0,0.0,40.0,15.0,Matches
245,237,Ruslan Malinovskyi,MF,ua Ukraine,31-055,1993,0.4,38.0,3.0,7.0,21.0,11.0,0.0,38.0,0.0,0.0,,0.0,,20.0,143.0,108.0,1.0,2.0,0.0,1.0,0.0,19.0,0.0,Matches
246,238,Giorgi Mamardashvili,GK,ge Georgia,23-273,2000,3.0,108.0,96.0,108.0,0.0,0.0,0.0,108.0,0.0,0.0,,0.0,,48.0,291.0,184.0,0.0,0.0,0.0,0.0,0.0,21.0,0.0,Matches
247,239,Dennis Man,MF,ro Romania,25-307,1998,2.0,76.0,0.0,4.0,26.0,48.0,9.0,76.0,6.0,3.0,50.0,3.0,50.0,44.0,400.0,137.0,2.0,2.0,2.0,5.0,3.0,51.0,15.0,Matches
248,240,Rey Manaj,FW,al Albania,27-125,1997,1.7,48.0,1.0,7.0,25.0,16.0,4.0,48.0,0.0,0.0,,0.0,,27.0,69.0,13.0,0.0,1.0,0.0,7.0,4.0,37.0,4.0,Matches
249,241,Orel Mangala,MF,be Belgium,26-102,1998,1.2,53.0,0.0,11.0,33.0,11.0,0.0,53.0,0.0,0.0,,0.0,,34.0,146.0,62.0,0.0,2.0,0.0,0.0,0.0,41.0,1.0,Matches
250,242,Marius Marin,MF,ro Romania,25-303,1998,2.6,99.0,6.0,37.0,50.0,12.0,0.0,99.0,2.0,0.0,0.0,1.0,50.0,41.0,282.0,156.0,0.0,1.0,0.0,2.0,1.0,52.0,2.0,Matches
251,243,Răzvan Marin,MF,ro Romania,28-036,1996,2.9,105.0,5.0,28.0,52.0,26.0,4.0,104.0,4.0,2.0,50.0,2.0,50.0,53.0,238.0,102.0,2.0,1.0,1.0,2.0,2.0,72.0,5.0,Matches
252,244,Ádám Martin,"FW,DF",hu Hungary,29-235,1994,0.5,21.0,2.0,3.0,10.0,8.0,1.0,21.0,0.0,0.0,,0.0,,13.0,46.0,19.0,0.0,0.0,0.0,0.0,1.0,15.0,2.0,Matches
253,245,Mykola Matviyenko,DF,ua Ukraine,28-057,1996,3.0,254.0,28.0,140.0,107.0,9.0,1.0,254.0,0.0,0.0,,0.0,,191.0,1047.0,774.0,7.0,1.0,0.0,1.0,1.0,201.0,1.0,Matches
254,246,Kylian Mbappé,FW,fr France,25-191,1998,2.0,102.0,0.0,1.0,30.0,71.0,18.0,101.0,15.0,9.0,60.0,5.0,33.3,86.0,560.0,285.0,13.0,6.0,9.0,6.0,4.0,91.0,23.0,Matches
255,247,John McGinn,"MF,FW",sct Scotland,29-254,1994,2.6,57.0,0.0,5.0,32.0,22.0,1.0,57.0,7.0,4.0,57.1,1.0,14.3,41.0,233.0,99.0,2.0,3.0,1.0,5.0,5.0,49.0,9.0,Matches
256,248,Callum McGregor,MF,sct Scotland,31-014,1993,2.7,139.0,3.0,22.0,100.0,19.0,2.0,139.0,0.0,0.0,,0.0,,93.0,339.0,95.0,0.0,0.0,0.0,3.0,3.0,98.0,3.0,Matches
257,249,Scott McKenna,DF,sct Scotland,27-229,1996,1.5,108.0,13.0,46.0,52.0,11.0,4.0,108.0,0.0,0.0,,0.0,,66.0,291.0,106.0,0.0,3.0,0.0,2.0,1.0,63.0,3.0,Matches
258,250,Kenny McLean,MF,sct Scotland,32-172,1992,0.5,32.0,1.0,4.0,18.0,10.0,0.0,32.0,0.0,0.0,,0.0,,18.0,84.0,35.0,0.0,0.0,0.0,1.0,1.0,19.0,1.0,Matches
260,251,Scott McTominay,MF,sct Scotland,27-203,1996,3.0,101.0,9.0,22.0,44.0,36.0,7.0,101.0,7.0,2.0,28.6,2.0,28.6,55.0,299.0,105.0,2.0,5.0,0.0,7.0,4.0,62.0,4.0,Matches
261,252,Anzor Mekvabishvili,MF,ge Georgia,23-023,2001,2.1,115.0,6.0,31.0,68.0,17.0,3.0,115.0,0.0,0.0,,0.0,,66.0,309.0,97.0,2.0,1.0,1.0,3.0,0.0,81.0,4.0,Matches
262,253,Memphis,"FW,MF",nl Netherlands,30-136,1994,2.8,115.0,0.0,4.0,49.0,64.0,14.0,115.0,11.0,2.0,18.2,7.0,63.6,71.0,273.0,108.0,2.0,2.0,1.0,6.0,4.0,88.0,17.0,Matches
263,254,Nuno Mendes,"DF,MF",pt Portugal,22-009,2002,2.0,181.0,5.0,40.0,103.0,39.0,4.0,181.0,8.0,0.0,0.0,8.0,100.0,112.0,513.0,291.0,5.0,4.0,2.0,1.0,1.0,129.0,8.0,Matches
264,255,Mikel Merino,MF,es Spain,28-006,1996,1.3,91.0,1.0,19.0,48.0,24.0,3.0,91.0,0.0,0.0,,0.0,,49.0,209.0,59.0,1.0,2.0,0.0,3.0,1.0,68.0,8.0,Matches
265,256,Valentin Mihaila,MF,ro Romania,24-147,2000,1.1,45.0,5.0,16.0,18.0,12.0,2.0,45.0,4.0,1.0,25.0,3.0,75.0,22.0,147.0,52.0,0.0,1.0,0.0,5.0,2.0,27.0,5.0,Matches
266,257,Srđan Mijailović,DF,rs Serbia,30-231,1993,0.8,34.0,3.0,13.0,13.0,8.0,0.0,34.0,0.0,0.0,,0.0,,16.0,62.0,27.0,1.0,1.0,0.0,0.0,1.0,17.0,2.0,Matches
267,258,Georges Mikautadze,FW,ge Georgia,23-241,2000,3.0,91.0,0.0,8.0,51.0,36.0,8.0,89.0,14.0,7.0,50.0,6.0,42.9,62.0,391.0,131.0,3.0,8.0,2.0,13.0,2.0,67.0,13.0,Matches
268,259,Nikola Milenković,DF,rs Serbia,26-260,1997,3.0,250.0,29.0,137.0,108.0,6.0,1.0,250.0,0.0,0.0,,0.0,,186.0,839.0,378.0,2.0,3.0,0.0,0.0,0.0,183.0,0.0,Matches
269,260,Sergej Milinković-Savić,MF,rs Serbia,29-122,1995,1.3,94.0,3.0,10.0,56.0,28.0,6.0,94.0,2.0,1.0,50.0,1.0,50.0,68.0,378.0,189.0,3.0,2.0,0.0,3.0,2.0,73.0,7.0,Matches
270,261,Mario Mitaj,DF,al Albania,20-327,2003,3.0,173.0,20.0,79.0,73.0,22.0,0.0,173.0,3.0,3.0,100.0,0.0,0.0,85.0,306.0,87.0,0.0,1.0,1.0,0.0,3.0,99.0,4.0,Matches
271,262,Aleksandar Mitrović,FW,rs Serbia,29-286,1994,2.7,89.0,2.0,8.0,45.0,36.0,14.0,89.0,4.0,2.0,50.0,2.0,50.0,53.0,194.0,42.0,0.0,2.0,0.0,8.0,5.0,63.0,10.0,Matches
272,263,Maximilian Mittelstädt,DF,de Germany,27-102,1997,2.7,213.0,6.0,34.0,95.0,84.0,10.0,213.0,3.0,0.0,0.0,2.0,66.7,132.0,562.0,293.0,8.0,6.0,0.0,3.0,0.0,154.0,37.0,Matches
273,264,Filip Mladenović,DF,rs Serbia,32-318,1991,1.2,68.0,0.0,8.0,27.0,33.0,1.0,68.0,2.0,1.0,50.0,0.0,0.0,46.0,218.0,91.0,2.0,2.0,0.0,0.0,1.0,42.0,9.0,Matches
274,265,Jan Mlakar,MF,si Slovenia,25-249,1998,2.5,69.0,9.0,21.0,23.0,25.0,2.0,69.0,3.0,1.0,33.3,2.0,66.7,36.0,211.0,113.0,3.0,3.0,1.0,3.0,1.0,41.0,4.0,Matches
275,266,Jakub Moder,MF,pl Poland,25-082,1999,2.0,140.0,9.0,38.0,83.0,23.0,3.0,140.0,3.0,2.0,66.7,0.0,0.0,74.0,433.0,227.0,2.0,4.0,0.0,1.0,1.0,97.0,4.0,Matches
276,267,Luka Modrić,MF,hr Croatia,38-293,1985,2.6,241.0,0.0,22.0,134.0,86.0,5.0,240.0,4.0,3.0,75.0,0.0,0.0,155.0,883.0,494.0,11.0,7.0,1.0,4.0,4.0,182.0,8.0,Matches
277,268,Álvaro Morata,FW,es Spain,31-249,1992,1.8,51.0,1.0,1.0,26.0,24.0,6.0,51.0,3.0,1.0,33.3,2.0,66.7,27.0,153.0,71.0,3.0,1.0,1.0,1.0,3.0,43.0,10.0,Matches
278,269,Lewis Morgan,DF,sct Scotland,27-272,1996,0.0,4.0,0.0,1.0,2.0,1.0,1.0,4.0,0.0,0.0,,0.0,,2.0,11.0,5.0,1.0,0.0,1.0,0.0,0.0,2.0,1.0,Matches
279,270,Ernest Muçi,FW,al Albania,23-101,2001,0.2,9.0,0.0,2.0,4.0,3.0,0.0,9.0,0.0,0.0,,0.0,,5.0,37.0,7.0,0.0,0.0,0.0,0.0,0.0,6.0,1.0,Matches
280,271,Mykhailo Mudryk,"FW,MF",ua Ukraine,23-175,2001,1.9,66.0,2.0,11.0,13.0,44.0,10.0,66.0,8.0,5.0,62.5,3.0,37.5,39.0,425.0,289.0,11.0,7.0,2.0,1.0,0.0,42.0,16.0,Matches
281,272,Mert Müldür,DF,tr Türkiye,25-086,1999,1.9,127.0,7.0,25.0,66.0,37.0,2.0,127.0,4.0,2.0,50.0,1.0,25.0,63.0,446.0,313.0,7.0,3.0,0.0,3.0,0.0,83.0,7.0,Matches
282,273,Thomas Müller,FW,de Germany,34-289,1989,0.2,12.0,0.0,1.0,2.0,9.0,2.0,12.0,0.0,0.0,,0.0,,5.0,30.0,24.0,1.0,0.0,0.0,0.0,0.0,9.0,2.0,Matches
283,274,Jamal Musiala,FW,de Germany,21-123,2003,2.4,151.0,1.0,8.0,62.0,84.0,16.0,151.0,18.0,9.0,50.0,6.0,33.3,105.0,851.0,480.0,19.0,12.0,9.0,6.0,6.0,120.0,23.0,Matches
284,275,Phillipp Mwene,DF,at Austria,30-151,1994,1.7,107.0,4.0,28.0,37.0,44.0,0.0,107.0,1.0,1.0,100.0,0.0,0.0,63.0,247.0,123.0,5.0,5.0,0.0,2.0,0.0,60.0,13.0,Matches
286,276,Vitaliy Mykolenko,DF,ua Ukraine,25-030,1999,0.6,23.0,1.0,4.0,6.0,13.0,0.0,23.0,0.0,0.0,,0.0,,16.0,50.0,21.0,1.0,1.0,0.0,1.0,0.0,16.0,6.0,Matches
287,277,Joakim Mæhle,"DF,MF",dk Denmark,27-039,1997,2.1,126.0,3.0,30.0,51.0,48.0,2.0,126.0,7.0,3.0,42.9,4.0,57.1,75.0,428.0,252.0,10.0,3.0,2.0,1.0,1.0,81.0,15.0,Matches
288,278,Nacho,DF,es Spain,34-162,1990,1.0,62.0,9.0,21.0,39.0,2.0,0.0,62.0,1.0,1.0,100.0,0.0,0.0,39.0,229.0,155.0,0.0,0.0,0.0,0.0,0.0,44.0,0.0,Matches
289,279,Ádám Nagy,MF,hu Hungary,29-011,1995,1.8,91.0,8.0,31.0,51.0,9.0,0.0,91.0,0.0,0.0,,0.0,,62.0,250.0,114.0,0.0,4.0,0.0,1.0,1.0,55.0,0.0,Matches
290,280,Zsolt Nagy,DF,hu Hungary,31-034,1993,0.2,12.0,2.0,6.0,4.0,3.0,0.0,12.0,1.0,1.0,100.0,0.0,0.0,5.0,54.0,44.0,0.0,0.0,0.0,0.0,0.0,6.0,2.0,Matches
291,281,Jesús Navas,DF,es Spain,38-220,1985,1.0,57.0,4.0,14.0,28.0,15.0,1.0,57.0,0.0,0.0,,0.0,,35.0,214.0,104.0,5.0,2.0,0.0,1.0,1.0,37.0,7.0,Matches
292,282,Dan Ndoye,"MF,FW",ch Switzerland,23-247,2000,2.6,90.0,1.0,15.0,29.0,49.0,15.0,90.0,11.0,6.0,54.5,3.0,27.3,68.0,512.0,336.0,14.0,5.0,8.0,9.0,1.0,69.0,19.0,Matches
293,283,Pedro Neto,"DF,FW",pt Portugal,24-111,2000,1.3,103.0,1.0,10.0,40.0,56.0,4.0,103.0,12.0,6.0,50.0,5.0,41.7,68.0,535.0,340.0,16.0,7.0,1.0,2.0,1.0,79.0,19.0,Matches
294,284,Manuel Neuer,GK,de Germany,38-093,1986,3.0,77.0,54.0,74.0,3.0,0.0,0.0,77.0,0.0,0.0,,0.0,,44.0,206.0,129.0,0.0,0.0,0.0,0.0,0.0,47.0,0.0,Matches
295,285,João Neves,MF,pt Portugal,19-275,2004,0.9,84.0,1.0,7.0,52.0,25.0,1.0,84.0,2.0,1.0,50.0,1.0,50.0,54.0,235.0,140.0,1.0,1.0,0.0,0.0,1.0,61.0,3.0,Matches
296,286,Rúben Neves,MF,pt Portugal,27-107,1997,1.0,79.0,1.0,9.0,45.0,25.0,1.0,79.0,1.0,1.0,100.0,0.0,0.0,51.0,272.0,180.0,3.0,3.0,0.0,1.0,2.0,58.0,4.0,Matches
297,287,Florin Niță,GK,ro Romania,36-361,1987,3.0,116.0,96.0,115.0,1.0,0.0,0.0,116.0,0.0,0.0,,0.0,,56.0,418.0,247.0,0.0,0.0,0.0,0.0,0.0,32.0,0.0,Matches
298,288,Matheus Nunes,MF,pt Portugal,25-306,1998,0.2,21.0,0.0,1.0,9.0,11.0,3.0,21.0,0.0,0.0,,0.0,,14.0,68.0,37.0,2.0,1.0,1.0,1.0,0.0,16.0,1.0,Matches
299,289,Christian Nørgaard,MF,dk Denmark,30-110,1994,0.2,20.0,1.0,6.0,9.0,5.0,0.0,20.0,0.0,0.0,,0.0,,13.0,20.0,5.0,0.0,0.0,0.0,0.0,0.0,16.0,0.0,Matches
300,290,Adam Obert,DF,sk Slovakia,21-310,2002,0.3,29.0,2.0,8.0,10.0,11.0,0.0,29.0,2.0,2.0,100.0,0.0,0.0,19.0,126.0,75.0,1.0,2.0,0.0,1.0,0.0,19.0,3.0,Matches
301,291,Jan Oblak,GK,si Slovenia,31-173,1993,3.0,85.0,77.0,85.0,0.0,0.0,0.0,85.0,0.0,0.0,,0.0,,42.0,243.0,115.0,0.0,0.0,0.0,0.0,0.0,32.0,0.0,Matches
302,292,Darius Olaru,MF,ro Romania,26-117,1998,0.3,15.0,0.0,1.0,5.0,9.0,1.0,15.0,0.0,0.0,,0.0,,4.0,9.0,4.0,0.0,0.0,0.0,0.0,1.0,11.0,1.0,Matches
303,293,Dani Olmo,"MF,FW",es Spain,26-052,1998,1.3,69.0,3.0,10.0,35.0,26.0,9.0,69.0,8.0,6.0,75.0,2.0,25.0,44.0,379.0,225.0,8.0,5.0,2.0,5.0,2.0,50.0,12.0,Matches
304,294,Amadou Onana,MF,be Belgium,22-317,2001,3.0,203.0,6.0,41.0,121.0,41.0,3.0,203.0,2.0,2.0,100.0,0.0,0.0,114.0,540.0,247.0,3.0,3.0,0.0,1.0,0.0,144.0,0.0,Matches
305,295,Loïs Openda,FW,be Belgium,24-133,2000,0.1,3.0,0.0,0.0,1.0,2.0,0.0,3.0,0.0,0.0,,0.0,,3.0,5.0,3.0,0.0,0.0,0.0,0.0,0.0,3.0,0.0,Matches
306,296,Willi Orban,DF,hu Hungary,31-238,1992,3.0,173.0,36.0,108.0,54.0,11.0,6.0,173.0,1.0,0.0,0.0,1.0,100.0,110.0,468.0,162.0,0.0,0.0,0.0,3.0,0.0,99.0,2.0,Matches
307,297,Mikel Oyarzabal,FW,es Spain,27-068,1997,1.1,42.0,0.0,4.0,13.0,25.0,2.0,42.0,2.0,0.0,0.0,2.0,100.0,24.0,83.0,45.0,1.0,0.0,0.0,0.0,1.0,30.0,9.0,Matches
308,298,Salih Özcan,MF,tr Türkiye,26-169,1998,0.5,40.0,1.0,3.0,32.0,5.0,1.0,40.0,0.0,0.0,,0.0,,16.0,96.0,54.0,0.0,0.0,0.0,1.0,0.0,31.0,1.0,Matches
309,299,João Palhinha,MF,pt Portugal,28-355,1995,1.0,69.0,3.0,10.0,39.0,20.0,0.0,69.0,1.0,0.0,0.0,1.0,100.0,38.0,143.0,48.0,0.0,1.0,0.0,0.0,0.0,50.0,0.0,Matches
310,300,Cole Palmer,FW,eng England,22-053,2002,0.2,21.0,0.0,1.0,5.0,15.0,1.0,21.0,3.0,0.0,0.0,3.0,100.0,17.0,92.0,32.0,1.0,0.0,0.0,0.0,0.0,19.0,8.0,Matches
312,301,Mario Pašalić,"FW,MF",hr Croatia,29-140,1995,1.3,51.0,3.0,8.0,23.0,20.0,7.0,51.0,2.0,0.0,0.0,2.0,100.0,31.0,191.0,103.0,2.0,2.0,0.0,2.0,0.0,36.0,7.0,Matches
313,302,Strahinja Pavlović,DF,rs Serbia,23-035,2001,3.0,214.0,11.0,92.0,100.0,24.0,2.0,214.0,4.0,4.0,100.0,0.0,0.0,153.0,817.0,413.0,8.0,7.0,0.0,3.0,0.0,146.0,4.0,Matches
314,303,Pedri,MF,es Spain,21-216,2002,1.4,71.0,0.0,6.0,35.0,31.0,6.0,71.0,3.0,1.0,33.3,2.0,66.7,43.0,223.0,114.0,3.0,5.0,2.0,3.0,4.0,58.0,8.0,Matches
315,304,Peter Pekarík,DF,sk Slovakia,37-242,1986,3.0,125.0,7.0,31.0,57.0,38.0,1.0,125.0,4.0,1.0,25.0,2.0,50.0,56.0,281.0,153.0,6.0,4.0,1.0,3.0,0.0,62.0,9.0,Matches
316,305,Lorenzo Pellegrini,"FW,MF",it Italy,28-009,1996,2.2,105.0,1.0,15.0,45.0,47.0,7.0,105.0,2.0,1.0,50.0,1.0,50.0,76.0,433.0,210.0,7.0,3.0,2.0,2.0,1.0,73.0,14.0,Matches
317,306,Patrick Pentz,GK,at Austria,27-178,1997,3.0,124.0,79.0,122.0,2.0,0.0,0.0,124.0,0.0,0.0,,0.0,,82.0,344.0,226.0,0.0,0.0,0.0,0.0,0.0,77.0,0.0,Matches
318,307,Pepe,DF,pt Portugal,41-123,1983,1.9,163.0,19.0,62.0,98.0,5.0,1.0,163.0,2.0,2.0,100.0,0.0,0.0,103.0,460.0,251.0,2.0,2.0,0.0,2.0,2.0,116.0,0.0,Matches
319,308,Danilo Pereira,DF,pt Portugal,32-293,1991,1.0,93.0,2.0,19.0,70.0,6.0,2.0,93.0,0.0,0.0,,0.0,,71.0,390.0,190.0,1.0,2.0,0.0,0.0,0.0,75.0,0.0,Matches
320,309,Ayoze Pérez,FW,es Spain,30-335,1993,0.1,9.0,0.0,2.0,5.0,3.0,3.0,9.0,3.0,2.0,66.7,1.0,33.3,4.0,80.0,58.0,2.0,0.0,1.0,0.0,0.0,5.0,3.0,Matches
321,310,Ivan Perišić,"DF,FW",hr Croatia,35-147,1989,1.5,77.0,5.0,8.0,17.0,52.0,7.0,77.0,3.0,1.0,33.3,2.0,66.7,46.0,290.0,185.0,8.0,3.0,2.0,1.0,0.0,55.0,17.0,Matches
322,311,Bruno Petković,FW,hr Croatia,29-286,1994,1.0,32.0,1.0,1.0,11.0,20.0,8.0,31.0,2.0,1.0,50.0,1.0,50.0,18.0,47.0,26.0,2.0,2.0,1.0,2.0,1.0,29.0,2.0,Matches
323,312,Krzysztof Piątek,FW,pl Poland,28-363,1995,0.7,17.0,0.0,0.0,11.0,6.0,1.0,17.0,0.0,0.0,,0.0,,10.0,30.0,6.0,0.0,1.0,0.0,1.0,0.0,13.0,2.0,Matches
324,313,Jordan Pickford,GK,eng England,30-113,1994,3.0,127.0,93.0,120.0,7.0,0.0,0.0,127.0,0.0,0.0,,0.0,,90.0,564.0,317.0,0.0,1.0,1.0,0.0,0.0,77.0,0.0,Matches
325,314,Jakub Piotrowski,MF,pl Poland,26-268,1997,0.6,28.0,2.0,6.0,16.0,7.0,3.0,28.0,1.0,1.0,100.0,0.0,0.0,17.0,134.0,65.0,2.0,1.0,1.0,0.0,3.0,22.0,2.0,Matches
326,315,Marin Pongračić,DF,hr Croatia,26-291,1997,2.0,149.0,27.0,73.0,76.0,2.0,0.0,149.0,3.0,1.0,33.3,1.0,33.3,88.0,583.0,272.0,0.0,0.0,0.0,1.0,0.0,100.0,0.0,Matches
327,316,Ryan Porteous,DF,sct Scotland,25-095,1999,0.5,28.0,2.0,19.0,8.0,1.0,1.0,28.0,0.0,0.0,,0.0,,15.0,44.0,12.0,0.0,0.0,0.0,0.0,0.0,18.0,0.0,Matches
328,317,Stefan Posch,DF,at Austria,27-045,1997,3.0,195.0,13.0,55.0,74.0,68.0,2.0,195.0,4.0,1.0,25.0,1.0,25.0,104.0,419.0,131.0,1.0,5.0,0.0,3.0,5.0,105.0,14.0,Matches
329,318,Yussuf Poulsen,FW,dk Denmark,30-013,1994,0.4,17.0,0.0,3.0,7.0,8.0,2.0,17.0,1.0,0.0,0.0,1.0,100.0,7.0,41.0,8.0,0.0,0.0,0.0,0.0,1.0,12.0,3.0,Matches
330,319,Alexander Prass,DF,at Austria,23-033,2001,1.3,70.0,5.0,20.0,34.0,17.0,2.0,70.0,1.0,0.0,0.0,1.0,100.0,39.0,136.0,97.0,4.0,0.0,1.0,1.0,0.0,40.0,5.0,Matches
331,320,Lukáš Provod,MF,cz Czechia,27-249,1996,2.6,112.0,4.0,21.0,58.0,36.0,0.0,112.0,6.0,2.0,33.3,2.0,33.3,57.0,382.0,187.0,5.0,4.0,0.0,4.0,2.0,55.0,4.0,Matches
332,321,George Pușcaș,FW,ro Romania,28-081,1996,0.4,16.0,1.0,1.0,7.0,8.0,0.0,16.0,0.0,0.0,,0.0,,3.0,31.0,1.0,0.0,0.0,0.0,1.0,1.0,10.0,1.0,Matches
333,322,Leopold Querfeld,DF,at Austria,20-191,2003,0.3,15.0,3.0,10.0,5.0,0.0,0.0,15.0,0.0,0.0,,0.0,,3.0,11.0,5.0,0.0,0.0,0.0,0.0,0.0,4.0,0.0,Matches
334,323,Adrien Rabiot,MF,fr France,29-086,1995,2.4,167.0,0.0,16.0,113.0,38.0,5.0,167.0,5.0,4.0,80.0,1.0,20.0,127.0,525.0,215.0,3.0,2.0,1.0,3.0,5.0,130.0,10.0,Matches
335,324,Bogdan Racovitan,DF,ro Romania,24-022,2000,0.0,0.0,0.0,0.0,0.0,0.0,0.0,0.0,0.0,0.0,,0.0,,0.0,0.0,0.0,0.0,0.0,0.0,0.0,0.0,0.0,0.0,Matches
336,325,Predrag Rajković,GK,rs Serbia,28-241,1995,3.0,109.0,93.0,109.0,0.0,0.0,0.0,109.0,1.0,1.0,100.0,0.0,0.0,77.0,478.0,231.0,0.0,0.0,0.0,0.0,0.0,60.0,0.0,Matches
338,326,Anthony Ralston,DF,sct Scotland,25-225,1998,2.9,120.0,8.0,37.0,52.0,32.0,2.0,120.0,3.0,2.0,66.7,1.0,33.3,65.0,314.0,100.0,2.0,4.0,0.0,3.0,2.0,75.0,4.0,Matches
339,327,Ylber Ramadani,MF,al Albania,28-077,1996,2.9,140.0,11.0,49.0,87.0,7.0,1.0,140.0,4.0,1.0,25.0,2.0,50.0,81.0,352.0,161.0,2.0,0.0,1.0,4.0,1.0,84.0,0.0,Matches
340,328,Gonçalo Ramos,FW,pt Portugal,23-008,2001,0.3,6.0,1.0,2.0,1.0,3.0,3.0,6.0,0.0,0.0,,0.0,,3.0,6.0,1.0,0.0,0.0,0.0,0.0,0.0,2.0,0.0,Matches
341,329,Giacomo Raspadori,FW,it Italy,24-131,2000,0.9,52.0,0.0,4.0,24.0,26.0,2.0,52.0,1.0,1.0,100.0,0.0,0.0,40.0,152.0,68.0,1.0,1.0,0.0,0.0,2.0,41.0,5.0,Matches
342,330,Andrei Ratiu,DF,ro Romania,26-008,1998,3.0,135.0,12.0,54.0,50.0,31.0,4.0,135.0,6.0,1.0,16.7,5.0,83.3,53.0,518.0,182.0,3.0,3.0,1.0,5.0,2.0,52.0,6.0,Matches
343,331,David Raum,DF,de Germany,26-067,1998,0.3,24.0,0.0,2.0,12.0,10.0,0.0,24.0,1.0,1.0,100.0,0.0,0.0,12.0,94.0,78.0,3.0,2.0,0.0,0.0,0.0,14.0,1.0,Matches
344,332,David Raya,GK,es Spain,28-287,1995,1.0,43.0,31.0,42.0,1.0,0.0,0.0,43.0,0.0,0.0,,0.0,,32.0,191.0,100.0,0.0,0.0,0.0,0.0,0.0,23.0,0.0,Matches
345,333,Tijjani Reijnders,MF,nl Netherlands,25-335,1998,2.7,126.0,4.0,18.0,63.0,45.0,7.0,126.0,4.0,1.0,25.0,3.0,75.0,85.0,595.0,314.0,10.0,2.0,2.0,1.0,4.0,104.0,7.0,Matches
346,334,Mateo Retegui,FW,it Italy,25-060,1999,1.4,28.0,0.0,3.0,11.0,15.0,5.0,28.0,1.0,0.0,0.0,1.0,100.0,17.0,47.0,6.0,0.0,0.0,0.0,2.0,0.0,22.0,4.0,Matches
347,335,Declan Rice,MF,eng England,25-166,1999,3.0,238.0,9.0,61.0,134.0,43.0,3.0,238.0,3.0,3.0,100.0,0.0,0.0,141.0,687.0,261.0,2.0,4.0,0.0,5.0,3.0,172.0,3.0,Matches
348,336,Fabian Rieder,MF,ch Switzerland,22-133,2002,0.9,39.0,1.0,6.0,18.0,16.0,2.0,39.0,3.0,1.0,33.3,2.0,66.7,19.0,136.0,73.0,4.0,3.0,2.0,3.0,1.0,22.0,7.0,Matches
349,337,Andrew Robertson,DF,sct Scotland,30-109,1994,3.0,149.0,10.0,38.0,71.0,41.0,2.0,149.0,5.0,2.0,40.0,2.0,40.0,66.0,406.0,247.0,5.0,4.0,0.0,3.0,1.0,76.0,7.0,Matches
350,338,Rodri,MF,es Spain,28-006,1996,1.9,174.0,7.0,28.0,123.0,23.0,0.0,174.0,2.0,0.0,0.0,2.0,100.0,102.0,528.0,268.0,4.0,3.0,0.0,1.0,0.0,135.0,4.0,Matches
351,339,Ricardo Rodríguez,DF,ch Switzerland,31-308,1992,3.0,140.0,12.0,44.0,72.0,24.0,0.0,140.0,1.0,0.0,0.0,1.0,100.0,87.0,512.0,299.0,6.0,5.0,0.0,2.0,2.0,92.0,5.0,Matches
352,340,Taras Romanchuk,MF,pl Poland,32-227,1991,0.6,18.0,0.0,7.0,10.0,1.0,0.0,18.0,0.0,0.0,,0.0,,3.0,11.0,2.0,0.0,0.0,0.0,0.0,0.0,10.0,0.0,Matches
353,341,Cristiano Ronaldo,FW,pt Portugal,39-144,1985,2.7,75.0,1.0,2.0,17.0,56.0,15.0,75.0,4.0,2.0,50.0,2.0,50.0,44.0,168.0,73.0,1.0,3.0,0.0,3.0,2.0,59.0,19.0,Matches
354,342,Antonio Rüdiger,DF,de Germany,31-117,1993,3.0,298.0,16.0,87.0,178.0,33.0,2.0,298.0,0.0,0.0,,0.0,,192.0,756.0,418.0,0.0,6.0,0.0,0.0,0.0,237.0,0.0,Matches
355,343,Fabián Ruiz Peña,MF,es Spain,28-086,1996,2.0,157.0,3.0,13.0,100.0,45.0,1.0,157.0,6.0,5.0,83.3,1.0,16.7,107.0,592.0,277.0,6.0,2.0,1.0,2.0,2.0,127.0,3.0,Matches
356,344,Adrian Rus,MF,ro Romania,28-102,1996,0.2,6.0,0.0,1.0,5.0,0.0,0.0,6.0,0.0,0.0,,0.0,,2.0,5.0,2.0,0.0,0.0,0.0,0.0,0.0,2.0,0.0,Matches
357,345,Marcel Sabitzer,"FW,MF",at Austria,30-103,1994,3.0,132.0,2.0,7.0,50.0,77.0,14.0,132.0,4.0,2.0,50.0,0.0,0.0,83.0,410.0,219.0,6.0,3.0,4.0,3.0,0.0,82.0,21.0,Matches
358,346,Bukayo Saka,FW,eng England,22-297,2001,2.4,131.0,7.0,19.0,53.0,61.0,9.0,131.0,12.0,5.0,41.7,5.0,41.7,82.0,516.0,277.0,12.0,3.0,5.0,3.0,1.0,102.0,25.0,Matches
359,347,Bartosz Salamon,DF,pl Poland,33-058,1991,0.9,47.0,23.0,39.0,7.0,1.0,0.0,47.0,0.0,0.0,,0.0,,11.0,66.0,39.0,0.0,1.0,0.0,1.0,0.0,16.0,1.0,Matches
360,348,William Saliba,DF,fr France,23-096,2001,3.0,221.0,30.0,109.0,108.0,5.0,4.0,221.0,1.0,1.0,100.0,0.0,0.0,173.0,721.0,311.0,1.0,0.0,0.0,0.0,0.0,174.0,0.0,Matches
361,349,Roland Sallai,MF,hu Hungary,27-037,1997,3.0,102.0,1.0,13.0,55.0,37.0,8.0,102.0,6.0,3.0,50.0,2.0,33.3,86.0,670.0,332.0,12.0,8.0,5.0,5.0,5.0,80.0,23.0,Matches
362,350,Lazar Samardzic,MF,rs Serbia,22-125,2002,0.6,25.0,0.0,2.0,12.0,11.0,0.0,25.0,3.0,1.0,33.3,2.0,66.7,14.0,74.0,16.0,0.0,0.0,0.0,0.0,1.0,16.0,2.0,Matches
364,351,Leroy Sané,FW,de Germany,28-169,1996,0.8,54.0,0.0,7.0,7.0,43.0,9.0,54.0,9.0,2.0,22.2,6.0,66.7,39.0,288.0,154.0,3.0,3.0,1.0,1.0,4.0,46.0,14.0,Matches
365,352,Leo Sauer,FW,sk Slovakia,18-195,2005,0.1,5.0,0.0,0.0,0.0,5.0,0.0,5.0,1.0,0.0,0.0,1.0,100.0,4.0,19.0,12.0,0.0,0.0,0.0,0.0,1.0,4.0,3.0,Matches
366,353,Gianluca Scamacca,FW,it Italy,25-179,1999,1.8,48.0,1.0,3.0,22.0,23.0,6.0,48.0,0.0,0.0,,0.0,,34.0,162.0,67.0,1.0,1.0,0.0,2.0,1.0,36.0,9.0,Matches
367,354,András Schäfer,MF,hu Hungary,25-076,1999,3.0,163.0,17.0,54.0,76.0,35.0,5.0,163.0,8.0,4.0,50.0,4.0,50.0,111.0,660.0,240.0,5.0,9.0,3.0,2.0,4.0,109.0,4.0,Matches
368,355,Fabian Schär,DF,ch Switzerland,32-191,1991,3.0,175.0,28.0,86.0,82.0,10.0,2.0,175.0,2.0,0.0,0.0,2.0,100.0,112.0,543.0,265.0,3.0,3.0,2.0,2.0,0.0,114.0,2.0,Matches
369,356,Patrik Schick,FW,cz Czechia,28-156,1996,1.4,53.0,5.0,10.0,15.0,28.0,7.0,53.0,3.0,0.0,0.0,3.0,100.0,29.0,153.0,62.0,2.0,2.0,1.0,2.0,2.0,35.0,6.0,Matches
370,357,Nico Schlotterbeck,DF,de Germany,24-210,1999,0.3,23.0,3.0,9.0,14.0,0.0,0.0,23.0,0.0,0.0,,0.0,,9.0,61.0,33.0,1.0,0.0,0.0,0.0,0.0,12.0,0.0,Matches
371,358,Kasper Schmeichel,GK,dk Denmark,37-236,1986,3.0,87.0,74.0,87.0,0.0,0.0,0.0,87.0,0.0,0.0,,0.0,,55.0,239.0,140.0,0.0,0.0,0.0,0.0,0.0,48.0,0.0,Matches
372,359,Romano Schmid,"FW,MF",at Austria,24-153,2000,1.1,62.0,1.0,12.0,25.0,25.0,4.0,62.0,4.0,2.0,50.0,1.0,25.0,38.0,165.0,55.0,2.0,1.0,1.0,1.0,6.0,37.0,6.0,Matches
373,360,Jerdy Schouten,MF,nl Netherlands,27-168,1997,2.8,171.0,10.0,30.0,103.0,39.0,4.0,171.0,4.0,4.0,100.0,0.0,0.0,114.0,342.0,117.0,2.0,0.0,1.0,3.0,0.0,122.0,6.0,Matches
374,361,Ivan Schranz,FW,sk Slovakia,30-289,1993,2.7,89.0,6.0,12.0,37.0,40.0,8.0,89.0,1.0,0.0,0.0,1.0,100.0,53.0,256.0,129.0,4.0,1.0,1.0,2.0,1.0,65.0,10.0,Matches
375,362,Taulant Seferi,FW,al Albania,27-226,1996,1.0,31.0,2.0,11.0,16.0,6.0,1.0,31.0,0.0,0.0,,0.0,,22.0,104.0,55.0,2.0,1.0,0.0,0.0,2.0,19.0,3.0,Matches
376,363,Nicolas Seiwald,MF,at Austria,23-055,2001,3.0,191.0,12.0,44.0,115.0,32.0,0.0,191.0,1.0,1.0,100.0,0.0,0.0,122.0,443.0,209.0,3.0,4.0,0.0,3.0,1.0,124.0,2.0,Matches
377,364,Nélson Semedo,DF,pt Portugal,30-225,1993,0.5,33.0,0.0,4.0,12.0,18.0,1.0,33.0,1.0,0.0,0.0,1.0,100.0,19.0,153.0,93.0,3.0,2.0,0.0,4.0,0.0,24.0,10.0,Matches
378,365,Benjamin Šeško,FW,si Slovenia,21-028,2003,2.6,72.0,3.0,9.0,39.0,25.0,4.0,72.0,6.0,1.0,16.7,4.0,66.7,33.0,173.0,52.0,1.0,2.0,0.0,3.0,1.0,48.0,12.0,Matches
379,366,Petr Ševčík,MF,cz Czechia,30-055,1994,0.2,29.0,0.0,3.0,17.0,11.0,2.0,29.0,0.0,0.0,,0.0,,22.0,139.0,108.0,3.0,2.0,0.0,1.0,0.0,24.0,1.0,Matches
380,367,Lawrence Shankland,FW,sct Scotland,28-323,1995,0.3,18.0,1.0,2.0,5.0,11.0,1.0,18.0,1.0,0.0,0.0,1.0,100.0,9.0,46.0,11.0,1.0,1.0,0.0,1.0,0.0,9.0,1.0,Matches
381,368,Mykola Shaparenko,MF,ua Ukraine,25-268,1998,2.4,147.0,3.0,33.0,87.0,27.0,3.0,147.0,2.0,1.0,50.0,1.0,50.0,110.0,470.0,248.0,8.0,3.0,1.0,3.0,2.0,118.0,5.0,Matches
382,369,Xherdan Shaqiri,MF,ch Switzerland,32-262,1991,0.7,34.0,0.0,1.0,13.0,20.0,0.0,34.0,1.0,0.0,0.0,1.0,100.0,22.0,65.0,33.0,0.0,1.0,0.0,0.0,0.0,23.0,3.0,Matches
383,370,Vincent Sierro,MF,ch Switzerland,28-264,1995,0.2,19.0,2.0,5.0,11.0,3.0,0.0,19.0,0.0,0.0,,0.0,,7.0,54.0,19.0,0.0,0.0,0.0,1.0,0.0,12.0,0.0,Matches
384,371,António Silva,DF,pt Portugal,20-242,2003,0.8,71.0,2.0,11.0,47.0,14.0,2.0,71.0,0.0,0.0,,0.0,,50.0,234.0,155.0,1.0,5.0,0.0,0.0,0.0,54.0,1.0,Matches
385,372,Bernardo Silva,FW,pt Portugal,29-323,1994,2.0,125.0,3.0,10.0,46.0,69.0,12.0,125.0,2.0,2.0,100.0,0.0,0.0,96.0,520.0,288.0,8.0,10.0,3.0,2.0,3.0,103.0,24.0,Matches
386,373,Unai Simón,GK,es Spain,27-017,1997,2.0,84.0,63.0,82.0,2.0,0.0,0.0,84.0,0.0,0.0,,0.0,,63.0,249.0,117.0,0.0,0.0,0.0,0.0,0.0,56.0,0.0,Matches
387,374,Xavi Simons,"MF,FW",nl Netherlands,21-068,2003,2.1,91.0,1.0,8.0,44.0,43.0,5.0,91.0,6.0,2.0,33.3,4.0,66.7,60.0,438.0,246.0,8.0,6.0,0.0,0.0,4.0,70.0,13.0,Matches
388,375,Michał Skóraś,DF,pl Poland,24-134,2000,0.3,11.0,1.0,4.0,5.0,2.0,0.0,11.0,0.0,0.0,,0.0,,6.0,25.0,18.0,1.0,0.0,0.0,0.0,1.0,6.0,0.0,Matches
390,376,Łukasz Skorupski,GK,pl Poland,33-054,1991,1.0,40.0,38.0,40.0,0.0,0.0,0.0,40.0,0.0,0.0,,0.0,,11.0,65.0,53.0,0.0,0.0,0.0,0.0,0.0,8.0,0.0,Matches
391,377,Andreas Skov Olsen,FW,dk Denmark,24-182,1999,0.6,32.0,1.0,6.0,11.0,15.0,2.0,32.0,2.0,1.0,50.0,1.0,50.0,17.0,91.0,45.0,2.0,1.0,1.0,2.0,0.0,21.0,7.0,Matches
392,378,Milan Škriniar,DF,sk Slovakia,29-138,1995,3.0,244.0,25.0,118.0,118.0,8.0,3.0,244.0,3.0,1.0,33.3,1.0,33.3,155.0,820.0,529.0,2.0,1.0,0.0,1.0,0.0,172.0,0.0,Matches
393,379,Bartosz Slisz,MF,pl Poland,25-091,1999,1.2,50.0,3.0,14.0,28.0,9.0,2.0,50.0,0.0,0.0,,0.0,,19.0,116.0,71.0,1.0,4.0,0.0,0.0,0.0,34.0,2.0,Matches
394,380,Yann Sommer,GK,ch Switzerland,35-194,1988,3.0,99.0,90.0,98.0,1.0,0.0,0.0,99.0,0.0,0.0,,0.0,,75.0,363.0,233.0,0.0,0.0,0.0,0.0,0.0,59.0,0.0,Matches
395,381,Deian Sorescu,"MF,DF",ro Romania,26-304,1997,0.4,22.0,0.0,7.0,6.0,9.0,1.0,22.0,0.0,0.0,,0.0,,7.0,20.0,9.0,0.0,1.0,0.0,2.0,0.0,9.0,1.0,Matches
396,382,Borna Sosa,DF,hr Croatia,26-159,1998,0.1,3.0,1.0,1.0,1.0,1.0,0.0,3.0,0.0,0.0,,0.0,,1.0,10.0,6.0,0.0,0.0,0.0,0.0,0.0,2.0,1.0,Matches
397,383,Tomáš Souček,MF,cz Czechia,29-122,1995,3.0,121.0,12.0,35.0,53.0,33.0,10.0,121.0,1.0,0.0,0.0,0.0,0.0,57.0,202.0,61.0,0.0,0.0,0.0,1.0,2.0,72.0,4.0,Matches
398,384,Andraž Šporar,FW,si Slovenia,30-122,1994,2.9,74.0,4.0,6.0,31.0,37.0,9.0,74.0,2.0,1.0,50.0,1.0,50.0,33.0,146.0,72.0,3.0,4.0,1.0,4.0,0.0,54.0,15.0,Matches
399,385,Nicolae Stanciu,"MF,FW",ro Romania,31-052,1993,3.0,108.0,5.0,14.0,56.0,39.0,0.0,108.0,3.0,1.0,33.3,1.0,33.3,53.0,207.0,64.0,1.0,0.0,0.0,3.0,3.0,72.0,1.0,Matches
400,386,Jindřich Staněk,GK,cz Czechia,28-062,1996,2.6,85.0,73.0,85.0,0.0,0.0,0.0,85.0,0.0,0.0,,0.0,,41.0,211.0,127.0,0.0,0.0,0.0,1.0,0.0,30.0,0.0,Matches
401,387,Josip Stanišić,DF,hr Croatia,24-087,2000,2.0,156.0,4.0,36.0,80.0,42.0,2.0,156.0,2.0,2.0,100.0,0.0,0.0,82.0,416.0,174.0,3.0,1.0,0.0,3.0,2.0,110.0,9.0,Matches
402,388,Taras Stepanenko,MF,ua Ukraine,34-325,1989,0.9,86.0,3.0,28.0,46.0,12.0,2.0,86.0,0.0,0.0,,0.0,,49.0,150.0,40.0,0.0,1.0,0.0,1.0,0.0,61.0,3.0,Matches
403,389,Leonidas Stergiou,DF,ch Switzerland,22-117,2002,0.3,14.0,2.0,7.0,7.0,0.0,0.0,14.0,0.0,0.0,,0.0,,2.0,8.0,0.0,0.0,0.0,0.0,1.0,0.0,3.0,0.0,Matches
404,390,Petar Stojanović,MF,si Slovenia,28-265,1995,2.6,110.0,3.0,26.0,50.0,39.0,5.0,110.0,10.0,4.0,40.0,6.0,60.0,62.0,539.0,190.0,6.0,5.0,1.0,5.0,4.0,62.0,5.0,Matches
405,391,John Stones,DF,eng England,30-031,1994,3.0,244.0,16.0,78.0,164.0,4.0,1.0,244.0,0.0,0.0,,0.0,,187.0,929.0,472.0,0.0,2.0,0.0,1.0,0.0,206.0,0.0,Matches
406,392,Thomas Strakosha,GK,al Albania,29-101,1995,3.0,99.0,89.0,99.0,0.0,0.0,0.0,99.0,0.0,0.0,,0.0,,54.0,319.0,240.0,0.0,0.0,0.0,0.0,0.0,38.0,0.0,Matches
407,393,Dávid Strelec,FW,sk Slovakia,23-085,2001,1.3,44.0,1.0,3.0,22.0,20.0,7.0,44.0,3.0,2.0,66.7,1.0,33.3,21.0,62.0,16.0,0.0,0.0,0.0,2.0,2.0,30.0,4.0,Matches
408,394,Callum Styles,MF,hu Hungary,24-092,2000,0.7,31.0,0.0,10.0,20.0,2.0,0.0,31.0,0.0,0.0,,0.0,,21.0,98.0,20.0,0.0,1.0,0.0,1.0,0.0,20.0,0.0,Matches
409,395,Luka Sučić,"FW,MF",hr Croatia,21-294,2002,1.6,97.0,0.0,7.0,50.0,40.0,5.0,97.0,4.0,3.0,75.0,1.0,25.0,67.0,490.0,257.0,6.0,4.0,0.0,1.0,0.0,78.0,5.0,Matches
410,396,Heorhiy Sudakov,MF,ua Ukraine,21-301,2002,2.9,146.0,4.0,33.0,69.0,46.0,2.0,146.0,5.0,3.0,60.0,2.0,40.0,103.0,606.0,281.0,6.0,8.0,2.0,6.0,2.0,115.0,11.0,Matches
411,397,Pavel Šulc,MF,cz Czechia,23-182,2000,0.9,24.0,2.0,9.0,7.0,8.0,1.0,24.0,0.0,0.0,,0.0,,10.0,68.0,36.0,3.0,2.0,1.0,2.0,0.0,8.0,2.0,Matches
412,398,Tomáš Suslov,FW,sk Slovakia,22-021,2002,0.7,38.0,2.0,5.0,12.0,22.0,1.0,38.0,8.0,3.0,37.5,4.0,50.0,15.0,101.0,71.0,3.0,1.0,2.0,2.0,1.0,16.0,4.0,Matches
413,399,Josip Šutalo,DF,hr Croatia,24-121,2000,3.0,235.0,34.0,102.0,128.0,6.0,1.0,235.0,3.0,3.0,100.0,0.0,0.0,129.0,559.0,319.0,1.0,0.0,0.0,2.0,2.0,174.0,0.0,Matches
414,400,Oleksandr Svatok,DF,ua Ukraine,29-275,1994,0.9,32.0,10.0,23.0,9.0,0.0,0.0,32.0,0.0,0.0,,0.0,,15.0,41.0,7.0,0.0,0.0,0.0,0.0,0.0,17.0,0.0,Matches
416,401,Karol Świderski,FW,pl Poland,27-157,1997,1.0,25.0,0.0,6.0,8.0,11.0,1.0,25.0,2.0,0.0,0.0,2.0,100.0,10.0,48.0,6.0,0.0,0.0,0.0,2.0,1.0,18.0,6.0,Matches
417,402,Serhiy Sydorchuk,MF,ua Ukraine,33-057,1991,0.1,3.0,0.0,1.0,2.0,1.0,0.0,3.0,0.0,0.0,,0.0,,1.0,12.0,11.0,0.0,0.0,0.0,1.0,0.0,3.0,0.0,Matches
418,403,Attila Szalai,DF,hu Hungary,26-160,1998,1.1,74.0,5.0,27.0,41.0,6.0,1.0,74.0,1.0,0.0,0.0,0.0,0.0,48.0,179.0,98.0,0.0,3.0,0.0,1.0,0.0,46.0,2.0,Matches
419,404,Wojciech Szczęsny,GK,pl Poland,34-071,1990,2.0,74.0,64.0,73.0,1.0,0.0,0.0,74.0,0.0,0.0,,0.0,,37.0,262.0,190.0,0.0,0.0,0.0,0.0,0.0,38.0,0.0,Matches
420,405,Dominik Szoboszlai,MF,hu Hungary,23-247,2000,3.0,181.0,7.0,30.0,91.0,63.0,6.0,181.0,12.0,3.0,25.0,9.0,75.0,106.0,489.0,220.0,6.0,3.0,3.0,4.0,1.0,100.0,10.0,Matches
421,406,Sebastian Szymański,MF,pl Poland,25-049,1999,1.2,56.0,0.0,14.0,26.0,17.0,2.0,56.0,2.0,0.0,0.0,2.0,100.0,24.0,153.0,74.0,3.0,2.0,0.0,2.0,2.0,33.0,3.0,Matches
422,407,Dušan Tadić,MF,rs Serbia,35-221,1988,1.7,97.0,2.0,9.0,36.0,52.0,2.0,97.0,2.0,1.0,50.0,0.0,0.0,68.0,349.0,141.0,4.0,5.0,1.0,1.0,3.0,74.0,17.0,Matches
423,408,Jonathan Tah,DF,de Germany,28-138,1996,2.7,253.0,16.0,73.0,166.0,15.0,1.0,253.0,0.0,0.0,,0.0,,171.0,699.0,422.0,0.0,3.0,0.0,1.0,0.0,207.0,1.0,Matches
424,409,Maksym Talovierov,MF,ua Ukraine,24-000,2000,0.0,2.0,0.0,0.0,2.0,0.0,0.0,2.0,0.0,0.0,,0.0,,2.0,3.0,2.0,0.0,0.0,0.0,0.0,0.0,2.0,0.0,Matches
425,410,Aurélien Tchouaméni,MF,fr France,24-153,2000,1.9,164.0,1.0,20.0,123.0,21.0,1.0,164.0,0.0,0.0,,0.0,,133.0,649.0,303.0,4.0,1.0,0.0,1.0,1.0,141.0,1.0,Matches
426,411,Arthur Theate,DF,be Belgium,24-034,2000,1.8,136.0,4.0,29.0,81.0,28.0,0.0,136.0,0.0,0.0,,0.0,,87.0,321.0,173.0,3.0,2.0,0.0,1.0,2.0,88.0,3.0,Matches
427,412,Marcus Thuram,FW,fr France,26-327,1997,1.8,63.0,4.0,7.0,27.0,33.0,10.0,63.0,6.0,2.0,33.3,1.0,16.7,39.0,216.0,152.0,5.0,4.0,3.0,5.0,2.0,46.0,12.0,Matches
428,413,Youri Tielemans,MF,be Belgium,27-052,1997,1.6,127.0,3.0,17.0,71.0,39.0,1.0,127.0,0.0,0.0,,0.0,,74.0,284.0,180.0,3.0,2.0,0.0,1.0,0.0,96.0,1.0,Matches
429,414,Kieran Tierney,DF,sct Scotland,27-023,1997,1.5,101.0,7.0,54.0,37.0,11.0,0.0,101.0,0.0,0.0,,0.0,,66.0,310.0,162.0,2.0,1.0,0.0,1.0,0.0,68.0,0.0,Matches
430,415,Ferrán Torres,FW,es Spain,24-120,2000,1.1,43.0,0.0,4.0,8.0,31.0,8.0,43.0,4.0,0.0,0.0,4.0,100.0,22.0,134.0,72.0,3.0,1.0,2.0,1.0,0.0,28.0,9.0,Matches
431,416,Cenk Tosun,FW,tr Türkiye,33-021,1991,0.2,4.0,0.0,0.0,2.0,2.0,1.0,4.0,0.0,0.0,,0.0,,3.0,22.0,13.0,1.0,0.0,1.0,0.0,0.0,4.0,1.0,Matches
432,417,Gernot Trauner,DF,at Austria,32-095,1992,1.0,85.0,6.0,38.0,45.0,2.0,1.0,85.0,0.0,0.0,,0.0,,58.0,298.0,187.0,0.0,1.0,0.0,0.0,0.0,60.0,0.0,Matches
433,418,Kieran Trippier,DF,eng England,33-283,1990,2.9,217.0,11.0,45.0,109.0,63.0,0.0,217.0,1.0,0.0,0.0,0.0,0.0,119.0,369.0,158.0,1.0,4.0,0.0,0.0,0.0,149.0,10.0,Matches
434,419,Leandro Trossard,FW,be Belgium,29-207,1994,1.9,90.0,0.0,13.0,36.0,44.0,8.0,90.0,3.0,0.0,0.0,1.0,33.3,63.0,297.0,141.0,5.0,5.0,3.0,4.0,3.0,72.0,8.0,Matches
435,420,Anatolii Trubin,GK,ua Ukraine,22-332,2001,2.0,76.0,67.0,76.0,0.0,0.0,0.0,76.0,0.0,0.0,,0.0,,47.0,215.0,150.0,0.0,0.0,0.0,0.0,0.0,40.0,0.0,Matches
436,421,Heorhii Tsitaishvili,"DF,MF",ge Georgia,23-223,2000,1.8,79.0,5.0,21.0,32.0,27.0,3.0,79.0,6.0,2.0,33.3,3.0,50.0,52.0,338.0,143.0,4.0,3.0,1.0,3.0,0.0,51.0,12.0,Matches
437,422,Viktor Tsyhankov,FW,ua Ukraine,26-226,1997,0.7,42.0,0.0,1.0,15.0,26.0,4.0,42.0,1.0,0.0,0.0,1.0,100.0,29.0,166.0,45.0,2.0,0.0,3.0,2.0,0.0,32.0,6.0,Matches
438,423,Oleksandr Tymchyk,DF,ua Ukraine,27-160,1997,2.2,109.0,5.0,35.0,48.0,27.0,2.0,109.0,0.0,0.0,,0.0,,46.0,240.0,136.0,5.0,4.0,0.0,4.0,1.0,43.0,11.0,Matches
439,424,Deniz Undav,MF,de Germany,27-345,1996,0.1,3.0,0.0,0.0,2.0,1.0,0.0,3.0,0.0,0.0,,0.0,,2.0,4.0,0.0,0.0,0.0,0.0,0.0,0.0,2.0,0.0,Matches
440,425,Dayot Upamecano,DF,fr France,25-245,1998,3.0,248.0,16.0,105.0,132.0,13.0,4.0,248.0,1.0,0.0,0.0,1.0,100.0,187.0,1002.0,598.0,2.0,2.0,0.0,2.0,1.0,182.0,2.0,Matches
442,426,Kacper Urbanski,"FW,MF",pl Poland,19-295,2004,1.6,67.0,3.0,16.0,35.0,19.0,2.0,67.0,5.0,3.0,60.0,2.0,40.0,39.0,300.0,141.0,4.0,3.0,0.0,4.0,3.0,50.0,4.0,Matches
443,427,Virgil van Dijk,DF,nl Netherlands,32-356,1991,3.0,215.0,28.0,120.0,90.0,5.0,3.0,215.0,0.0,0.0,,0.0,,126.0,416.0,172.0,0.0,0.0,0.0,0.0,0.0,147.0,0.0,Matches
444,428,Vladyslav Vanat,FW,ua Ukraine,22-176,2002,0.2,4.0,0.0,0.0,1.0,3.0,0.0,4.0,0.0,0.0,,0.0,,3.0,11.0,0.0,0.0,0.0,0.0,2.0,0.0,4.0,2.0,Matches
445,429,Barnabás Varga,FW,hu Hungary,30-155,1994,2.8,84.0,8.0,14.0,46.0,25.0,9.0,84.0,1.0,0.0,0.0,1.0,100.0,43.0,182.0,38.0,1.0,3.0,0.0,5.0,2.0,53.0,11.0,Matches
446,430,Ruben Vargas,"MF,FW",ch Switzerland,25-328,1998,1.9,95.0,1.0,6.0,34.0,55.0,11.0,95.0,2.0,0.0,0.0,2.0,100.0,63.0,339.0,167.0,9.0,1.0,7.0,5.0,4.0,63.0,10.0,Matches
447,431,Denis Vavro,DF,sk Slovakia,28-079,1996,3.0,230.0,19.0,98.0,124.0,11.0,4.0,230.0,1.0,0.0,0.0,0.0,0.0,156.0,921.0,586.0,1.0,5.0,0.0,2.0,0.0,174.0,2.0,Matches
448,432,Joey Veerman,MF,nl Netherlands,25-222,1998,1.3,117.0,2.0,22.0,61.0,34.0,1.0,117.0,3.0,1.0,33.3,1.0,33.3,71.0,223.0,65.0,0.0,2.0,0.0,3.0,1.0,84.0,1.0,Matches
449,433,Miloš Veljković,DF,rs Serbia,28-276,1995,3.0,240.0,10.0,83.0,150.0,8.0,0.0,240.0,0.0,0.0,,0.0,,193.0,882.0,510.0,5.0,1.0,0.0,2.0,0.0,193.0,3.0,Matches
450,434,Micky van de Ven,DF,nl Netherlands,23-070,2001,0.3,33.0,0.0,11.0,13.0,9.0,1.0,33.0,2.0,1.0,50.0,1.0,50.0,19.0,87.0,50.0,1.0,0.0,0.0,0.0,0.0,21.0,2.0,Matches
451,435,Benjamin Verbič,MF,si Slovenia,30-214,1993,0.4,14.0,1.0,2.0,6.0,6.0,2.0,14.0,1.0,0.0,0.0,1.0,100.0,7.0,28.0,20.0,1.0,1.0,0.0,1.0,0.0,8.0,1.0,Matches
452,436,Bart Verbruggen,GK,nl Netherlands,21-315,2002,3.0,123.0,92.0,122.0,1.0,0.0,0.0,123.0,0.0,0.0,,0.0,,85.0,414.0,239.0,0.0,0.0,0.0,0.0,0.0,73.0,0.0,Matches
453,437,Jan Vertonghen,DF,be Belgium,37-065,1987,2.0,125.0,20.0,68.0,56.0,1.0,1.0,125.0,0.0,0.0,,0.0,,92.0,272.0,84.0,0.0,0.0,0.0,2.0,1.0,93.0,1.0,Matches
454,438,Jannik Vestergaard,DF,dk Denmark,31-330,1992,3.0,242.0,30.0,96.0,143.0,4.0,3.0,242.0,0.0,0.0,,0.0,,166.0,651.0,393.0,1.0,0.0,0.0,1.0,0.0,177.0,1.0,Matches
455,439,Žan Vipotnik,FW,si Slovenia,22-102,2002,0.2,5.0,1.0,2.0,0.0,3.0,0.0,5.0,0.0,0.0,,0.0,,3.0,37.0,0.0,0.0,1.0,0.0,1.0,1.0,5.0,0.0,Matches
456,440,Vitinha,MF,pt Portugal,24-136,2000,2.0,171.0,3.0,23.0,96.0,54.0,3.0,171.0,1.0,1.0,100.0,0.0,0.0,137.0,650.0,324.0,3.0,8.0,0.0,3.0,1.0,137.0,4.0,Matches
457,441,Daniel Vivian,DF,es Spain,24-349,1999,1.0,98.0,6.0,33.0,60.0,5.0,1.0,98.0,1.0,0.0,0.0,1.0,100.0,71.0,431.0,299.0,0.0,1.0,0.0,0.0,0.0,71.0,1.0,Matches
458,442,Dušan Vlahović,"MF,FW",rs Serbia,24-152,2000,2.0,46.0,0.0,5.0,15.0,26.0,7.0,46.0,2.0,2.0,100.0,0.0,0.0,30.0,144.0,40.0,1.0,1.0,1.0,4.0,7.0,29.0,8.0,Matches
459,443,Stefan de Vrij,DF,nl Netherlands,32-144,1992,3.0,221.0,17.0,105.0,112.0,4.0,2.0,221.0,1.0,0.0,0.0,1.0,100.0,147.0,679.0,446.0,1.0,0.0,0.0,2.0,0.0,159.0,0.0,Matches
460,444,Kyle Walker,DF,eng England,34-031,1990,3.0,273.0,5.0,51.0,177.0,47.0,3.0,273.0,1.0,1.0,100.0,0.0,0.0,170.0,810.0,402.0,7.0,2.0,1.0,2.0,0.0,212.0,13.0,Matches
461,445,Ollie Watkins,FW,eng England,28-181,1995,0.2,5.0,0.0,0.0,0.0,5.0,1.0,5.0,1.0,0.0,0.0,1.0,100.0,3.0,19.0,0.0,0.0,0.0,0.0,2.0,0.0,3.0,1.0,Matches
462,446,Wout Weghorst,FW,nl Netherlands,31-326,1992,0.5,19.0,1.0,2.0,12.0,6.0,3.0,19.0,1.0,0.0,0.0,1.0,100.0,10.0,33.0,9.0,0.0,0.0,0.0,0.0,2.0,17.0,4.0,Matches
463,447,Andreas Weimann,FW,at Austria,32-328,1991,0.0,1.0,0.0,1.0,0.0,0.0,0.0,1.0,0.0,0.0,,0.0,,0.0,0.0,0.0,0.0,0.0,0.0,0.0,0.0,0.0,0.0,Matches
464,448,Silvan Widmer,DF,ch Switzerland,31-115,1993,2.7,128.0,9.0,37.0,53.0,38.0,3.0,128.0,2.0,0.0,0.0,2.0,100.0,51.0,198.0,80.0,2.0,0.0,1.0,2.0,2.0,63.0,10.0,Matches
465,449,Georginio Wijnaldum,MF,nl Netherlands,33-230,1990,0.8,17.0,0.0,5.0,7.0,5.0,0.0,17.0,0.0,0.0,,0.0,,9.0,38.0,7.0,0.0,0.0,0.0,0.0,1.0,11.0,1.0,Matches
466,450,Nico Williams,FW,es Spain,21-352,2002,1.6,70.0,0.0,3.0,18.0,52.0,7.0,70.0,15.0,6.0,40.0,8.0,53.3,51.0,385.0,256.0,11.0,5.0,3.0,4.0,7.0,56.0,19.0,Matches
468,451,Patrick Wimmer,"FW,MF",at Austria,23-029,2001,1.5,66.0,3.0,5.0,34.0,30.0,2.0,66.0,6.0,2.0,33.3,4.0,66.7,44.0,228.0,121.0,5.0,3.0,0.0,1.0,4.0,41.0,10.0,Matches
469,452,Jonas Wind,FW,dk Denmark,25-142,1999,2.0,87.0,0.0,1.0,44.0,42.0,13.0,87.0,3.0,0.0,0.0,2.0,66.7,67.0,170.0,81.0,0.0,1.0,0.0,3.0,3.0,77.0,19.0,Matches
470,453,Florian Wirtz,FW,de Germany,21-056,2003,2.2,161.0,1.0,12.0,71.0,81.0,6.0,161.0,6.0,4.0,66.7,2.0,33.3,106.0,692.0,346.0,13.0,11.0,4.0,3.0,3.0,131.0,23.0,Matches
471,454,Maximilian Wöber,DF,at Austria,26-145,1998,1.6,107.0,9.0,45.0,58.0,4.0,1.0,107.0,0.0,0.0,,0.0,,78.0,487.0,292.0,1.0,3.0,0.0,3.0,0.0,74.0,0.0,Matches
472,455,Granit Xhaka,MF,ch Switzerland,31-275,1992,3.0,212.0,13.0,64.0,106.0,43.0,5.0,212.0,2.0,1.0,50.0,0.0,0.0,135.0,570.0,284.0,4.0,4.0,1.0,3.0,1.0,142.0,5.0,Matches
473,456,Lamine Yamal,FW,es Spain,16-351,2007,1.9,85.0,1.0,3.0,28.0,56.0,11.0,85.0,18.0,8.0,44.4,7.0,38.9,57.0,469.0,278.0,15.0,6.0,4.0,5.0,2.0,56.0,13.0,Matches
474,457,Roman Yaremchuk,FW,ua Ukraine,28-214,1995,1.3,43.0,1.0,3.0,19.0,21.0,7.0,43.0,2.0,2.0,100.0,0.0,0.0,33.0,208.0,89.0,3.0,2.0,0.0,5.0,1.0,38.0,11.0,Matches
475,458,Andriy Yarmolenko,"FW,MF",ua Ukraine,34-249,1989,1.2,58.0,0.0,7.0,22.0,29.0,4.0,58.0,1.0,0.0,0.0,0.0,0.0,35.0,190.0,129.0,4.0,3.0,0.0,0.0,0.0,40.0,11.0,Matches
476,459,Yusuf Yazıcı,"MF,FW",tr Türkiye,27-151,1997,0.6,26.0,0.0,4.0,12.0,10.0,2.0,26.0,1.0,1.0,100.0,0.0,0.0,16.0,60.0,35.0,0.0,1.0,0.0,3.0,0.0,20.0,2.0,Matches
477,460,Kenan Yıldız,FW,tr Türkiye,19-055,2005,2.1,98.0,0.0,4.0,26.0,70.0,11.0,98.0,12.0,5.0,41.7,6.0,50.0,64.0,390.0,238.0,10.0,4.0,5.0,2.0,0.0,81.0,18.0,Matches
478,461,Okay Yokuşlu,MF,tr Türkiye,30-111,1994,0.3,20.0,1.0,4.0,14.0,2.0,0.0,20.0,0.0,0.0,,0.0,,13.0,98.0,39.0,0.0,1.0,0.0,0.0,0.0,15.0,0.0,Matches
479,462,İsmail Yüksek,MF,tr Türkiye,25-154,1999,1.1,84.0,3.0,17.0,51.0,17.0,0.0,84.0,0.0,0.0,,0.0,,52.0,215.0,76.0,1.0,3.0,0.0,1.0,0.0,62.0,2.0,Matches
480,463,Illia Zabarnyi,DF,ua Ukraine,21-301,2002,3.0,221.0,21.0,116.0,104.0,3.0,0.0,221.0,1.0,1.0,100.0,0.0,0.0,159.0,1005.0,719.0,0.0,2.0,0.0,5.0,1.0,167.0,0.0,Matches
481,464,Mattia Zaccagni,"DF,FW",it Italy,29-012,1995,0.4,21.0,0.0,3.0,7.0,11.0,2.0,21.0,2.0,1.0,50.0,1.0,50.0,13.0,57.0,45.0,1.0,1.0,0.0,0.0,1.0,13.0,5.0,Matches
482,465,Nicola Zalewski,DF,pl Poland,22-157,2002,2.7,128.0,7.0,34.0,55.0,44.0,3.0,128.0,12.0,6.0,50.0,4.0,33.3,67.0,627.0,367.0,11.0,4.0,2.0,2.0,1.0,80.0,9.0,Matches
483,466,Piotr Zieliński,MF,pl Poland,30-039,1994,2.8,171.0,2.0,39.0,78.0,56.0,2.0,171.0,7.0,3.0,42.9,3.0,42.9,104.0,862.0,500.0,16.0,11.0,1.0,1.0,2.0,125.0,11.0,Matches
484,467,Oleksandr Zinchenko,DF,ua Ukraine,27-196,1996,2.4,179.0,8.0,58.0,89.0,35.0,0.0,179.0,1.0,1.0,100.0,0.0,0.0,111.0,463.0,260.0,3.0,5.0,0.0,1.0,1.0,117.0,6.0,Matches
485,468,Andrija Živković,DF,rs Serbia,27-353,1996,2.7,160.0,4.0,38.0,66.0,57.0,2.0,160.0,5.0,2.0,40.0,3.0,60.0,110.0,595.0,283.0,8.0,5.0,1.0,2.0,1.0,109.0,16.0,Matches
486,469,Budu Zivzivadze,MF,ge Georgia,30-110,1994,0.1,3.0,0.0,0.0,1.0,2.0,2.0,3.0,0.0,0.0,,0.0,,3.0,6.0,3.0,0.0,0.0,0.0,1.0,0.0,3.0,1.0,Matches
487,470,Martín Zubimendi,MF,es Spain,25-147,1999,1.1,94.0,2.0,22.0,53.0,19.0,0.0,94.0,0.0,0.0,,0.0,,53.0,294.0,145.0,2.0,3.0,0.0,0.0,0.0,73.0,1.0,Matches
488,471,Oleksandr Zubkov,FW,ua Ukraine,27-330,1996,0.3,12.0,1.0,2.0,4.0,6.0,2.0,12.0,0.0,0.0,,0.0,,5.0,12.0,2.0,0.0,0.0,0.0,0.0,0.0,6.0,1.0,Matches
