,Rk,Player,Pos,Squad,Age,Born,90s,Gls,Sh,SoT,SoT%,Sh/90,SoT/90,G/Sh,G/SoT,Dist,FK,PK,PKatt,xG,npxG,npxG/Sh,G-xG,np:G-xG,Matches
0,1,Che Adams,FW,sct Scotland,27,1996,2.3,0,2,1,50.0,0.86,0.43,0.0,0.0,14.1,0,0,0,0.1,0.1,0.06,-0.1,-0.1,Matches
1,2,Michel Aebischer,DF,ch Switzerland,27,1997,5.3,1,2,1,50.0,0.38,0.19,0.5,1.0,21.7,0,0,0,0.1,0.1,0.05,0.9,0.9,Matches
2,3,Arlind Ajeti,DF,al Albania,30,1993,3.0,0,0,0,,0.0,0.0,,,,0,0,0,0.0,0.0,,0.0,0.0,Matches
3,4,Manuel Akanji,DF,ch Switzerland,28,1995,5.3,0,0,0,,0.0,0.0,,,,0,0,0,0.0,0.0,,0.0,0.0,Matches
4,5,Samet Akaydın,DF,tr Türkiye,29,1994,3.7,1,2,1,50.0,0.54,0.27,0.5,1.0,5.2,0,0,0,0.4,0.4,0.18,0.6,0.6,Matches
5,6,Nathan Aké,DF,nl Netherlands,28,1995,5.2,0,2,0,0.0,0.38,0.0,0.0,,10.0,0,0,0,0.1,0.1,0.06,-0.1,-0.1,Matches
6,7,Yunus Akgün,FW,tr Türkiye,23,2000,0.8,0,0,0,,0.0,0.0,,,,0,0,0,0.0,0.0,,0.0,0.0,Matches
7,8,Kerem Aktürkoğlu,"FW,MF",tr Türkiye,25,1998,1.2,1,6,2,33.3,5.14,1.71,0.17,0.5,12.0,0,0,0,1.4,1.4,0.24,-0.4,-0.4,Matches
8,9,Trent Alexander-Arnold,"MF,DF",eng England,25,1998,1.5,0,4,1,25.0,2.69,0.67,0.0,0.0,28.6,1,0,0,0.1,0.1,0.03,-0.1,-0.1,Matches
9,10,Denis Alibec,FW,ro Romania,33,1991,0.3,0,1,0,0.0,3.1,0.0,0.0,,14.1,0,0,0,0.3,0.3,0.34,-0.3,-0.3,Matches
10,11,Barış Alper Yılmaz,FW,tr Türkiye,23,2000,5.0,0,4,3,75.0,0.8,0.6,0.0,0.0,15.5,0,0,0,0.4,0.4,0.1,-0.4,-0.4,Matches
11,12,Sandro Altunashvili,MF,ge Georgia,26,1997,0.6,0,0,0,,0.0,0.0,,,,0,0,0,0.0,0.0,,0.0,0.0,Matches
12,13,Zeki Amdouni,"MF,FW",ch Switzerland,23,2000,0.6,0,2,1,50.0,3.16,1.58,0.0,0.0,13.5,0,0,0,0.2,0.2,0.1,-0.2,-0.2,Matches
13,14,Joachim Andersen,DF,dk Denmark,27,1996,4.0,0,3,0,0.0,0.75,0.0,0.0,,9.0,0,0,0,0.2,0.2,0.05,-0.2,-0.2,Matches
14,15,Robert Andrich,MF,de Germany,29,1994,3.5,0,7,2,28.6,1.98,0.57,0.0,0.0,21.3,0,0,0,0.3,0.3,0.04,-0.3,-0.3,Matches
15,16,Waldemar Anton,DF,de Germany,27,1996,0.4,0,0,0,,0.0,0.0,,,,0,0,0,0.0,0.0,,0.0,0.0,Matches
16,17,Stuart Armstrong,MF,sct Scotland,31,1992,0.2,0,0,0,,0.0,0.0,,,,0,0,0,0.0,0.0,,0.0,0.0,Matches
17,18,Marko Arnautović,FW,at Austria,34,1989,3.1,1,3,2,66.7,0.97,0.65,0.0,0.0,19.4,0,1,1,1.7,0.9,0.29,-0.7,-0.9,Matches
18,19,Jasir Asani,FW,al Albania,28,1995,2.3,0,4,1,25.0,1.71,0.43,0.0,0.0,25.7,0,0,0,0.1,0.1,0.01,-0.1,-0.1,Matches
19,20,Kristjan Asllani,MF,al Albania,21,2002,3.0,0,8,3,37.5,2.67,1.0,0.0,0.0,23.9,1,0,0,0.6,0.6,0.07,-0.6,-0.6,Matches
20,21,Kaan Ayhan,"MF,DF",tr Türkiye,29,1994,4.0,0,3,0,0.0,0.75,0.0,0.0,,15.6,0,0,0,0.3,0.3,0.1,-0.3,-0.3,Matches
21,22,Alex Baena,"MF,FW",es Spain,22,2001,0.3,0,0,0,,0.0,0.0,,,,0,0,0,0.0,0.0,,0.0,0.0,Matches
22,23,Alexander Bah,"DF,MF",dk Denmark,26,1997,3.1,0,2,0,0.0,0.64,0.0,0.0,,14.4,0,0,0,0.4,0.4,0.19,-0.4,-0.4,Matches
23,24,Nedim Bajrami,"FW,MF",al Albania,24,1999,2.7,1,3,1,33.3,1.1,0.37,0.33,1.0,15.5,0,0,0,0.1,0.1,0.05,0.9,0.9,Matches
24,25,Johan Bakayoko,"FW,DF",be Belgium,20,2003,0.5,0,3,0,0.0,5.63,0.0,0.0,,16.0,0,0,0,0.6,0.6,0.22,-0.6,-0.6,Matches
26,26,Jure Balkovec,DF,si Slovenia,29,1994,1.3,0,0,0,,0.0,0.0,,,,0,0,0,0.0,0.0,,0.0,0.0,Matches
27,27,Iván Balliu,DF,al Albania,32,1992,1.0,0,0,0,,0.0,0.0,,,,0,0,0,0.0,0.0,,0.0,0.0,Matches
28,28,Nicușor Bancu,DF,ro Romania,31,1992,3.0,0,0,0,,0.0,0.0,,,,0,0,0,0.0,0.0,,0.0,0.0,Matches
29,29,Antonín Barák,MF,cz Czechia,29,1994,0.5,0,0,0,,0.0,0.0,,,,0,0,0,0.0,0.0,,0.0,0.0,Matches
30,30,Bradley Barcola,"FW,MF",fr France,21,2002,1.1,0,2,1,50.0,1.75,0.87,0.0,0.0,9.9,0,0,0,0.1,0.1,0.07,-0.1,-0.1,Matches
31,31,Abdülkerim Bardakcı,DF,tr Türkiye,29,1994,4.0,0,2,0,0.0,0.5,0.0,0.0,,8.9,0,0,0,0.3,0.3,0.13,-0.3,-0.3,Matches
32,32,Nicolò Barella,MF,it Italy,26,1997,3.7,1,1,1,100.0,0.27,0.27,1.0,1.0,21.7,0,0,0,0.1,0.1,0.09,0.9,0.9,Matches
33,33,Alessandro Bastoni,DF,it Italy,24,1999,4.0,1,3,2,66.7,0.75,0.5,0.33,0.5,6.4,0,0,0,0.5,0.5,0.17,0.5,0.5,Matches
34,34,Martin Baturina,FW,hr Croatia,20,2003,0.1,0,1,1,100.0,12.86,12.86,0.0,0.0,13.3,0,0,0,0.1,0.1,0.07,-0.1,-0.1,Matches
35,35,Christoph Baumgartner,"MF,FW",at Austria,24,1999,3.2,1,8,4,50.0,2.49,1.25,0.13,0.25,11.5,0,0,0,1.8,1.8,0.22,-0.8,-0.8,Matches
36,36,Altay Bayındır,GK,tr Türkiye,25,1998,1.0,0,0,0,,0.0,0.0,,,,0,0,0,0.0,0.0,,0.0,0.0,Matches
37,37,Jan Bednarek,DF,pl Poland,27,1996,3.0,0,1,0,0.0,0.33,0.0,0.0,,11.5,0,0,0,0.2,0.2,0.16,-0.2,-0.2,Matches
38,38,Maximilian Beier,FW,de Germany,21,2002,0.3,0,0,0,,0.0,0.0,,,,0,0,0,0.0,0.0,,0.0,0.0,Matches
39,39,Jude Bellingham,"MF,FW",eng England,20,2003,7.4,2,6,3,50.0,0.81,0.4,0.33,0.67,13.7,0,0,0,0.6,0.6,0.11,1.4,1.4,Matches
40,40,László Bénes,MF,sk Slovakia,26,1997,0.8,0,1,0,0.0,1.27,0.0,0.0,,16.3,0,0,0,0.1,0.1,0.1,-0.1,-0.1,Matches
41,41,Bartosz Bereszyński,DF,pl Poland,31,1992,0.1,0,0,0,,0.0,0.0,,,,0,0,0,0.0,0.0,,0.0,0.0,Matches
42,42,Steven Bergwijn,FW,nl Netherlands,26,1997,1.0,0,1,0,0.0,1.0,0.0,0.0,,31.7,0,0,0,0.0,0.0,0.02,0.0,0.0,Matches
43,43,Medon Berisha,MF,al Albania,20,2003,0.2,0,1,0,0.0,4.29,0.0,0.0,,26.6,0,0,0,0.0,0.0,0.03,0.0,0.0,Matches
44,44,Victor Bernth Kristiansen,"DF,MF",dk Denmark,21,2002,1.7,0,1,0,0.0,0.58,0.0,0.0,,20.2,0,0,0,0.0,0.0,0.03,0.0,0.0,Matches
45,45,Matúš Bero,"MF,DF",sk Slovakia,28,1995,0.5,0,1,0,0.0,2.2,0.0,0.0,,26.6,0,0,0,0.0,0.0,0.03,0.0,0.0,Matches
46,46,Jaka Bijol,DF,si Slovenia,24,1999,4.3,0,1,0,0.0,0.23,0.0,0.0,,7.1,0,0,0,0.0,0.0,0.01,0.0,0.0,Matches
47,47,Veljko Birmančević,DF,rs Serbia,25,1998,0.3,0,1,0,0.0,3.46,0.0,0.0,,24.6,0,0,0,0.0,0.0,0.02,0.0,0.0,Matches
48,48,Daley Blind,FW,nl Netherlands,33,1990,0.0,0,0,0,,0.0,0.0,,,,0,0,0,0.0,0.0,,0.0,0.0,Matches
49,49,Bendegúz Bolla,DF,hu Hungary,24,1999,2.3,0,3,1,33.3,1.32,0.44,0.0,0.0,22.3,0,0,0,0.1,0.1,0.02,-0.1,-0.1,Matches
50,50,Endre Botka,DF,hu Hungary,29,1994,1.0,0,0,0,,0.0,0.0,,,,0,0,0,0.0,0.0,,0.0,0.0,Matches
52,51,Jarrod Bowen,FW,eng England,27,1996,0.4,0,0,0,,0.0,0.0,,,,0,0,0,0.0,0.0,,0.0,0.0,Matches
53,52,Róbert Boženík,FW,sk Slovakia,24,1999,2.3,0,3,1,33.3,1.3,0.43,0.0,0.0,17.7,0,0,0,0.1,0.1,0.04,-0.1,-0.1,Matches
54,53,Volodymyr Brazhko,MF,ua Ukraine,22,2002,2.0,0,2,1,50.0,0.99,0.49,0.0,0.0,30.6,0,0,0,0.0,0.0,0.02,0.0,0.0,Matches
55,54,David Brekalo,MF,si Slovenia,25,1998,0.0,0,0,0,,0.0,0.0,,,,0,0,0,0.0,0.0,,0.0,0.0,Matches
56,55,Brian Brobbey,FW,nl Netherlands,21,2002,0.0,0,0,0,,0.0,0.0,,,,0,0,0,0.0,0.0,,0.0,0.0,Matches
57,56,Armando Broja,FW,al Albania,22,2001,1.2,0,2,2,100.0,1.67,1.67,0.0,0.0,13.8,0,0,0,0.2,0.2,0.11,-0.2,-0.2,Matches
58,57,Marcelo Brozović,MF,hr Croatia,31,1992,2.5,0,3,2,66.7,1.2,0.8,0.0,0.0,24.8,0,0,0,0.1,0.1,0.05,-0.1,-0.1,Matches
59,58,Jacob Bruun Larsen,FW,dk Denmark,25,1998,0.1,0,0,0,,0.0,0.0,,,,0,0,0,0.0,0.0,,0.0,0.0,Matches
60,59,Ante Budimir,FW,hr Croatia,32,1991,1.4,0,5,3,60.0,3.69,2.21,0.0,0.0,9.3,0,0,0,0.8,0.5,0.1,-0.8,-0.5,Matches
61,60,Adam Buksa,FW,pl Poland,27,1996,1.7,1,3,1,33.3,1.81,0.6,0.33,1.0,12.8,0,0,0,0.2,0.2,0.05,0.8,0.8,Matches
62,61,Andrei Burcă,DF,ro Romania,30,1993,4.0,0,1,0,0.0,0.25,0.0,0.0,,9.0,0,0,0,0.1,0.1,0.08,-0.1,-0.1,Matches
63,62,Riccardo Calafiori,DF,it Italy,21,2002,3.0,0,3,0,0.0,1.0,0.0,0.0,,11.1,0,0,0,0.3,0.3,0.1,-0.3,-0.3,Matches
64,63,Hakan Çalhanoğlu,MF,tr Türkiye,29,1994,3.9,1,10,2,20.0,2.54,0.51,0.1,0.5,22.4,1,0,0,0.4,0.4,0.04,0.6,0.6,Matches
65,64,Eduardo Camavinga,MF,fr France,21,2002,1.9,0,2,0,0.0,1.07,0.0,0.0,,17.2,0,0,0,0.3,0.3,0.14,-0.3,-0.3,Matches
66,65,Andrea Cambiaso,"FW,DF",it Italy,23,2000,0.8,0,0,0,,0.0,0.0,,,,0,0,0,0.0,0.0,,0.0,0.0,Matches
67,66,Emre Can,MF,de Germany,30,1994,1.1,1,1,1,100.0,0.88,0.88,1.0,1.0,23.3,0,0,0,0.0,0.0,0.04,1.0,1.0,Matches
68,67,João Cancelo,"DF,MF",pt Portugal,29,1994,3.8,0,2,0,0.0,0.52,0.0,0.0,,15.6,0,0,0,0.1,0.1,0.04,-0.1,-0.1,Matches
69,68,Yannick Carrasco,"DF,FW",be Belgium,30,1993,2.4,0,6,1,16.7,2.48,0.41,0.0,0.0,17.0,0,0,0,0.3,0.3,0.06,-0.3,-0.3,Matches
70,69,Dani Carvajal,DF,es Spain,32,1992,5.2,1,2,2,100.0,0.38,0.38,0.5,0.5,7.4,0,0,0,0.5,0.5,0.26,0.5,0.5,Matches
71,70,Timothy Castagne,DF,be Belgium,28,1995,4.0,0,0,0,,0.0,0.0,,,,0,0,0,0.0,0.0,,0.0,0.0,Matches
72,71,Koen Casteels,GK,be Belgium,31,1992,4.0,0,0,0,,0.0,0.0,,,,0,0,0,0.0,0.0,,0.0,0.0,Matches
73,72,Žan Celar,"FW,MF",si Slovenia,24,1999,0.7,0,1,0,0.0,1.34,0.0,0.0,,28.4,0,0,0,0.0,0.0,0.03,0.0,0.0,Matches
74,73,Zeki Çelik,"DF,MF",tr Türkiye,26,1997,1.2,0,1,0,0.0,0.86,0.0,0.0,,11.2,0,0,0,0.2,0.2,0.2,-0.2,-0.2,Matches
75,74,Václav Černý,MF,cz Czechia,26,1997,0.6,0,2,1,50.0,3.33,1.67,0.0,0.0,14.0,0,0,0,0.5,0.5,0.24,-0.5,-0.5,Matches
76,75,Giorgi Chakvetadze,"MF,FW",ge Georgia,24,1999,2.7,0,2,0,0.0,0.74,0.0,0.0,,20.0,0,0,0,0.1,0.1,0.03,-0.1,-0.1,Matches
78,76,Federico Chiesa,"FW,MF",it Italy,26,1997,2.9,0,8,0,0.0,2.74,0.0,0.0,,19.6,0,0,0,0.2,0.2,0.02,-0.2,-0.2,Matches
79,77,Tomáš Chorý,MF,cz Czechia,29,1995,0.4,0,1,0,0.0,2.5,0.0,0.0,,4.9,0,0,0,0.4,0.4,0.4,-0.4,-0.4,Matches
80,78,Andreas Christensen,DF,dk Denmark,27,1996,3.9,0,4,0,0.0,1.03,0.0,0.0,,17.6,0,0,0,0.5,0.5,0.11,-0.5,-0.5,Matches
81,79,Ryan Christie,"MF,FW",sct Scotland,28,1995,1.1,0,0,0,,0.0,0.0,,,,0,0,0,0.0,0.0,,0.0,0.0,Matches
82,80,Mojmir Chytil,FW,cz Czechia,24,1999,1.2,0,2,0,0.0,1.68,0.0,0.0,,11.1,0,0,0,0.2,0.2,0.09,-0.2,-0.2,Matches
83,81,Alexandru Cicâldău,MF,ro Romania,26,1997,0.2,0,0,0,,0.0,0.0,,,,0,0,0,0.0,0.0,,0.0,0.0,Matches
84,82,Florinel Coman,MF,ro Romania,25,1998,1.3,0,2,1,50.0,1.53,0.76,0.0,0.0,24.2,0,0,0,0.1,0.1,0.04,-0.1,-0.1,Matches
85,83,Kingsley Coman,MF,fr France,27,1996,0.2,0,0,0,,0.0,0.0,,,,0,0,0,0.0,0.0,,0.0,0.0,Matches
86,84,Francisco Conceição,"FW,MF",pt Portugal,21,2002,2.0,1,5,1,20.0,2.47,0.49,0.2,1.0,14.5,0,0,0,0.9,0.9,0.18,0.1,0.1,Matches
87,85,Diogo Costa,GK,pt Portugal,24,1999,5.7,0,0,0,,0.0,0.0,,,,0,0,0,0.0,0.0,,0.0,0.0,Matches
88,86,Vladimír Coufal,"DF,FW",cz Czechia,31,1992,3.0,0,0,0,,0.0,0.0,,,,0,0,0,0.0,0.0,,0.0,0.0,Matches
89,87,Bryan Cristante,MF,it Italy,28,1995,1.5,0,2,1,50.0,1.35,0.68,0.0,0.0,18.7,0,0,0,0.1,0.1,0.04,-0.1,-0.1,Matches
90,88,Kevin Csoboth,DF,hu Hungary,23,2000,0.1,1,2,1,50.0,20.0,10.0,0.5,1.0,11.9,0,0,0,0.6,0.6,0.31,0.4,0.4,Matches
91,89,Marc Cucurella,DF,es Spain,25,1998,6.1,0,1,1,100.0,0.17,0.17,0.0,0.0,24.4,0,0,0,0.0,0.0,0.02,0.0,0.0,Matches
92,90,Mirlind Daku,FW,al Albania,26,1998,0.1,0,1,0,0.0,15.0,0.0,0.0,,10.9,0,0,0,0.1,0.1,0.11,-0.1,-0.1,Matches
93,91,Diogo Dalot,"DF,MF",pt Portugal,24,1999,1.7,0,3,1,33.3,1.78,0.59,0.0,0.0,21.8,0,0,0,0.1,0.1,0.02,-0.1,-0.1,Matches
94,92,Mikkel Damsgaard,FW,dk Denmark,23,2000,0.4,0,1,1,100.0,2.65,2.65,0.0,0.0,25.5,0,0,0,0.0,0.0,0.01,0.0,0.0,Matches
95,93,Kevin Danso,DF,at Austria,25,1998,2.4,0,1,0,0.0,0.42,0.0,0.0,,10.9,0,0,0,0.0,0.0,0.04,0.0,0.0,Matches
96,94,Márton Dárdai,DF,hu Hungary,21,2002,1.9,0,1,0,0.0,0.51,0.0,0.0,,9.6,0,0,0,0.1,0.1,0.07,-0.1,-0.1,Matches
97,95,Matteo Darmian,DF,it Italy,34,1989,1.8,0,0,0,,0.0,0.0,,,,0,0,0,0.0,0.0,,0.0,0.0,Matches
98,96,Zuriko Davitashvili,"FW,MF",ge Georgia,22,2001,1.3,0,2,0,0.0,1.57,0.0,0.0,,12.6,0,0,0,0.1,0.1,0.04,-0.1,-0.1,Matches
99,97,Paweł Dawidowicz,DF,pl Poland,28,1995,2.0,0,1,0,0.0,0.5,0.0,0.0,,9.1,0,0,0,0.1,0.1,0.1,-0.1,-0.1,Matches
100,98,Kevin De Bruyne,MF,be Belgium,32,1991,4.0,1,11,5,45.5,2.75,1.25,0.09,0.2,20.4,1,0,0,0.9,0.9,0.08,0.1,0.1,Matches
101,99,Charles De Ketelaere,FW,be Belgium,22,2001,0.0,0,0,0,,0.0,0.0,,,,0,0,0,0.0,0.0,,0.0,0.0,Matches
102,100,Zeno Debast,DF,be Belgium,20,2003,1.2,0,0,0,,0.0,0.0,,,,0,0,0,0.0,0.0,,0.0,0.0,Matches
104,101,Thomas Delaney,MF,dk Denmark,32,1991,0.9,0,1,0,0.0,1.07,0.0,0.0,,3.8,0,0,0,0.1,0.1,0.11,-0.1,-0.1,Matches
105,102,Ousmane Dembélé,"FW,MF",fr France,26,1997,4.0,0,8,1,12.5,1.99,0.25,0.0,0.0,19.4,0,0,0,0.5,0.5,0.07,-0.5,-0.5,Matches
106,103,Merih Demiral,DF,tr Türkiye,25,1998,2.3,2,3,2,66.7,1.3,0.87,0.67,1.0,4.0,0,0,0,0.7,0.7,0.24,1.3,1.3,Matches
107,104,Giovanni Di Lorenzo,"DF,FW",it Italy,30,1993,4.0,0,2,0,0.0,0.5,0.0,0.0,,5.9,0,0,0,0.2,0.2,0.08,-0.2,-0.2,Matches
108,105,Rúben Dias,DF,pt Portugal,26,1997,4.7,0,2,0,0.0,0.43,0.0,0.0,,17.5,0,0,0,0.1,0.1,0.05,-0.1,-0.1,Matches
109,106,Federico Dimarco,"DF,FW",it Italy,26,1997,2.5,0,2,1,50.0,0.79,0.39,0.0,0.0,23.5,0,0,0,0.0,0.0,0.02,0.0,0.0,Matches
110,107,Berat Djimsiti,DF,al Albania,30,1993,3.0,0,2,0,0.0,0.67,0.0,0.0,,14.9,0,0,0,0.1,0.1,0.05,-0.1,-0.1,Matches
111,108,Jeremy Doku,"FW,MF",be Belgium,21,2002,3.6,0,5,1,20.0,1.41,0.28,0.0,0.0,16.4,0,0,0,0.2,0.2,0.04,-0.2,-0.2,Matches
112,109,Kasper Dolberg,FW,dk Denmark,26,1997,0.4,0,0,0,,0.0,0.0,,,,0,0,0,0.0,0.0,,0.0,0.0,Matches
113,110,Gianluigi Donnarumma,GK,it Italy,24,1999,4.0,0,0,0,,0.0,0.0,,,,0,0,0,0.0,0.0,,0.0,0.0,Matches
114,111,David Doudera,FW,cz Czechia,25,1998,1.0,0,0,0,,0.0,0.0,,,,0,0,0,0.0,0.0,,0.0,0.0,Matches
115,112,Artem Dovbyk,FW,ua Ukraine,26,1997,2.7,0,6,0,0.0,2.2,0.0,0.0,,14.9,0,0,0,0.6,0.6,0.11,-0.6,-0.6,Matches
116,113,Denis Drăguș,FW,ro Romania,24,1999,3.2,1,5,2,40.0,1.55,0.62,0.2,0.5,15.6,0,0,0,1.1,1.1,0.21,-0.1,-0.1,Matches
117,114,Radu Drăgușin,DF,ro Romania,21,2002,4.0,0,3,1,33.3,0.75,0.25,0.0,0.0,17.4,0,0,0,0.2,0.2,0.08,-0.2,-0.2,Matches
118,115,Vanja Drkušič,DF,si Slovenia,24,1999,4.3,0,0,0,,0.0,0.0,,,,0,0,0,0.0,0.0,,0.0,0.0,Matches
119,116,Kwadwo Duah,FW,ch Switzerland,26,1997,1.2,1,4,3,75.0,3.36,2.52,0.25,0.33,16.0,0,0,0,0.7,0.7,0.18,0.3,0.3,Matches
120,117,Martin Dúbravka,GK,sk Slovakia,35,1989,4.3,0,0,0,,0.0,0.0,,,,0,0,0,0.0,0.0,,0.0,0.0,Matches
121,118,Ondrej Duda,MF,sk Slovakia,29,1994,3.5,1,2,1,50.0,0.57,0.28,0.5,1.0,15.6,0,0,0,0.3,0.3,0.13,0.7,0.7,Matches
122,119,Denzel Dumfries,DF,nl Netherlands,27,1996,5.0,0,4,0,0.0,0.8,0.0,0.0,,10.8,0,0,0,0.3,0.3,0.07,-0.3,-0.3,Matches
123,120,Dávid Ďuriš,"FW,MF",sk Slovakia,24,1999,0.3,0,0,0,,0.0,0.0,,,,0,0,0,0.0,0.0,,0.0,0.0,Matches
124,121,Lasha Dvali,DF,ge Georgia,28,1995,4.0,0,0,0,,0.0,0.0,,,,0,0,0,0.0,0.0,,0.0,0.0,Matches
125,122,Timi Elšnik,MF,si Slovenia,25,1998,4.0,0,3,0,0.0,0.75,0.0,0.0,,19.2,0,0,0,0.3,0.3,0.1,-0.3,-0.3,Matches
126,123,Breel Embolo,FW,ch Switzerland,26,1997,3.3,2,8,4,50.0,2.43,1.22,0.25,0.5,13.6,0,0,0,2.1,2.1,0.27,-0.1,-0.1,Matches
127,124,Christian Eriksen,"MF,FW",dk Denmark,31,1992,3.9,1,12,2,16.7,3.1,0.52,0.08,0.5,19.1,1,0,0,1.3,1.3,0.11,-0.3,-0.3,Matches
128,125,Eberechi Eze,"DF,MF",eng England,25,1998,1.1,0,2,0,0.0,1.76,0.0,0.0,,21.2,0,0,0,0.1,0.1,0.04,-0.1,-0.1,Matches
130,126,Wout Faes,DF,be Belgium,25,1998,4.0,0,0,0,,0.0,0.0,,,,0,0,0,0.0,0.0,,0.0,0.0,Matches
131,127,Nicolò Fagioli,MF,it Italy,22,2001,1.1,0,1,0,0.0,0.95,0.0,0.0,,28.7,0,0,0,0.0,0.0,0.02,0.0,0.0,Matches
132,128,João Félix,"MF,FW",pt Portugal,24,1999,1.2,0,4,1,25.0,3.43,0.86,0.0,0.0,20.0,0,0,0,0.1,0.1,0.04,-0.1,-0.1,Matches
133,129,Bruno Fernandes,MF,pt Portugal,29,1994,4.2,1,10,2,20.0,2.41,0.48,0.1,0.5,22.7,1,0,0,1.2,1.2,0.12,-0.2,-0.2,Matches
134,130,Attila Fiola,DF,hu Hungary,33,1990,2.0,0,0,0,,0.0,0.0,,,,0,0,0,0.0,0.0,,0.0,0.0,Matches
135,131,Phil Foden,"FW,MF",eng England,23,2000,6.9,0,13,4,30.8,1.9,0.58,0.0,0.0,23.0,2,0,0,0.6,0.6,0.04,-0.6,-0.6,Matches
136,132,Youssouf Fofana,MF,fr France,25,1999,0.5,0,1,0,0.0,2.2,0.0,0.0,,26.2,0,0,0,0.0,0.0,0.03,0.0,0.0,Matches
137,133,Michael Folorunsho,FW,it Italy,25,1998,0.0,0,0,0,,0.0,0.0,,,,0,0,0,0.0,0.0,,0.0,0.0,Matches
138,134,Przemysław Frankowski,DF,pl Poland,28,1995,3.0,0,0,0,,0.0,0.0,,,,0,0,0,0.0,0.0,,0.0,0.0,Matches
139,135,Davide Frattesi,MF,it Italy,24,1999,2.1,0,2,1,50.0,0.97,0.49,0.0,0.0,11.3,0,0,0,0.3,0.3,0.13,-0.3,-0.3,Matches
140,136,Remo Freuler,MF,ch Switzerland,31,1992,5.1,1,3,1,33.3,0.59,0.2,0.33,1.0,20.8,0,0,0,0.3,0.3,0.09,0.7,0.7,Matches
141,137,Jeremie Frimpong,FW,nl Netherlands,23,2000,1.0,0,2,1,50.0,2.09,1.05,0.0,0.0,15.5,0,0,0,0.1,0.1,0.03,-0.1,-0.1,Matches
142,138,Chris Führich,FW,de Germany,26,1998,0.2,0,1,0,0.0,4.74,0.0,0.0,,13.4,0,0,0,0.0,0.0,0.04,0.0,0.0,Matches
143,139,Niclas Füllkrug,FW,de Germany,30,1993,1.8,2,9,3,33.3,4.88,1.63,0.22,0.67,11.2,0,0,0,1.0,1.0,0.12,1.0,1.0,Matches
144,140,Mijat Gaćinović,DF,rs Serbia,28,1995,0.5,0,1,0,0.0,2.0,0.0,0.0,,16.3,0,0,0,0.1,0.1,0.06,-0.1,-0.1,Matches
145,141,Cody Gakpo,FW,nl Netherlands,24,1999,5.8,3,13,8,61.5,2.24,1.38,0.23,0.38,15.9,0,0,0,1.1,1.1,0.08,1.9,1.9,Matches
146,142,Conor Gallagher,MF,eng England,23,2000,1.3,0,0,0,,0.0,0.0,,,,0,0,0,0.0,0.0,,0.0,0.0,Matches
147,143,Dániel Gazdag,MF,hu Hungary,27,1996,0.0,0,0,0,,0.0,0.0,,,,0,0,0,0.0,0.0,,0.0,0.0,Matches
148,144,Lutsharel Geertruida,DF,nl Netherlands,23,2000,1.2,0,0,0,,0.0,0.0,,,,0,0,0,0.0,0.0,,0.0,0.0,Matches
149,145,Billy Gilmour,MF,sct Scotland,22,2001,2.0,0,2,0,0.0,0.98,0.0,0.0,,20.0,0,0,0,0.0,0.0,0.02,0.0,0.0,Matches
150,146,Olivier Giroud,FW,fr France,37,1986,0.7,0,2,0,0.0,3.05,0.0,0.0,,12.0,0,0,0,0.2,0.2,0.08,-0.2,-0.2,Matches
151,147,Klaus Gjasula,MF,al Albania,34,1989,0.2,1,2,1,50.0,9.47,4.74,0.5,1.0,18.0,0,0,0,0.3,0.3,0.15,0.7,0.7,Matches
152,148,Adam Gnezda Čerin,MF,si Slovenia,24,1999,4.3,0,4,1,25.0,0.92,0.23,0.0,0.0,22.1,0,0,0,0.3,0.3,0.06,-0.3,-0.3,Matches
153,149,Anthony Gordon,FW,eng England,22,2001,0.0,0,0,0,,0.0,0.0,,,,0,0,0,0.0,0.0,,0.0,0.0,Matches
154,150,Jon Gorenc Stanković,MF,si Slovenia,28,1996,1.0,0,1,0,0.0,0.96,0.0,0.0,,21.2,0,0,0,0.0,0.0,0.03,0.0,0.0,Matches
156,151,Michael Gregoritsch,FW,at Austria,29,1994,1.4,1,4,2,50.0,2.86,1.43,0.25,0.5,8.7,0,0,0,0.9,0.9,0.24,0.1,0.1,Matches
157,152,Antoine Griezmann,"MF,FW",fr France,32,1991,4.4,0,12,4,33.3,2.74,0.91,0.0,0.0,18.5,1,0,0,2.0,2.0,0.16,-2.0,-2.0,Matches
158,153,Florian Grillitsch,MF,at Austria,28,1995,2.2,0,5,2,40.0,2.32,0.93,0.0,0.0,21.8,0,0,0,0.2,0.2,0.04,-0.2,-0.2,Matches
159,154,Álex Grimaldo,DF,es Spain,28,1995,1.3,0,0,0,,0.0,0.0,,,,0,0,0,0.0,0.0,,0.0,0.0,Matches
160,155,Pascal Groß,MF,de Germany,32,1991,0.5,0,1,0,0.0,2.0,0.0,0.0,,23.5,0,0,0,0.0,0.0,0.03,0.0,0.0,Matches
161,156,Kamil Grosicki,MF,pl Poland,35,1988,0.2,0,1,0,0.0,5.63,0.0,0.0,,7.2,0,0,0,0.3,0.3,0.29,-0.3,-0.3,Matches
162,157,Nemanja Gudelj,MF,rs Serbia,32,1991,1.0,0,0,0,,0.0,0.0,,,,0,0,0,0.0,0.0,,0.0,0.0,Matches
163,158,Marc Guéhi,DF,eng England,23,2000,6.3,0,2,0,0.0,0.32,0.0,0.0,,7.4,0,0,0,0.2,0.2,0.08,-0.2,-0.2,Matches
164,159,Péter Gulácsi,GK,hu Hungary,33,1990,3.0,0,0,0,,0.0,0.0,,,,0,0,0,0.0,0.0,,0.0,0.0,Matches
165,160,Arda Güler,"FW,MF",tr Türkiye,18,2005,3.8,1,9,1,11.1,2.38,0.26,0.11,1.0,32.5,1,0,0,0.3,0.3,0.03,0.7,0.7,Matches
166,161,İlkay Gündoğan,MF,de Germany,33,1990,4.3,1,7,2,28.6,1.64,0.47,0.14,0.5,14.4,0,0,0,0.8,0.8,0.11,0.2,0.2,Matches
167,162,Angus Gunn,GK,sct Scotland,28,1996,3.0,0,0,0,,0.0,0.0,,,,0,0,0,0.0,0.0,,0.0,0.0,Matches
168,163,Mert Günok,GK,tr Türkiye,34,1989,4.0,0,0,0,,0.0,0.0,,,,0,0,0,0.0,0.0,,0.0,0.0,Matches
169,164,Joško Gvardiol,DF,hr Croatia,22,2002,3.0,0,2,0,0.0,0.67,0.0,0.0,,15.4,0,0,0,0.1,0.1,0.05,-0.1,-0.1,Matches
170,165,Giorgi Gwelesiani,DF,ge Georgia,32,1991,1.8,0,0,0,,0.0,0.0,,,,0,0,0,0.0,0.0,,0.0,0.0,Matches
171,166,Norbert Gyömbér,DF,sk Slovakia,31,1992,0.4,0,0,0,,0.0,0.0,,,,0,0,0,0.0,0.0,,0.0,0.0,Matches
172,167,Ianis Hagi,MF,ro Romania,25,1998,2.1,0,2,0,0.0,0.96,0.0,0.0,,21.8,0,0,0,0.1,0.1,0.07,-0.1,-0.1,Matches
173,168,Dávid Hancko,DF,sk Slovakia,26,1997,4.1,0,4,2,50.0,0.98,0.49,0.0,0.0,15.4,1,0,0,0.2,0.2,0.06,-0.2,-0.2,Matches
174,169,Grant Hanley,DF,sct Scotland,32,1991,2.5,0,1,0,0.0,0.4,0.0,0.0,,5.6,0,0,0,0.2,0.2,0.23,-0.2,-0.2,Matches
175,170,Lukáš Haraslín,FW,sk Slovakia,27,1996,2.9,0,8,4,50.0,2.73,1.36,0.0,0.0,17.6,0,0,0,0.5,0.5,0.06,-0.5,-0.5,Matches
176,171,Kai Havertz,"FW,MF",de Germany,24,1999,4.3,2,17,9,52.9,3.93,2.08,0.0,0.0,14.6,1,2,2,4.1,2.5,0.15,-2.1,-2.5,Matches
177,172,Jack Hendry,DF,sct Scotland,28,1995,2.9,0,1,0,0.0,0.34,0.0,0.0,,13.1,0,0,0,0.0,0.0,0.03,0.0,0.0,Matches
178,173,Benjamin Henrichs,DF,de Germany,26,1997,0.1,0,1,0,0.0,9.0,0.0,0.0,,25.2,0,0,0,0.0,0.0,0.02,0.0,0.0,Matches
179,174,Theo Hernández,DF,fr France,26,1997,6.3,0,4,2,50.0,0.63,0.32,0.0,0.0,16.3,0,0,0,0.4,0.4,0.1,-0.4,-0.4,Matches
180,175,Morten Hjulmand,MF,dk Denmark,24,1999,2.7,1,5,2,40.0,1.84,0.73,0.2,0.5,29.3,0,0,0,0.1,0.1,0.03,0.9,0.9,Matches
182,176,Adam Hložek,MF,cz Czechia,21,2002,1.2,0,4,4,100.0,3.33,3.33,0.0,0.0,16.0,0,0,0,0.5,0.5,0.14,-0.5,-0.5,Matches
183,177,Tomáš Holeš,DF,cz Czechia,30,1993,3.0,0,1,0,0.0,0.33,0.0,0.0,,32.1,0,0,0,0.0,0.0,0.02,0.0,0.0,Matches
184,178,Arbër Hoxha,"FW,MF",al Albania,25,1998,0.6,0,2,1,50.0,3.6,1.8,0.0,0.0,18.5,0,0,0,0.1,0.1,0.05,-0.1,-0.1,Matches
185,179,Robin Hranáč,DF,cz Czechia,24,2000,3.0,0,2,0,0.0,0.67,0.0,0.0,,9.8,0,0,0,0.3,0.3,0.16,-0.3,-0.3,Matches
186,180,Elseid Hysaj,DF,al Albania,29,1994,2.0,0,2,0,0.0,1.0,0.0,0.0,,21.3,0,0,0,0.1,0.1,0.04,-0.1,-0.1,Matches
187,181,Pierre Højbjerg,MF,dk Denmark,28,1995,3.9,0,7,4,57.1,1.78,1.02,0.0,0.0,24.9,0,0,0,0.2,0.2,0.03,-0.2,-0.2,Matches
188,182,Rasmus Højlund,FW,dk Denmark,20,2003,3.2,0,6,4,66.7,1.89,1.26,0.0,0.0,13.1,0,0,0,0.7,0.7,0.11,-0.7,-0.7,Matches
189,183,Ivan Ilić,MF,rs Serbia,22,2001,2.2,0,2,0,0.0,0.9,0.0,0.0,,26.6,0,0,0,0.0,0.0,0.02,0.0,0.0,Matches
190,184,Josip Iličić,"FW,MF",si Slovenia,36,1988,0.3,0,1,0,0.0,2.9,0.0,0.0,,27.4,1,0,0,0.0,0.0,0.05,0.0,0.0,Matches
191,185,Gonçalo Inácio,DF,pt Portugal,22,2001,1.3,0,1,0,0.0,0.76,0.0,0.0,,9.5,0,0,0,0.1,0.1,0.09,-0.1,-0.1,Matches
192,186,Luka Ivanušec,MF,hr Croatia,25,1998,0.2,0,0,0,,0.0,0.0,,,,0,0,0,0.0,0.0,,0.0,0.0,Matches
193,187,Erik Janža,DF,si Slovenia,30,1993,3.0,1,3,1,33.3,1.0,0.33,0.33,1.0,27.2,0,0,0,0.0,0.0,0.01,1.0,1.0,Matches
194,188,Jorginho,MF,it Italy,32,1991,2.4,0,0,0,,0.0,0.0,,,,0,0,0,0.0,0.0,,0.0,0.0,Matches
195,189,Joselu,FW,es Spain,33,1990,1.0,0,3,0,0.0,3.0,0.0,0.0,,12.6,0,0,0,0.2,0.2,0.06,-0.2,-0.2,Matches
196,190,Diogo Jota,"FW,MF",pt Portugal,27,1996,1.1,0,2,1,50.0,1.8,0.9,0.0,0.0,8.6,0,0,0,0.7,0.7,0.33,-0.7,-0.7,Matches
197,191,Luka Jović,"MF,FW",rs Serbia,26,1997,1.1,1,1,1,100.0,0.88,0.88,1.0,1.0,6.0,0,0,0,0.2,0.2,0.19,0.8,0.8,Matches
198,192,Josip Juranović,DF,hr Croatia,28,1995,1.0,0,0,0,,0.0,0.0,,,,0,0,0,0.0,0.0,,0.0,0.0,Matches
199,193,David Jurásek,DF,cz Czechia,23,2000,1.8,0,4,2,50.0,2.25,1.13,0.0,0.0,25.5,0,0,0,0.3,0.3,0.07,-0.3,-0.3,Matches
200,194,Matěj Jurásek,"DF,MF",cz Czechia,20,2003,0.5,0,4,2,50.0,7.83,3.91,0.0,0.0,25.7,0,0,0,0.1,0.1,0.02,-0.1,-0.1,Matches
201,195,Ferdi Kadioglu,"DF,MF",tr Türkiye,24,1999,5.0,0,2,0,0.0,0.4,0.0,0.0,,29.3,0,0,0,0.1,0.1,0.03,-0.1,-0.1,Matches
202,196,İrfan Kahveci,FW,tr Türkiye,28,1995,0.1,0,0,0,,0.0,0.0,,,,0,0,0,0.0,0.0,,0.0,0.0,Matches
203,197,Otar Kakabadze,"DF,MF",ge Georgia,28,1995,4.0,0,1,0,0.0,0.25,0.0,0.0,,22.3,0,0,0,0.0,0.0,0.02,0.0,0.0,Matches
204,198,Harry Kane,FW,eng England,30,1993,6.7,3,17,5,29.4,2.55,0.75,0.12,0.4,15.9,0,1,1,2.8,2.1,0.12,0.2,-0.1,Matches
205,199,N'Golo Kanté,MF,fr France,32,1991,5.7,0,5,2,40.0,0.88,0.35,0.0,0.0,23.4,0,0,0,0.1,0.1,0.03,-0.1,-0.1,Matches
206,200,Žan Karničnik,DF,si Slovenia,29,1994,4.3,1,3,1,33.3,0.69,0.23,0.33,1.0,21.3,0,0,0,0.5,0.5,0.18,0.5,0.5,Matches
208,201,Guram Kashia,DF,ge Georgia,36,1987,4.0,0,0,0,,0.0,0.0,,,,0,0,0,0.0,0.0,,0.0,0.0,Matches
209,202,Milos Kerkez,DF,hu Hungary,20,2003,2.6,0,0,0,,0.0,0.0,,,,0,0,0,0.0,0.0,,0.0,0.0,Matches
210,203,Semih Kılıçsoy,FW,tr Türkiye,18,2005,0.0,0,1,1,100.0,45.0,45.0,0.0,0.0,8.5,0,0,0,0.2,0.2,0.21,-0.2,-0.2,Matches
211,204,Joshua Kimmich,DF,de Germany,28,1995,5.3,0,7,2,28.6,1.31,0.37,0.0,0.0,25.9,0,0,0,0.4,0.4,0.06,-0.4,-0.4,Matches
212,205,Otar Kiteishvili,MF,ge Georgia,27,1996,1.4,0,0,0,,0.0,0.0,,,,0,0,0,0.0,0.0,,0.0,0.0,Matches
213,206,Jakub Kiwior,DF,pl Poland,23,2000,3.0,0,2,2,100.0,0.67,0.67,0.0,0.0,14.0,0,0,0,0.1,0.1,0.07,-0.1,-0.1,Matches
214,207,László Kleinheisler,MF,hu Hungary,29,1994,0.6,0,0,0,,0.0,0.0,,,,0,0,0,0.0,0.0,,0.0,0.0,Matches
215,208,Giorgi Kochorashvili,MF,ge Georgia,24,1999,4.0,0,5,0,0.0,1.25,0.0,0.0,,25.7,0,0,0,0.3,0.3,0.07,-0.3,-0.3,Matches
216,209,Orkun Kökçü,MF,tr Türkiye,23,2000,2.5,0,6,2,33.3,2.44,0.81,0.0,0.0,26.2,0,0,0,1.0,1.0,0.16,-1.0,-1.0,Matches
217,210,Randal Kolo Muani,FW,fr France,25,1998,2.2,1,3,1,33.3,1.34,0.45,0.33,1.0,10.8,0,0,0,0.8,0.8,0.25,0.2,0.2,Matches
218,211,Yukhym Konoplia,DF,ua Ukraine,24,1999,0.8,0,0,0,,0.0,0.0,,,,0,0,0,0.0,0.0,,0.0,0.0,Matches
219,212,Ezri Konsa,DF,eng England,26,1997,1.0,0,0,0,,0.0,0.0,,,,0,0,0,0.0,0.0,,0.0,0.0,Matches
220,213,Filip Kostić,DF,rs Serbia,31,1992,0.5,0,0,0,,0.0,0.0,,,,0,0,0,0.0,0.0,,0.0,0.0,Matches
221,214,Jules Koundé,DF,fr France,25,1998,6.3,0,1,0,0.0,0.16,0.0,0.0,,14.9,0,0,0,0.2,0.2,0.15,-0.2,-0.2,Matches
222,215,Mateo Kovačić,MF,hr Croatia,29,1994,2.5,0,6,3,50.0,2.42,1.21,0.0,0.0,20.2,0,0,0,0.5,0.5,0.08,-0.5,-0.5,Matches
223,216,Matej Kovar,GK,cz Czechia,23,2000,0.4,0,0,0,,0.0,0.0,,,,0,0,0,0.0,0.0,,0.0,0.0,Matches
224,217,Andrej Kramarić,FW,hr Croatia,32,1991,2.7,1,4,2,50.0,1.48,0.74,0.25,0.5,16.3,0,0,0,0.7,0.7,0.19,0.3,0.3,Matches
225,218,Ladislav Krejčí,DF,cz Czechia,24,1999,3.0,0,5,1,20.0,1.67,0.33,0.0,0.0,15.3,0,0,0,0.3,0.3,0.07,-0.3,-0.3,Matches
226,219,Toni Kroos,MF,de Germany,34,1990,5.2,0,3,1,33.3,0.58,0.19,0.0,0.0,26.0,1,0,0,0.2,0.2,0.06,-0.2,-0.2,Matches
227,220,Jan Kuchta,FW,cz Czechia,27,1997,1.1,0,0,0,,0.0,0.0,,,,0,0,0,0.0,0.0,,0.0,0.0,Matches
228,221,Juraj Kucka,MF,sk Slovakia,36,1987,3.9,0,8,2,25.0,2.06,0.51,0.0,0.0,17.8,1,0,0,0.4,0.4,0.05,-0.4,-0.4,Matches
229,222,Jasmin Kurtić,FW,si Slovenia,35,1989,0.0,0,0,0,,0.0,0.0,,,,0,0,0,0.0,0.0,,0.0,0.0,Matches
230,223,Khvicha Kvaratskhelia,FW,ge Georgia,22,2001,3.8,1,6,2,33.3,1.58,0.53,0.17,0.5,24.2,0,0,0,1.0,1.0,0.17,0.0,0.0,Matches
231,224,Nika Kvekveskiri,MF,ge Georgia,31,1992,0.1,0,0,0,,0.0,0.0,,,,0,0,0,0.0,0.0,,0.0,0.0,Matches
232,225,Giorgi Kvilitaia,FW,ge Georgia,30,1993,0.0,0,0,0,,0.0,0.0,,,,0,0,0,0.0,0.0,,0.0,0.0,Matches
234,226,Saba Kvirkvelia,DF,ge Georgia,31,1992,2.0,0,0,0,,0.0,0.0,,,,0,0,0,0.0,0.0,,0.0,0.0,Matches
235,227,Qazim Laçi,"MF,FW",al Albania,28,1996,1.8,1,1,1,100.0,0.55,0.55,1.0,1.0,8.0,0,0,0,0.3,0.3,0.34,0.7,0.7,Matches
236,228,Konrad Laimer,"MF,FW",at Austria,26,1997,3.0,0,2,0,0.0,0.67,0.0,0.0,,13.4,0,0,0,0.5,0.5,0.26,-0.5,-0.5,Matches
237,229,Ádám Lang,DF,hu Hungary,31,1993,0.5,0,0,0,,0.0,0.0,,,,0,0,0,0.0,0.0,,0.0,0.0,Matches
238,230,Aymeric Laporte,DF,es Spain,29,1994,5.8,0,5,1,20.0,0.86,0.17,0.0,0.0,17.3,0,0,0,0.2,0.2,0.05,-0.2,-0.2,Matches
239,231,Robin Le Normand,DF,es Spain,27,1996,4.9,0,3,0,0.0,0.61,0.0,0.0,,8.2,0,0,0,0.3,0.3,0.11,-0.3,-0.3,Matches
240,232,Rafael Leão,FW,pt Portugal,24,1999,3.2,0,3,0,0.0,0.94,0.0,0.0,,13.5,0,0,0,0.2,0.2,0.07,-0.2,-0.2,Matches
241,233,Robert Lewandowski,FW,pl Poland,35,1988,1.3,1,4,0,0.0,2.98,0.0,0.0,,24.4,0,1,1,1.0,0.2,0.04,0.0,-0.2,Matches
242,234,Philipp Lienhart,DF,at Austria,27,1996,2.4,0,2,0,0.0,0.84,0.0,0.0,,11.3,0,0,0,0.3,0.3,0.13,-0.3,-0.3,Matches
243,235,Ondřej Lingr,"MF,FW",cz Czechia,25,1998,0.9,0,5,1,20.0,5.42,1.08,0.0,0.0,10.9,0,0,0,0.5,0.5,0.09,-0.5,-0.5,Matches
244,236,Dominik Livaković,GK,hr Croatia,29,1995,3.0,0,0,0,,0.0,0.0,,,,0,0,0,0.0,0.0,,0.0,0.0,Matches
245,237,Stanislav Lobotka,MF,sk Slovakia,29,1994,4.3,0,1,1,100.0,0.23,0.23,0.0,0.0,31.1,0,0,0,0.0,0.0,0.03,0.0,0.0,Matches
246,238,Saba Lobzhanidze,FW,ge Georgia,29,1994,0.1,0,1,0,0.0,10.0,0.0,0.0,,13.9,0,0,0,0.2,0.2,0.18,-0.2,-0.2,Matches
247,239,Luka Lochoshvili,"DF,MF",ge Georgia,25,1998,1.9,0,1,0,0.0,0.53,0.0,0.0,,10.0,0,0,0,0.1,0.1,0.06,-0.1,-0.1,Matches
248,240,Fermin López,MF,es Spain,20,2003,0.3,0,2,0,0.0,6.21,0.0,0.0,,26.8,0,0,0,0.1,0.1,0.03,-0.1,-0.1,Matches
249,241,Romelu Lukaku,FW,be Belgium,30,1993,4.0,0,11,8,72.7,2.76,2.01,0.0,0.0,11.3,0,0,0,1.7,1.7,0.15,-1.7,-1.7,Matches
250,242,Dodi Lukebakio,"FW,DF",be Belgium,26,1997,0.7,0,3,1,33.3,4.15,1.38,0.0,0.0,15.2,0,0,0,0.2,0.2,0.08,-0.2,-0.2,Matches
251,243,Saša Lukić,MF,rs Serbia,27,1996,2.3,0,1,0,0.0,0.43,0.0,0.0,,17.3,0,0,0,0.1,0.1,0.08,-0.1,-0.1,Matches
252,244,Andriy Lunin,GK,ua Ukraine,24,1999,1.0,0,0,0,,0.0,0.0,,,,0,0,0,0.0,0.0,,0.0,0.0,Matches
253,245,Mike Maignan,GK,fr France,28,1995,6.3,0,0,0,,0.0,0.0,,,,0,0,0,0.0,0.0,,0.0,0.0,Matches
254,246,Kobbie Mainoo,MF,eng England,18,2005,4.1,0,5,0,0.0,1.22,0.0,0.0,,20.2,0,0,0,0.3,0.3,0.06,-0.3,-0.3,Matches
255,247,Lovro Majer,"FW,MF",hr Croatia,26,1998,1.6,0,2,0,0.0,1.23,0.0,0.0,,9.6,0,0,0,0.2,0.2,0.09,-0.2,-0.2,Matches
256,248,Donyell Malen,FW,nl Netherlands,25,1999,2.1,2,6,2,33.3,2.84,0.95,0.33,1.0,11.5,0,0,0,1.9,1.9,0.31,0.1,0.1,Matches
257,249,Ruslan Malinovskyi,MF,ua Ukraine,30,1993,0.4,0,1,0,0.0,2.57,0.0,0.0,,24.1,0,0,0,0.1,0.1,0.07,-0.1,-0.1,Matches
258,250,Giorgi Mamardashvili,GK,ge Georgia,23,2000,4.0,0,0,0,,0.0,0.0,,,,0,0,0,0.0,0.0,,0.0,0.0,Matches
260,251,Dennis Man,MF,ro Romania,25,1998,3.0,0,6,3,50.0,2.03,1.02,0.0,0.0,20.4,0,0,0,0.3,0.3,0.05,-0.3,-0.3,Matches
261,252,Rey Manaj,FW,al Albania,26,1997,1.7,0,3,1,33.3,1.73,0.58,0.0,0.0,10.4,0,0,0,0.4,0.4,0.12,-0.4,-0.4,Matches
262,253,Gianluca Mancini,DF,it Italy,27,1996,1.0,0,0,0,,0.0,0.0,,,,0,0,0,0.0,0.0,,0.0,0.0,Matches
263,254,Orel Mangala,MF,be Belgium,25,1998,1.5,0,0,0,,0.0,0.0,,,,0,0,0,0.0,0.0,,0.0,0.0,Matches
264,255,Marius Marin,MF,ro Romania,25,1998,3.4,0,0,0,,0.0,0.0,,,,0,0,0,0.0,0.0,,0.0,0.0,Matches
265,256,Răzvan Marin,MF,ro Romania,27,1996,3.9,2,5,2,40.0,1.27,0.51,0.2,0.5,31.9,1,1,1,0.9,0.1,0.03,1.1,0.9,Matches
266,257,Ádám Martin,"FW,DF",hu Hungary,29,1994,0.5,0,0,0,,0.0,0.0,,,,0,0,0,0.0,0.0,,0.0,0.0,Matches
267,258,Mykola Matviyenko,DF,ua Ukraine,27,1996,3.0,0,0,0,,0.0,0.0,,,,0,0,0,0.0,0.0,,0.0,0.0,Matches
268,259,Kylian Mbappé,FW,fr France,25,1998,5.2,1,23,8,34.8,4.46,1.55,0.0,0.0,17.4,1,1,1,2.9,2.1,0.09,-1.9,-2.1,Matches
269,260,John McGinn,"MF,FW",sct Scotland,29,1994,2.6,0,0,0,,0.0,0.0,,,,0,0,0,0.0,0.0,,0.0,0.0,Matches
270,261,Callum McGregor,MF,sct Scotland,30,1993,2.7,0,3,0,0.0,1.1,0.0,0.0,,20.2,0,0,0,0.1,0.1,0.05,-0.1,-0.1,Matches
271,262,Scott McKenna,DF,sct Scotland,27,1996,1.5,0,2,0,0.0,1.34,0.0,0.0,,14.2,0,0,0,0.0,0.0,0.02,0.0,0.0,Matches
272,263,Kenny McLean,MF,sct Scotland,32,1992,0.5,0,1,1,100.0,2.05,2.05,0.0,0.0,24.9,0,0,0,0.0,0.0,0.01,0.0,0.0,Matches
273,264,Scott McTominay,MF,sct Scotland,27,1996,3.0,1,4,1,25.0,1.33,0.33,0.25,1.0,14.2,0,0,0,0.3,0.3,0.07,0.7,0.7,Matches
274,265,Anzor Mekvabishvili,MF,ge Georgia,22,2001,2.1,0,2,1,50.0,0.96,0.48,0.0,0.0,25.6,0,0,0,0.1,0.1,0.06,-0.1,-0.1,Matches
275,266,Memphis,"FW,MF",nl Netherlands,29,1994,5.1,1,17,3,17.6,3.35,0.59,0.06,0.33,16.8,2,0,0,2.0,2.0,0.12,-1.0,-1.0,Matches
276,267,Nuno Mendes,DF,pt Portugal,21,2002,4.7,0,3,2,66.7,0.64,0.43,0.0,0.0,19.3,0,0,0,0.2,0.2,0.06,-0.2,-0.2,Matches
277,268,Mikel Merino,"MF,FW",es Spain,27,1996,2.0,1,3,2,66.7,1.48,0.99,0.33,0.5,10.7,0,0,0,0.6,0.6,0.2,0.4,0.4,Matches
278,269,Valentin Mihaila,MF,ro Romania,23,2000,1.3,0,4,0,0.0,3.13,0.0,0.0,,21.5,0,0,0,0.1,0.1,0.03,-0.1,-0.1,Matches
279,270,Srđan Mijailović,DF,rs Serbia,30,1993,0.8,0,0,0,,0.0,0.0,,,,0,0,0,0.0,0.0,,0.0,0.0,Matches
280,271,Georges Mikautadze,FW,ge Georgia,23,2000,3.8,3,4,1,25.0,1.04,0.26,0.25,1.0,19.9,0,2,2,2.3,0.7,0.17,0.7,0.3,Matches
281,272,Nikola Milenković,DF,rs Serbia,26,1997,3.0,0,0,0,,0.0,0.0,,,,0,0,0,0.0,0.0,,0.0,0.0,Matches
282,273,Sergej Milinković-Savić,MF,rs Serbia,28,1995,1.3,0,3,1,33.3,2.23,0.74,0.0,0.0,19.1,0,0,0,0.2,0.2,0.08,-0.2,-0.2,Matches
283,274,Mario Mitaj,DF,al Albania,20,2003,3.0,0,1,0,0.0,0.33,0.0,0.0,,22.2,0,0,0,0.0,0.0,0.04,0.0,0.0,Matches
284,275,Aleksandar Mitrović,FW,rs Serbia,29,1994,2.7,0,10,2,20.0,3.75,0.75,0.0,0.0,10.9,0,0,0,1.2,1.2,0.12,-1.2,-1.2,Matches
286,276,Maximilian Mittelstädt,DF,de Germany,26,1997,3.4,0,5,0,0.0,1.48,0.0,0.0,,22.2,0,0,0,0.1,0.1,0.03,-0.1,-0.1,Matches
287,277,Filip Mladenović,DF,rs Serbia,32,1991,1.2,0,0,0,,0.0,0.0,,,,0,0,0,0.0,0.0,,0.0,0.0,Matches
288,278,Jan Mlakar,MF,si Slovenia,25,1998,3.3,0,2,1,50.0,0.61,0.31,0.0,0.0,16.4,0,0,0,0.1,0.1,0.06,-0.1,-0.1,Matches
289,279,Jakub Moder,MF,pl Poland,24,1999,2.0,0,4,1,25.0,2.0,0.5,0.0,0.0,19.7,0,0,0,0.6,0.6,0.16,-0.6,-0.6,Matches
290,280,Luka Modrić,MF,hr Croatia,38,1985,2.6,1,4,1,25.0,1.55,0.39,0.25,1.0,24.1,0,0,1,1.0,0.1,0.02,0.0,0.9,Matches
291,281,Vasile Mogos,DF,ro Romania,31,1992,0.4,0,0,0,,0.0,0.0,,,,0,0,0,0.0,0.0,,0.0,0.0,Matches
292,282,Álvaro Morata,FW,es Spain,31,1992,5.0,1,14,4,28.6,2.81,0.8,0.07,0.25,16.4,0,0,0,1.4,1.4,0.1,-0.4,-0.4,Matches
293,283,Lewis Morgan,DF,sct Scotland,27,1996,0.0,0,1,0,0.0,45.0,0.0,0.0,,16.5,0,0,0,0.0,0.0,0.04,0.0,0.0,Matches
294,284,Ernest Muçi,FW,al Albania,22,2001,0.2,0,0,0,,0.0,0.0,,,,0,0,0,0.0,0.0,,0.0,0.0,Matches
295,285,Mykhailo Mudryk,"FW,MF",ua Ukraine,23,2001,1.9,0,6,2,33.3,3.1,1.03,0.0,0.0,19.4,0,0,0,0.4,0.4,0.07,-0.4,-0.4,Matches
296,286,Mert Müldür,"DF,MF",tr Türkiye,24,1999,3.8,1,3,2,66.7,0.78,0.52,0.33,0.5,17.4,0,0,0,0.6,0.6,0.18,0.4,0.4,Matches
297,287,Thomas Müller,"MF,FW",de Germany,34,1989,0.6,0,1,0,0.0,1.55,0.0,0.0,,7.7,0,0,0,0.4,0.4,0.37,-0.4,-0.4,Matches
298,288,Jamal Musiala,FW,de Germany,20,2003,4.7,3,10,4,40.0,2.15,0.86,0.3,0.75,18.6,0,0,0,1.0,1.0,0.1,2.0,2.0,Matches
299,289,Phillipp Mwene,DF,at Austria,30,1994,2.2,0,0,0,,0.0,0.0,,,,0,0,0,0.0,0.0,,0.0,0.0,Matches
300,290,Vitaliy Mykolenko,DF,ua Ukraine,24,1999,0.6,0,0,0,,0.0,0.0,,,,0,0,0,0.0,0.0,,0.0,0.0,Matches
301,291,Joakim Mæhle,"DF,MF",dk Denmark,26,1997,3.1,0,1,0,0.0,0.32,0.0,0.0,,11.2,0,0,0,0.1,0.1,0.12,-0.1,-0.1,Matches
302,292,Nacho,DF,es Spain,34,1990,2.9,0,0,0,,0.0,0.0,,,,0,0,0,0.0,0.0,,0.0,0.0,Matches
303,293,Ádám Nagy,MF,hu Hungary,28,1995,1.8,0,1,0,0.0,0.57,0.0,0.0,,30.2,0,0,0,0.0,0.0,0.02,0.0,0.0,Matches
304,294,Zsolt Nagy,DF,hu Hungary,30,1993,0.2,0,0,0,,0.0,0.0,,,,0,0,0,0.0,0.0,,0.0,0.0,Matches
305,295,Jesús Navas,DF,es Spain,38,1985,1.7,0,0,0,,0.0,0.0,,,,0,0,0,0.0,0.0,,0.0,0.0,Matches
306,296,Dan Ndoye,"MF,DF",ch Switzerland,23,2000,4.5,1,14,2,14.3,3.1,0.44,0.07,0.5,16.1,0,0,0,1.6,1.6,0.11,-0.6,-0.6,Matches
307,297,Pedro Neto,"DF,FW",pt Portugal,23,2000,1.3,0,0,0,,0.0,0.0,,,,0,0,0,0.0,0.0,,0.0,0.0,Matches
308,298,Manuel Neuer,GK,de Germany,37,1986,5.3,0,0,0,,0.0,0.0,,,,0,0,0,0.0,0.0,,0.0,0.0,Matches
309,299,João Neves,MF,pt Portugal,19,2004,0.9,0,1,0,0.0,1.17,0.0,0.0,,21.4,0,0,0,0.1,0.1,0.05,-0.1,-0.1,Matches
310,300,Rúben Neves,MF,pt Portugal,26,1997,1.4,0,2,0,0.0,1.44,0.0,0.0,,30.8,0,0,0,0.1,0.1,0.03,-0.1,-0.1,Matches
312,301,Florin Niță,GK,ro Romania,36,1987,4.0,0,0,0,,0.0,0.0,,,,0,0,0,0.0,0.0,,0.0,0.0,Matches
313,302,Matheus Nunes,MF,pt Portugal,25,1998,0.2,0,1,0,0.0,5.0,0.0,0.0,,9.5,0,0,0,0.3,0.3,0.25,-0.3,-0.3,Matches
314,303,Christian Nørgaard,MF,dk Denmark,29,1994,0.4,0,0,0,,0.0,0.0,,,,0,0,0,0.0,0.0,,0.0,0.0,Matches
315,304,Adam Obert,DF,sk Slovakia,21,2002,0.3,0,0,0,,0.0,0.0,,,,0,0,0,0.0,0.0,,0.0,0.0,Matches
316,305,Jan Oblak,GK,si Slovenia,31,1993,4.3,0,0,0,,0.0,0.0,,,,0,0,0,0.0,0.0,,0.0,0.0,Matches
317,306,Darius Olaru,MF,ro Romania,25,1998,0.3,0,0,0,,0.0,0.0,,,,0,0,0,0.0,0.0,,0.0,0.0,Matches
318,307,Dani Olmo,"MF,FW",es Spain,25,1998,4.8,3,17,6,35.3,3.54,1.25,0.18,0.5,21.0,0,0,0,1.7,1.7,0.1,1.3,1.3,Matches
319,308,Amadou Onana,MF,be Belgium,22,2001,4.0,0,3,1,33.3,0.75,0.25,0.0,0.0,16.8,0,0,0,0.1,0.1,0.04,-0.1,-0.1,Matches
320,309,Loïs Openda,FW,be Belgium,23,2000,0.8,0,0,0,,0.0,0.0,,,,0,0,0,0.0,0.0,,0.0,0.0,Matches
321,310,Willi Orban,DF,hu Hungary,31,1992,3.0,0,3,1,33.3,1.0,0.33,0.0,0.0,7.8,0,0,0,0.6,0.6,0.2,-0.6,-0.6,Matches
322,311,Mikel Oyarzabal,FW,es Spain,26,1997,2.2,1,6,3,50.0,2.69,1.34,0.17,0.33,18.2,0,0,0,0.9,0.9,0.15,0.1,0.1,Matches
323,312,Salih Özcan,MF,tr Türkiye,26,1998,1.7,0,1,0,0.0,0.58,0.0,0.0,,30.4,0,0,0,0.0,0.0,0.03,0.0,0.0,Matches
324,313,João Palhinha,MF,pt Portugal,28,1995,3.3,0,5,2,40.0,1.51,0.6,0.0,0.0,21.0,0,0,0,0.2,0.2,0.03,-0.2,-0.2,Matches
325,314,Cole Palmer,"MF,FW",eng England,21,2002,1.7,1,3,2,66.7,1.81,1.21,0.33,0.5,19.1,0,0,0,0.2,0.2,0.06,0.8,0.8,Matches
326,315,Mario Pašalić,"FW,MF",hr Croatia,28,1995,1.3,0,3,0,0.0,2.33,0.0,0.0,,7.0,0,0,0,0.4,0.4,0.12,-0.4,-0.4,Matches
327,316,Strahinja Pavlović,DF,rs Serbia,22,2001,3.0,0,0,0,,0.0,0.0,,,,0,0,0,0.0,0.0,,0.0,0.0,Matches
328,317,Pedri,MF,es Spain,21,2002,2.1,0,6,4,66.7,2.9,1.94,0.0,0.0,16.1,0,0,0,1.1,1.1,0.18,-1.1,-1.1,Matches
329,318,Peter Pekarík,DF,sk Slovakia,37,1986,4.2,0,3,0,0.0,0.72,0.0,0.0,,17.8,0,0,0,0.7,0.7,0.23,-0.7,-0.7,Matches
330,319,Lorenzo Pellegrini,"FW,MF",it Italy,27,1996,2.4,0,7,1,14.3,2.89,0.41,0.0,0.0,17.5,1,0,0,0.5,0.5,0.08,-0.5,-0.5,Matches
331,320,Patrick Pentz,GK,at Austria,27,1997,4.0,0,0,0,,0.0,0.0,,,,0,0,0,0.0,0.0,,0.0,0.0,Matches
332,321,Pepe,DF,pt Portugal,40,1983,4.5,0,1,0,0.0,0.22,0.0,0.0,,10.9,0,0,0,0.0,0.0,0.03,0.0,0.0,Matches
333,322,Danilo Pereira,DF,pt Portugal,32,1991,1.0,0,1,0,0.0,1.0,0.0,0.0,,4.1,0,0,0,0.1,0.1,0.12,-0.1,-0.1,Matches
334,323,Ayoze Pérez,FW,es Spain,30,1993,0.1,0,3,2,66.7,20.77,13.85,0.0,0.0,12.5,0,0,0,0.3,0.3,0.1,-0.3,-0.3,Matches
335,324,Ivan Perišić,"DF,FW",hr Croatia,34,1989,1.5,0,4,2,50.0,2.59,1.29,0.0,0.0,23.3,0,0,0,0.1,0.1,0.03,-0.1,-0.1,Matches
336,325,Bruno Petković,FW,hr Croatia,29,1994,1.0,0,3,0,0.0,3.1,0.0,0.0,,14.2,0,0,1,1.1,0.3,0.1,-1.1,-0.3,Matches
338,326,Krzysztof Piątek,FW,pl Poland,28,1995,0.7,1,2,1,50.0,3.05,1.53,0.5,1.0,16.9,0,0,0,0.5,0.5,0.27,0.5,0.5,Matches
339,327,Jordan Pickford,GK,eng England,29,1994,7.7,0,0,0,,0.0,0.0,,,,0,0,0,0.0,0.0,,0.0,0.0,Matches
340,328,Jakub Piotrowski,MF,pl Poland,26,1997,0.6,0,2,0,0.0,3.1,0.0,0.0,,7.9,0,0,0,0.2,0.2,0.08,-0.2,-0.2,Matches
341,329,Marin Pongračić,DF,hr Croatia,26,1997,2.0,0,0,0,,0.0,0.0,,,,0,0,0,0.0,0.0,,0.0,0.0,Matches
342,330,Ryan Porteous,DF,sct Scotland,24,1999,0.5,0,0,0,,0.0,0.0,,,,0,0,0,0.0,0.0,,0.0,0.0,Matches
343,331,Stefan Posch,DF,at Austria,26,1997,4.0,0,7,3,42.9,1.75,0.75,0.0,0.0,21.5,0,0,0,0.3,0.3,0.04,-0.3,-0.3,Matches
344,332,Yussuf Poulsen,"FW,MF",dk Denmark,29,1994,0.6,0,0,0,,0.0,0.0,,,,0,0,0,0.0,0.0,,0.0,0.0,Matches
345,333,Alexander Prass,DF,at Austria,22,2001,1.8,0,0,0,,0.0,0.0,,,,0,0,0,0.0,0.0,,0.0,0.0,Matches
346,334,Lukáš Provod,MF,cz Czechia,27,1996,2.6,1,3,3,100.0,1.16,1.16,0.33,0.33,25.7,0,0,0,0.1,0.1,0.04,0.9,0.9,Matches
347,335,George Pușcaș,FW,ro Romania,27,1996,0.4,0,0,0,,0.0,0.0,,,,0,0,0,0.0,0.0,,0.0,0.0,Matches
348,336,Leopold Querfeld,DF,at Austria,20,2003,0.3,0,0,0,,0.0,0.0,,,,0,0,0,0.0,0.0,,0.0,0.0,Matches
349,337,Adrien Rabiot,MF,fr France,28,1995,4.1,0,3,0,0.0,0.73,0.0,0.0,,19.9,0,0,0,0.3,0.3,0.1,-0.3,-0.3,Matches
350,338,Bogdan Racovitan,DF,ro Romania,23,2000,0.6,0,0,0,,0.0,0.0,,,,0,0,0,0.0,0.0,,0.0,0.0,Matches
351,339,Predrag Rajković,GK,rs Serbia,28,1995,3.0,0,0,0,,0.0,0.0,,,,0,0,0,0.0,0.0,,0.0,0.0,Matches
352,340,Anthony Ralston,DF,sct Scotland,25,1998,2.9,0,0,0,,0.0,0.0,,,,0,0,0,0.0,0.0,,0.0,0.0,Matches
353,341,Ylber Ramadani,MF,al Albania,27,1996,2.9,0,0,0,,0.0,0.0,,,,0,0,0,0.0,0.0,,0.0,0.0,Matches
354,342,Gonçalo Ramos,FW,pt Portugal,22,2001,0.3,0,1,0,0.0,3.6,0.0,0.0,,5.5,0,0,0,0.1,0.1,0.07,-0.1,-0.1,Matches
355,343,Giacomo Raspadori,FW,it Italy,23,2000,0.9,0,1,0,0.0,1.08,0.0,0.0,,29.3,1,0,0,0.1,0.1,0.08,-0.1,-0.1,Matches
356,344,Andrei Ratiu,DF,ro Romania,25,1998,4.0,0,3,3,100.0,0.75,0.75,0.0,0.0,18.9,0,0,0,0.1,0.1,0.04,-0.1,-0.1,Matches
357,345,David Raum,DF,de Germany,25,1998,1.8,0,1,0,0.0,0.54,0.0,0.0,,27.5,0,0,0,0.0,0.0,0.03,0.0,0.0,Matches
358,346,David Raya,GK,es Spain,28,1995,1.0,0,0,0,,0.0,0.0,,,,0,0,0,0.0,0.0,,0.0,0.0,Matches
359,347,Tijjani Reijnders,MF,nl Netherlands,25,1998,5.5,0,10,0,0.0,1.81,0.0,0.0,,21.3,0,0,0,0.7,0.7,0.07,-0.7,-0.7,Matches
360,348,Mateo Retegui,FW,it Italy,24,1999,1.7,0,4,1,25.0,2.37,0.59,0.0,0.0,15.3,0,0,0,0.2,0.2,0.06,-0.2,-0.2,Matches
361,349,Declan Rice,MF,eng England,25,1999,7.7,0,9,3,33.3,1.17,0.39,0.0,0.0,20.2,0,0,0,0.4,0.4,0.04,-0.4,-0.4,Matches
362,350,Fabian Rieder,MF,ch Switzerland,21,2002,2.4,0,1,1,100.0,0.41,0.41,0.0,0.0,28.1,1,0,0,0.0,0.0,0.03,0.0,0.0,Matches
364,351,Andrew Robertson,DF,sct Scotland,29,1994,3.0,0,0,0,,0.0,0.0,,,,0,0,0,0.0,0.0,,0.0,0.0,Matches
365,352,Rodri,MF,es Spain,27,1996,5.8,1,5,1,20.0,0.87,0.17,0.2,1.0,24.2,0,0,0,0.3,0.3,0.07,0.7,0.7,Matches
366,353,Ricardo Rodríguez,DF,ch Switzerland,31,1992,5.3,0,3,0,0.0,0.56,0.0,0.0,,27.2,0,0,0,0.1,0.1,0.02,-0.1,-0.1,Matches
367,354,Taras Romanchuk,MF,pl Poland,32,1991,0.6,0,0,0,,0.0,0.0,,,,0,0,0,0.0,0.0,,0.0,0.0,Matches
368,355,Cristiano Ronaldo,FW,pt Portugal,38,1985,5.4,0,22,9,40.9,4.08,1.67,0.0,0.0,17.3,7,0,1,3.6,2.8,0.13,-3.6,-2.8,Matches
369,356,Antonio Rüdiger,DF,de Germany,30,1993,5.3,0,4,1,25.0,0.75,0.19,0.0,0.0,21.5,0,0,0,0.2,0.2,0.05,-0.2,-0.2,Matches
370,357,Fabián Ruiz Peña,MF,es Spain,27,1996,6.0,2,17,6,35.3,2.83,1.0,0.12,0.33,21.2,0,0,0,1.7,1.7,0.1,0.3,0.3,Matches
371,358,Adrian Rus,MF,ro Romania,27,1996,0.2,0,0,0,,0.0,0.0,,,,0,0,0,0.0,0.0,,0.0,0.0,Matches
372,359,Marcel Sabitzer,"FW,MF",at Austria,29,1994,4.0,1,12,3,25.0,3.0,0.75,0.08,0.33,20.7,2,0,0,0.9,0.9,0.07,0.1,0.1,Matches
373,360,Bukayo Saka,"FW,DF",eng England,22,2001,7.0,1,8,1,12.5,1.14,0.14,0.13,1.0,18.2,0,0,0,0.4,0.4,0.05,0.6,0.6,Matches
374,361,Bartosz Salamon,DF,pl Poland,32,1991,0.9,0,1,0,0.0,1.06,0.0,0.0,,62.6,0,0,0,0.0,0.0,0.01,0.0,0.0,Matches
375,362,William Saliba,DF,fr France,22,2001,6.3,0,2,0,0.0,0.32,0.0,0.0,,15.6,0,0,0,0.1,0.1,0.05,-0.1,-0.1,Matches
376,363,Roland Sallai,MF,hu Hungary,26,1997,3.0,0,8,2,25.0,2.71,0.68,0.0,0.0,17.6,0,0,0,0.6,0.6,0.08,-0.6,-0.6,Matches
377,364,Lazar Samardzic,MF,rs Serbia,21,2002,0.6,0,1,0,0.0,1.67,0.0,0.0,,20.5,0,0,0,0.1,0.1,0.08,-0.1,-0.1,Matches
378,365,Leroy Sané,FW,de Germany,28,1996,2.3,0,7,3,42.9,3.03,1.3,0.0,0.0,21.7,1,0,0,0.4,0.4,0.06,-0.4,-0.4,Matches
379,366,Leo Sauer,FW,sk Slovakia,18,2005,0.1,0,0,0,,0.0,0.0,,,,0,0,0,0.0,0.0,,0.0,0.0,Matches
380,367,Gianluca Scamacca,FW,it Italy,25,1999,2.8,0,6,1,16.7,2.15,0.36,0.0,0.0,18.0,0,0,0,0.6,0.6,0.1,-0.6,-0.6,Matches
381,368,András Schäfer,MF,hu Hungary,24,1999,3.0,0,2,1,50.0,0.67,0.33,0.0,0.0,21.5,0,0,0,0.1,0.1,0.04,-0.1,-0.1,Matches
382,369,Fabian Schär,DF,ch Switzerland,32,1991,5.3,0,5,0,0.0,0.94,0.0,0.0,,17.6,0,0,0,0.2,0.2,0.05,-0.2,-0.2,Matches
383,370,Patrik Schick,FW,cz Czechia,28,1996,1.4,1,7,4,57.1,4.96,2.83,0.14,0.25,11.4,0,0,0,1.5,1.5,0.21,-0.5,-0.5,Matches
384,371,Nico Schlotterbeck,DF,de Germany,24,1999,1.3,0,2,1,50.0,1.5,0.75,0.0,0.0,9.8,0,0,0,0.1,0.1,0.03,-0.1,-0.1,Matches
385,372,Kasper Schmeichel,GK,dk Denmark,37,1986,4.0,0,0,0,,0.0,0.0,,,,0,0,0,0.0,0.0,,0.0,0.0,Matches
386,373,Romano Schmid,"FW,MF",at Austria,24,2000,1.6,1,1,1,100.0,0.62,0.62,1.0,1.0,10.1,0,0,0,0.1,0.1,0.13,0.9,0.9,Matches
387,374,Jerdy Schouten,MF,nl Netherlands,27,1997,5.6,0,1,0,0.0,0.18,0.0,0.0,,14.3,0,0,0,0.1,0.1,0.05,-0.1,-0.1,Matches
388,375,Ivan Schranz,FW,sk Slovakia,30,1993,3.7,3,5,4,80.0,1.36,1.09,0.6,0.75,10.3,0,0,0,1.0,1.0,0.21,2.0,2.0,Matches
390,376,Taulant Seferi,FW,al Albania,27,1996,1.0,0,1,1,100.0,0.96,0.96,0.0,0.0,29.5,0,0,0,0.0,0.0,0.02,0.0,0.0,Matches
391,377,Nicolas Seiwald,MF,at Austria,22,2001,4.0,0,1,1,100.0,0.25,0.25,0.0,0.0,28.0,0,0,0,0.0,0.0,0.04,0.0,0.0,Matches
392,378,Nélson Semedo,DF,pt Portugal,30,1993,1.1,0,2,1,50.0,1.8,0.9,0.0,0.0,17.4,0,0,0,0.2,0.2,0.1,-0.2,-0.2,Matches
393,379,Benjamin Šeško,FW,si Slovenia,20,2003,4.0,0,8,4,50.0,2.01,1.01,0.0,0.0,22.4,0,0,0,0.9,0.9,0.11,-0.9,-0.9,Matches
394,380,Petr Ševčík,MF,cz Czechia,29,1994,0.2,0,1,0,0.0,4.09,0.0,0.0,,16.8,0,0,0,0.1,0.1,0.12,-0.1,-0.1,Matches
395,381,Stephan El Shaarawy,FW,it Italy,31,1992,0.5,0,0,0,,0.0,0.0,,,,0,0,0,0.0,0.0,,0.0,0.0,Matches
396,382,Lawrence Shankland,FW,sct Scotland,28,1995,0.3,0,0,0,,0.0,0.0,,,,0,0,0,0.0,0.0,,0.0,0.0,Matches
397,383,Mykola Shaparenko,MF,ua Ukraine,25,1998,2.4,1,1,1,100.0,0.41,0.41,1.0,1.0,11.9,0,0,0,0.2,0.2,0.22,0.8,0.8,Matches
398,384,Xherdan Shaqiri,"MF,FW",ch Switzerland,32,1991,0.8,1,1,1,100.0,1.27,1.27,1.0,1.0,23.4,0,0,0,0.1,0.1,0.07,0.9,0.9,Matches
399,385,Luke Shaw,DF,eng England,28,1995,2.0,0,0,0,,0.0,0.0,,,,0,0,0,0.0,0.0,,0.0,0.0,Matches
400,386,Vincent Sierro,MF,ch Switzerland,28,1995,0.4,0,1,0,0.0,2.37,0.0,0.0,,31.0,0,0,0,0.0,0.0,0.01,0.0,0.0,Matches
401,387,António Silva,DF,pt Portugal,20,2003,0.8,0,1,0,0.0,1.23,0.0,0.0,,3.6,0,0,0,0.1,0.1,0.12,-0.1,-0.1,Matches
402,388,Bernardo Silva,"FW,MF",pt Portugal,29,1994,4.7,1,7,2,28.6,1.5,0.43,0.14,0.5,14.5,0,0,0,0.7,0.7,0.1,0.3,0.3,Matches
403,389,Unai Simón,GK,es Spain,26,1997,6.3,0,0,0,,0.0,0.0,,,,0,0,0,0.0,0.0,,0.0,0.0,Matches
404,390,Xavi Simons,"MF,FW",nl Netherlands,20,2003,5.0,1,10,4,40.0,1.98,0.79,0.1,0.25,24.3,0,0,0,0.6,0.6,0.06,0.4,0.4,Matches
405,391,Michał Skóraś,DF,pl Poland,23,2000,0.3,0,0,0,,0.0,0.0,,,,0,0,0,0.0,0.0,,0.0,0.0,Matches
406,392,Łukasz Skorupski,GK,pl Poland,32,1991,1.0,0,0,0,,0.0,0.0,,,,0,0,0,0.0,0.0,,0.0,0.0,Matches
407,393,Andreas Skov Olsen,"MF,FW",dk Denmark,24,1999,1.4,0,1,0,0.0,0.74,0.0,0.0,,17.6,0,0,0,0.0,0.0,0.03,0.0,0.0,Matches
408,394,Milan Škriniar,DF,sk Slovakia,28,1995,4.3,0,3,0,0.0,0.69,0.0,0.0,,17.4,0,0,0,0.3,0.3,0.09,-0.3,-0.3,Matches
409,395,Bartosz Slisz,MF,pl Poland,24,1999,1.2,0,0,0,,0.0,0.0,,,,0,0,0,0.0,0.0,,0.0,0.0,Matches
410,396,Yann Sommer,GK,ch Switzerland,35,1988,5.3,0,0,0,,0.0,0.0,,,,0,0,0,0.0,0.0,,0.0,0.0,Matches
411,397,Deian Sorescu,"MF,DF",ro Romania,26,1997,0.4,0,0,0,,0.0,0.0,,,,0,0,0,0.0,0.0,,0.0,0.0,Matches
412,398,Borna Sosa,DF,hr Croatia,26,1998,0.1,0,0,0,,0.0,0.0,,,,0,0,0,0.0,0.0,,0.0,0.0,Matches
413,399,Tomáš Souček,MF,cz Czechia,28,1995,3.0,1,2,1,50.0,0.67,0.33,0.5,1.0,13.8,0,0,0,0.6,0.6,0.28,0.4,0.4,Matches
414,400,Andraž Šporar,FW,si Slovenia,29,1994,3.8,0,7,1,14.3,1.86,0.27,0.0,0.0,14.5,0,0,0,1.0,1.0,0.14,-1.0,-1.0,Matches
416,401,Nicolae Stanciu,"MF,FW",ro Romania,30,1993,3.9,1,4,2,50.0,1.02,0.51,0.25,0.5,25.9,1,0,0,0.2,0.2,0.05,0.8,0.8,Matches
417,402,Jindřich Staněk,GK,cz Czechia,27,1996,2.6,0,0,0,,0.0,0.0,,,,0,0,0,0.0,0.0,,0.0,0.0,Matches
418,403,Josip Stanišić,DF,hr Croatia,23,2000,2.0,0,1,0,0.0,0.5,0.0,0.0,,8.7,0,0,0,0.2,0.2,0.19,-0.2,-0.2,Matches
419,404,Renato Steffen,DF,ch Switzerland,32,1991,0.0,0,0,0,,0.0,0.0,,,,0,0,0,0.0,0.0,,0.0,0.0,Matches
420,405,Taras Stepanenko,MF,ua Ukraine,34,1989,0.9,0,1,0,0.0,1.1,0.0,0.0,,9.3,0,0,0,0.1,0.1,0.07,-0.1,-0.1,Matches
421,406,Leonidas Stergiou,DF,ch Switzerland,21,2002,0.5,0,0,0,,0.0,0.0,,,,0,0,0,0.0,0.0,,0.0,0.0,Matches
422,407,Petar Stojanović,MF,si Slovenia,28,1995,3.5,0,1,0,0.0,0.28,0.0,0.0,,28.4,0,0,0,0.0,0.0,0.03,0.0,0.0,Matches
423,408,John Stones,DF,eng England,29,1994,7.7,0,1,0,0.0,0.13,0.0,0.0,,10.2,0,0,0,0.1,0.1,0.05,-0.1,-0.1,Matches
424,409,Thomas Strakosha,GK,al Albania,28,1995,3.0,0,0,0,,0.0,0.0,,,,0,0,0,0.0,0.0,,0.0,0.0,Matches
425,410,Dávid Strelec,FW,sk Slovakia,22,2001,2.0,0,7,1,14.3,3.46,0.49,0.0,0.0,21.0,0,0,0,0.7,0.7,0.1,-0.7,-0.7,Matches
426,411,Callum Styles,MF,hu Hungary,23,2000,0.7,0,0,0,,0.0,0.0,,,,0,0,0,0.0,0.0,,0.0,0.0,Matches
427,412,Luka Sučić,"FW,MF",hr Croatia,21,2002,1.6,0,3,2,66.7,1.93,1.29,0.0,0.0,18.0,0,0,0,0.6,0.6,0.19,-0.6,-0.6,Matches
428,413,Heorhiy Sudakov,MF,ua Ukraine,21,2002,2.9,0,9,4,44.4,3.09,1.37,0.0,0.0,23.9,2,0,0,0.5,0.5,0.05,-0.5,-0.5,Matches
429,414,Pavel Šulc,MF,cz Czechia,23,2000,0.9,0,1,0,0.0,1.15,0.0,0.0,,17.7,0,0,0,0.1,0.1,0.09,-0.1,-0.1,Matches
430,415,Tomáš Suslov,"FW,MF",sk Slovakia,21,2002,1.4,0,0,0,,0.0,0.0,,,,0,0,0,0.0,0.0,,0.0,0.0,Matches
431,416,Josip Šutalo,DF,hr Croatia,23,2000,3.0,0,1,0,0.0,0.33,0.0,0.0,,1.4,0,0,0,0.6,0.6,0.61,-0.6,-0.6,Matches
432,417,Oleksandr Svatok,DF,ua Ukraine,29,1994,0.9,0,0,0,,0.0,0.0,,,,0,0,0,0.0,0.0,,0.0,0.0,Matches
433,418,Karol Świderski,FW,pl Poland,27,1997,1.0,0,2,2,100.0,2.0,2.0,0.0,0.0,15.0,0,0,0,0.3,0.3,0.15,-0.3,-0.3,Matches
434,419,Serhiy Sydorchuk,MF,ua Ukraine,32,1991,0.1,0,0,0,,0.0,0.0,,,,0,0,0,0.0,0.0,,0.0,0.0,Matches
435,420,Attila Szalai,DF,hu Hungary,26,1998,1.1,0,1,0,0.0,0.95,0.0,0.0,,12.6,0,0,0,0.1,0.1,0.09,-0.1,-0.1,Matches
436,421,Wojciech Szczęsny,GK,pl Poland,33,1990,2.0,0,0,0,,0.0,0.0,,,,0,0,0,0.0,0.0,,0.0,0.0,Matches
437,422,Dominik Szoboszlai,MF,hu Hungary,23,2000,3.0,0,6,2,33.3,2.0,0.67,0.0,0.0,22.1,2,0,0,0.3,0.3,0.05,-0.3,-0.3,Matches
438,423,Sebastian Szymański,MF,pl Poland,24,1999,1.2,0,1,0,0.0,0.8,0.0,0.0,,17.8,0,0,0,0.0,0.0,0.03,0.0,0.0,Matches
439,424,Dušan Tadić,MF,rs Serbia,35,1988,1.7,0,0,0,,0.0,0.0,,,,0,0,0,0.0,0.0,,0.0,0.0,Matches
440,425,Jonathan Tah,DF,de Germany,27,1996,3.5,0,1,0,0.0,0.28,0.0,0.0,,11.9,0,0,0,0.0,0.0,0.04,0.0,0.0,Matches
442,426,Maksym Talovierov,MF,ua Ukraine,23,2000,0.0,0,0,0,,0.0,0.0,,,,0,0,0,0.0,0.0,,0.0,0.0,Matches
443,427,Aurélien Tchouaméni,MF,fr France,24,2000,5.2,0,12,2,16.7,2.3,0.38,0.0,0.0,25.2,0,0,0,0.4,0.4,0.03,-0.4,-0.4,Matches
444,428,Arthur Theate,DF,be Belgium,23,2000,2.8,0,2,0,0.0,0.7,0.0,0.0,,30.6,0,0,0,0.0,0.0,0.01,0.0,0.0,Matches
445,429,Marcus Thuram,FW,fr France,26,1997,2.9,0,12,2,16.7,4.15,0.69,0.0,0.0,13.8,0,0,0,0.7,0.7,0.06,-0.7,-0.7,Matches
446,430,Youri Tielemans,MF,be Belgium,26,1997,1.6,1,4,1,25.0,2.43,0.61,0.25,1.0,24.2,0,0,0,0.1,0.1,0.03,0.9,0.9,Matches
447,431,Kieran Tierney,DF,sct Scotland,26,1997,1.5,0,0,0,,0.0,0.0,,,,0,0,0,0.0,0.0,,0.0,0.0,Matches
448,432,Ivan Toney,"FW,MF",eng England,27,1996,0.5,0,1,0,0.0,2.0,0.0,0.0,,21.9,0,0,0,0.1,0.1,0.11,-0.1,-0.1,Matches
449,433,Ferrán Torres,"FW,MF",es Spain,23,2000,1.7,1,5,1,20.0,2.9,0.58,0.2,1.0,13.8,0,0,0,0.6,0.6,0.13,0.4,0.4,Matches
450,434,Cenk Tosun,FW,tr Türkiye,32,1991,0.3,1,3,1,33.3,10.8,3.6,0.33,1.0,12.7,0,0,0,0.3,0.3,0.11,0.7,0.7,Matches
451,435,Gernot Trauner,DF,at Austria,31,1992,1.0,1,1,1,100.0,1.0,1.0,1.0,1.0,5.9,0,0,0,0.1,0.1,0.08,0.9,0.9,Matches
452,436,Kieran Trippier,DF,eng England,33,1990,5.0,0,1,0,0.0,0.2,0.0,0.0,,17.8,0,0,0,0.1,0.1,0.09,-0.1,-0.1,Matches
453,437,Leandro Trossard,FW,be Belgium,29,1994,1.9,0,4,1,25.0,2.13,0.53,0.0,0.0,22.8,0,0,0,0.2,0.2,0.06,-0.2,-0.2,Matches
454,438,Anatolii Trubin,GK,ua Ukraine,22,2001,2.0,0,0,0,,0.0,0.0,,,,0,0,0,0.0,0.0,,0.0,0.0,Matches
455,439,Heorhii Tsitaishvili,"DF,MF",ge Georgia,23,2000,2.1,0,3,2,66.7,1.42,0.95,0.0,0.0,15.1,0,0,0,0.2,0.2,0.06,-0.2,-0.2,Matches
456,440,Viktor Tsyhankov,FW,ua Ukraine,26,1997,0.7,0,2,0,0.0,2.9,0.0,0.0,,20.9,0,0,0,0.1,0.1,0.06,-0.1,-0.1,Matches
457,441,Ľubomír Tupta,MF,sk Slovakia,25,1998,0.1,0,1,0,0.0,7.5,0.0,0.0,,30.8,1,0,0,0.0,0.0,0.05,0.0,0.0,Matches
458,442,Oleksandr Tymchyk,DF,ua Ukraine,27,1997,2.2,0,0,0,,0.0,0.0,,,,0,0,0,0.0,0.0,,0.0,0.0,Matches
459,443,Deniz Undav,MF,de Germany,27,1996,0.1,0,0,0,,0.0,0.0,,,,0,0,0,0.0,0.0,,0.0,0.0,Matches
460,444,Dayot Upamecano,DF,fr France,25,1998,6.3,0,3,0,0.0,0.47,0.0,0.0,,8.1,0,0,0,0.3,0.3,0.09,-0.3,-0.3,Matches
461,445,Kacper Urbanski,"FW,MF",pl Poland,19,2004,1.6,0,2,1,50.0,1.22,0.61,0.0,0.0,21.5,0,0,0,0.1,0.1,0.07,-0.1,-0.1,Matches
462,446,Virgil van Dijk,DF,nl Netherlands,32,1991,6.0,0,5,1,20.0,0.83,0.17,0.0,0.0,11.3,0,0,0,0.5,0.5,0.09,-0.5,-0.5,Matches
463,447,Vladyslav Vanat,FW,ua Ukraine,22,2002,0.2,0,0,0,,0.0,0.0,,,,0,0,0,0.0,0.0,,0.0,0.0,Matches
464,448,Barnabás Varga,FW,hu Hungary,30,1994,2.8,1,4,2,50.0,1.45,0.72,0.25,0.5,6.2,0,0,0,1.2,1.2,0.31,-0.2,-0.2,Matches
465,449,Ruben Vargas,"MF,FW",ch Switzerland,25,1998,3.4,1,5,4,80.0,1.47,1.18,0.2,0.25,16.1,0,0,0,0.7,0.7,0.14,0.3,0.3,Matches
466,450,Denis Vavro,DF,sk Slovakia,27,1996,4.3,0,3,0,0.0,0.69,0.0,0.0,,25.7,0,0,0,0.0,0.0,0.02,0.0,0.0,Matches
468,451,Joey Veerman,MF,nl Netherlands,25,1998,2.3,0,2,0,0.0,0.86,0.0,0.0,,17.8,0,0,0,0.2,0.2,0.08,-0.2,-0.2,Matches
469,452,Miloš Veljković,DF,rs Serbia,28,1995,3.0,0,0,0,,0.0,0.0,,,,0,0,0,0.0,0.0,,0.0,0.0,Matches
470,453,Micky van de Ven,DF,nl Netherlands,22,2001,0.8,0,0,0,,0.0,0.0,,,,0,0,0,0.0,0.0,,0.0,0.0,Matches
471,454,Benjamin Verbič,MF,si Slovenia,30,1993,0.8,0,1,0,0.0,1.22,0.0,0.0,,26.2,0,0,0,0.0,0.0,0.02,0.0,0.0,Matches
472,455,Bart Verbruggen,GK,nl Netherlands,21,2002,6.0,0,0,0,,0.0,0.0,,,,0,0,0,0.0,0.0,,0.0,0.0,Matches
473,456,Jan Vertonghen,DF,be Belgium,36,1987,3.0,0,1,0,0.0,0.33,0.0,0.0,,11.6,0,0,0,0.1,0.1,0.08,-0.1,-0.1,Matches
474,457,Jannik Vestergaard,DF,dk Denmark,31,1992,4.0,0,4,2,50.0,1.0,0.5,0.0,0.0,10.7,0,0,0,0.3,0.3,0.07,-0.3,-0.3,Matches
475,458,Žan Vipotnik,FW,si Slovenia,21,2002,0.2,0,0,0,,0.0,0.0,,,,0,0,0,0.0,0.0,,0.0,0.0,Matches
476,459,Vitinha,MF,pt Portugal,23,2000,4.0,0,8,3,37.5,2.01,0.75,0.0,0.0,22.4,0,0,0,0.6,0.6,0.08,-0.6,-0.6,Matches
477,460,Daniel Vivian,DF,es Spain,24,1999,1.4,0,1,0,0.0,0.73,0.0,0.0,,12.0,0,0,0,0.0,0.0,0.04,0.0,0.0,Matches
478,461,Dušan Vlahović,"MF,FW",rs Serbia,24,2000,2.0,0,6,2,33.3,3.05,1.02,0.0,0.0,21.1,1,0,0,0.2,0.2,0.04,-0.2,-0.2,Matches
479,462,Stefan de Vrij,DF,nl Netherlands,31,1992,6.0,1,4,1,25.0,0.67,0.17,0.25,1.0,9.5,0,0,0,0.3,0.3,0.08,0.7,0.7,Matches
480,463,Kyle Walker,DF,eng England,33,1990,7.7,0,0,0,,0.0,0.0,,,,0,0,0,0.0,0.0,,0.0,0.0,Matches
481,464,Ollie Watkins,FW,eng England,28,1995,0.7,1,3,2,66.7,4.35,2.9,0.33,0.5,16.8,0,0,0,0.3,0.3,0.1,0.7,0.7,Matches
482,465,Wout Weghorst,FW,nl Netherlands,31,1992,1.5,1,4,2,50.0,2.61,1.3,0.25,0.5,9.5,0,0,0,0.6,0.6,0.16,0.4,0.4,Matches
483,466,Andreas Weimann,FW,at Austria,32,1991,0.0,0,0,0,,0.0,0.0,,,,0,0,0,0.0,0.0,,0.0,0.0,Matches
484,467,Silvan Widmer,DF,ch Switzerland,30,1993,3.3,0,2,0,0.0,0.6,0.0,0.0,,12.7,0,0,0,0.3,0.3,0.15,-0.3,-0.3,Matches
485,468,Georginio Wijnaldum,MF,nl Netherlands,33,1990,0.8,0,0,0,,0.0,0.0,,,,0,0,0,0.0,0.0,,0.0,0.0,Matches
486,469,Nico Williams,FW,es Spain,21,2002,5.5,2,11,3,27.3,2.01,0.55,0.18,0.67,16.2,0,0,0,1.0,1.0,0.09,1.0,1.0,Matches
487,470,Patrick Wimmer,"FW,MF",at Austria,22,2001,1.5,0,3,2,66.7,1.96,1.3,0.0,0.0,18.7,0,0,0,0.2,0.2,0.06,-0.2,-0.2,Matches
488,471,Jonas Wind,FW,dk Denmark,24,1999,2.1,0,5,1,20.0,2.33,0.47,0.0,0.0,12.5,0,0,0,0.5,0.5,0.09,-0.5,-0.5,Matches
489,472,Florian Wirtz,"FW,MF",de Germany,20,2003,3.1,2,8,3,37.5,2.58,0.97,0.25,0.67,20.3,0,0,0,0.6,0.6,0.08,1.4,1.4,Matches
490,473,Maximilian Wöber,DF,at Austria,25,1998,1.9,0,0,0,,0.0,0.0,,,,0,0,0,0.0,0.0,,0.0,0.0,Matches
491,474,Granit Xhaka,MF,ch Switzerland,31,1992,5.3,0,4,3,75.0,0.75,0.56,0.0,0.0,18.2,0,0,0,0.2,0.2,0.05,-0.2,-0.2,Matches
492,475,Lamine Yamal,FW,es Spain,16,2007,5.6,1,18,7,38.9,3.22,1.25,0.06,0.14,20.6,3,0,0,1.8,1.8,0.1,-0.8,-0.8,Matches
494,476,Roman Yaremchuk,FW,ua Ukraine,28,1995,1.3,1,6,2,33.3,4.46,1.49,0.17,0.5,15.6,0,0,0,0.4,0.4,0.07,0.6,0.6,Matches
495,477,Andriy Yarmolenko,"FW,MF",ua Ukraine,34,1989,1.2,0,4,0,0.0,3.46,0.0,0.0,,15.7,0,0,0,0.5,0.5,0.12,-0.5,-0.5,Matches
496,478,Yusuf Yazıcı,"MF,FW",tr Türkiye,27,1997,0.6,0,3,2,66.7,4.74,3.16,0.0,0.0,21.1,0,0,0,0.2,0.2,0.06,-0.2,-0.2,Matches
497,479,Kenan Yıldız,"FW,MF",tr Türkiye,18,2005,3.8,0,11,3,27.3,2.87,0.78,0.0,0.0,18.3,0,0,0,0.7,0.7,0.07,-0.7,-0.7,Matches
498,480,Okay Yokuşlu,"MF,DF",tr Türkiye,29,1994,0.6,0,1,0,0.0,1.64,0.0,0.0,,26.4,0,0,0,0.0,0.0,0.05,0.0,0.0,Matches
499,481,İsmail Yüksek,MF,tr Türkiye,25,1999,1.7,0,1,0,0.0,0.59,0.0,0.0,,22.4,0,0,0,0.1,0.1,0.06,-0.1,-0.1,Matches
500,482,Illia Zabarnyi,DF,ua Ukraine,21,2002,3.0,0,0,0,,0.0,0.0,,,,0,0,0,0.0,0.0,,0.0,0.0,Matches
501,483,Mattia Zaccagni,"MF,FW",it Italy,28,1995,0.9,1,2,1,50.0,2.2,1.1,0.5,1.0,14.7,0,0,0,0.2,0.2,0.11,0.8,0.8,Matches
502,484,Denis Zakaria,MF,ch Switzerland,27,1996,0.3,0,0,0,,0.0,0.0,,,,0,0,0,0.0,0.0,,0.0,0.0,Matches
503,485,Nicola Zalewski,DF,pl Poland,22,2002,2.7,0,2,1,50.0,0.73,0.36,0.0,0.0,22.2,0,0,0,0.1,0.1,0.06,-0.1,-0.1,Matches
504,486,Piotr Zieliński,MF,pl Poland,29,1994,2.8,0,8,3,37.5,2.85,1.07,0.0,0.0,25.3,2,0,0,0.5,0.5,0.06,-0.5,-0.5,Matches
505,487,Oleksandr Zinchenko,DF,ua Ukraine,27,1996,2.4,0,1,1,100.0,0.42,0.42,0.0,0.0,24.4,1,0,0,0.0,0.0,0.04,0.0,0.0,Matches
506,488,Joshua Zirkzee,"FW,DF",nl Netherlands,22,2001,0.1,0,0,0,,0.0,0.0,,,,0,0,0,0.0,0.0,,0.0,0.0,Matches
507,489,Andrija Živković,DF,rs Serbia,27,1996,2.7,0,0,0,,0.0,0.0,,,,0,0,0,0.0,0.0,,0.0,0.0,Matches
508,490,Budu Zivzivadze,"FW,MF",ge Georgia,29,1994,0.2,0,1,0,0.0,5.0,0.0,0.0,,6.8,0,0,0,0.1,0.1,0.09,-0.1,-0.1,Matches
509,491,Steven Zuber,MF,ch Switzerland,32,1991,0.9,0,2,0,0.0,2.34,0.0,0.0,,11.9,0,0,0,0.2,0.2,0.1,-0.2,-0.2,Matches
510,492,Martín Zubimendi,MF,es Spain,24,1999,1.6,0,0,0,,0.0,0.0,,,,0,0,0,0.0,0.0,,0.0,0.0,Matches
511,493,Oleksandr Zubkov,FW,ua Ukraine,27,1996,0.3,0,0,0,,0.0,0.0,,,,0,0,0,0.0,0.0,,0.0,0.0,Matches
