,Rk,Player,Pos,Squad,Age,Born,MP,Starts,Min,90s,Gls,Ast,G+A,G-PK,PK,PKatt,CrdY,CrdR,xG,npxG,xAG,npxG+xAG,PrgC,PrgP,PrgR,Gls.1,Ast.1,G+A.1,G-PK.1,G+A-PK,xG.1,xAG.1,xG+xAG,npxG.1,npxG+xAG.1,Matches
0,1,Che Adams,FW,sct Scotland,27-358,1996,3,3,209,2.3,0,0,0,0,0,0,0,0,0.1,0.1,0.1,0.2,3,2,10,0.0,0.0,0.0,0.0,0.0,0.05,0.03,0.09,0.05,0.09,Matches
1,2,Michel Aebischer,DF,ch Switzerland,27-181,1997,4,4,359,4.0,1,2,3,1,0,0,0,0,0.1,0.1,1.2,1.2,4,22,15,0.25,0.5,0.75,0.25,0.75,0.01,0.29,0.31,0.01,0.31,Matches
2,3,Arlind Ajeti,DF,al Albania,30-284,1993,3,3,270,3.0,0,0,0,0,0,0,0,0,0.0,0.0,0.0,0.0,1,5,0,0.0,0.0,0.0,0.0,0.0,0.0,0.0,0.0,0.0,0.0,Matches
3,4,Manuel Akanji,DF,ch Switzerland,28-352,1995,4,4,360,4.0,0,0,0,0,0,0,0,0,0.0,0.0,0.0,0.0,0,16,1,0.0,0.0,0.0,0.0,0.0,0.0,0.0,0.0,0.0,0.0,Matches
4,5,Samet Akaydın,DF,tr Türkiye,30-114,1994,3,3,254,2.8,0,0,0,0,0,0,2,0,0.1,0.1,0.0,0.1,1,13,0,0.0,0.0,0.0,0.0,0.0,0.02,0.0,0.02,0.02,0.02,Matches
5,6,Nathan Aké,DF,nl Netherlands,29-138,1995,4,4,308,3.4,0,1,1,0,0,0,0,0,0.1,0.1,0.4,0.6,6,11,6,0.0,0.29,0.29,0.0,0.29,0.04,0.13,0.17,0.04,0.17,Matches
6,7,Yunus Akgün,FW,tr Türkiye,23-364,2000,1,1,69,0.8,0,0,0,0,0,0,0,0,0.0,0.0,0.1,0.1,3,3,5,0.0,0.0,0.0,0.0,0.0,0.0,0.11,0.11,0.0,0.11,Matches
7,8,Kerem Aktürkoğlu,"FW,MF",tr Türkiye,25-258,1998,4,1,91,1.0,1,0,1,1,0,0,0,0,1.3,1.3,0.1,1.4,6,1,8,0.99,0.0,0.99,0.99,0.99,1.28,0.09,1.37,1.28,1.37,Matches
8,9,Trent Alexander-Arnold,MF,eng England,25-272,1998,3,2,128,1.4,0,0,0,0,0,0,0,0,0.1,0.1,0.1,0.2,5,10,5,0.0,0.0,0.0,0.0,0.0,0.07,0.08,0.16,0.07,0.16,Matches
9,10,Denis Alibec,FW,ro Romania,33-182,1991,2,0,29,0.3,0,0,0,0,0,0,0,0,0.3,0.3,0.0,0.3,0,0,2,0.0,0.0,0.0,0.0,0.0,1.05,0.0,1.05,1.05,1.05,Matches
10,11,Barış Alper Yılmaz,FW,tr Türkiye,24-043,2000,4,4,360,4.0,0,0,0,0,0,0,0,0,0.4,0.4,0.8,1.2,13,14,31,0.0,0.0,0.0,0.0,0.0,0.1,0.2,0.3,0.1,0.3,Matches
11,12,Sandro Altunashvili,MF,ge Georgia,27-047,1997,2,0,52,0.6,0,0,0,0,0,0,0,0,0.0,0.0,0.0,0.0,1,1,0,0.0,0.0,0.0,0.0,0.0,0.0,0.0,0.0,0.0,0.0,Matches
12,13,Zeki Amdouni,"MF,FW",ch Switzerland,23-214,2000,3,0,54,0.6,0,0,0,0,0,0,0,0,0.2,0.2,0.0,0.2,2,1,6,0.0,0.0,0.0,0.0,0.0,0.28,0.0,0.28,0.28,0.28,Matches
13,14,Joachim Andersen,DF,dk Denmark,28-035,1996,4,4,360,4.0,0,0,0,0,0,0,1,0,0.2,0.2,0.2,0.4,7,24,1,0.0,0.0,0.0,0.0,0.0,0.04,0.06,0.1,0.04,0.1,Matches
14,15,Robert Andrich,MF,de Germany,29-287,1994,4,4,243,2.7,0,0,0,0,0,0,1,0,0.1,0.1,0.0,0.2,0,13,3,0.0,0.0,0.0,0.0,0.0,0.05,0.01,0.07,0.05,0.07,Matches
15,16,Waldemar Anton,DF,de Germany,27-351,1996,1,0,3,0.0,0,0,0,0,0,0,0,0,0.0,0.0,0.0,0.0,0,0,0,0.0,0.0,0.0,0.0,0.0,0.0,0.0,0.0,0.0,0.0,Matches
16,17,Stuart Armstrong,MF,sct Scotland,32-097,1992,1,0,15,0.2,0,0,0,0,0,0,0,0,0.0,0.0,0.0,0.0,1,1,1,0.0,0.0,0.0,0.0,0.0,0.0,0.0,0.0,0.0,0.0,Matches
17,18,Marko Arnautović,FW,at Austria,35-077,1989,4,3,279,3.1,1,0,1,0,1,1,1,0,1.7,0.9,0.0,0.9,1,3,16,0.32,0.0,0.32,0.0,0.0,0.53,0.0,0.53,0.28,0.28,Matches
18,19,Jasir Asani,FW,al Albania,29-047,1995,3,3,210,2.3,0,1,1,0,0,0,0,0,0.1,0.1,0.4,0.5,4,4,9,0.0,0.43,0.43,0.0,0.43,0.02,0.18,0.2,0.02,0.2,Matches
19,20,Kristjan Asllani,MF,al Albania,22-118,2002,3,3,270,3.0,0,0,0,0,0,0,0,0,0.6,0.6,0.6,1.1,3,10,3,0.0,0.0,0.0,0.0,0.0,0.18,0.19,0.38,0.18,0.38,Matches
20,21,Kaan Ayhan,"MF,DF",tr Türkiye,29-238,1994,4,3,270,3.0,0,1,1,0,0,0,1,0,0.3,0.3,0.3,0.6,1,15,3,0.0,0.33,0.33,0.0,0.33,0.1,0.09,0.19,0.1,0.19,Matches
21,22,Alex Baena,"MF,FW",es Spain,22-351,2001,2,0,27,0.3,0,0,0,0,0,0,0,0,0.0,0.0,0.1,0.1,1,2,4,0.0,0.0,0.0,0.0,0.0,0.0,0.26,0.26,0.0,0.26,Matches
22,23,Alexander Bah,"DF,MF",dk Denmark,26-209,1997,4,3,281,3.1,0,0,0,0,0,0,0,0,0.4,0.4,0.1,0.4,5,20,9,0.0,0.0,0.0,0.0,0.0,0.12,0.02,0.14,0.12,0.14,Matches
23,24,Nedim Bajrami,"FW,MF",al Albania,25-128,1999,3,3,245,2.7,1,0,1,1,0,0,1,0,0.1,0.1,0.0,0.1,7,5,14,0.37,0.0,0.37,0.37,0.37,0.05,0.0,0.05,0.05,0.05,Matches
24,25,Johan Bakayoko,"FW,DF",be Belgium,21-076,2003,2,0,48,0.5,0,0,0,0,0,0,0,0,0.6,0.6,0.1,0.7,0,1,1,0.0,0.0,0.0,0.0,0.0,1.22,0.19,1.41,1.22,1.41,Matches
26,26,Jure Balkovec,DF,si Slovenia,29-300,1994,2,1,121,1.3,0,0,0,0,0,0,1,0,0.0,0.0,0.0,0.0,0,5,0,0.0,0.0,0.0,0.0,0.0,0.0,0.03,0.03,0.0,0.03,Matches
27,27,Iván Balliu,DF,al Albania,32-186,1992,1,1,90,1.0,0,0,0,0,0,0,0,0,0.0,0.0,0.0,0.0,1,2,1,0.0,0.0,0.0,0.0,0.0,0.0,0.0,0.0,0.0,0.0,Matches
28,28,Nicușor Bancu,DF,ro Romania,31-291,1992,3,3,270,3.0,0,0,0,0,0,0,2,0,0.0,0.0,0.1,0.1,7,12,4,0.0,0.0,0.0,0.0,0.0,0.0,0.03,0.03,0.0,0.03,Matches
29,29,Antonín Barák,MF,cz Czechia,29-215,1994,3,1,41,0.5,0,0,0,0,0,0,2,1,0.0,0.0,0.0,0.0,1,2,4,0.0,0.0,0.0,0.0,0.0,0.0,0.04,0.04,0.0,0.04,Matches
30,30,Bradley Barcola,FW,fr France,21-307,2002,1,1,60,0.7,0,0,0,0,0,0,0,0,0.1,0.1,0.4,0.5,3,4,15,0.0,0.0,0.0,0.0,0.0,0.08,0.66,0.74,0.08,0.74,Matches
31,31,Abdülkerim Bardakcı,DF,tr Türkiye,29-302,1994,3,3,270,3.0,0,0,0,0,0,0,2,0,0.1,0.1,0.1,0.2,4,11,0,0.0,0.0,0.0,0.0,0.0,0.02,0.03,0.05,0.02,0.05,Matches
32,32,Nicolò Barella,MF,it Italy,27-149,1997,4,4,332,3.7,1,0,1,1,0,0,1,0,0.1,0.1,0.3,0.4,8,21,7,0.27,0.0,0.27,0.27,0.27,0.02,0.08,0.1,0.02,0.1,Matches
33,33,Alessandro Bastoni,DF,it Italy,25-083,1999,4,4,360,4.0,1,0,1,1,0,0,0,0,0.5,0.5,0.0,0.5,5,21,6,0.25,0.0,0.25,0.25,0.25,0.13,0.0,0.13,0.13,0.13,Matches
34,34,Martin Baturina,FW,hr Croatia,21-140,2003,1,0,7,0.1,0,0,0,0,0,0,0,0,0.1,0.1,0.0,0.1,1,0,0,0.0,0.0,0.0,0.0,0.0,0.95,0.0,0.95,0.95,0.95,Matches
35,35,Christoph Baumgartner,"MF,FW",at Austria,24-339,1999,4,3,289,3.2,1,1,2,1,0,0,1,0,1.8,1.8,0.6,2.4,17,9,17,0.31,0.31,0.62,0.31,0.62,0.56,0.18,0.74,0.56,0.74,Matches
36,36,Altay Bayındır,GK,tr Türkiye,26-082,1998,1,1,90,1.0,0,0,0,0,0,0,0,0,0.0,0.0,0.0,0.0,0,0,0,0.0,0.0,0.0,0.0,0.0,0.0,0.0,0.0,0.0,0.0,Matches
37,37,Jan Bednarek,DF,pl Poland,28-084,1996,3,3,270,3.0,0,0,0,0,0,0,0,0,0.2,0.2,0.0,0.2,0,2,0,0.0,0.0,0.0,0.0,0.0,0.05,0.0,0.05,0.05,0.05,Matches
38,38,Maximilian Beier,FW,de Germany,21-262,2002,1,0,26,0.3,0,0,0,0,0,0,0,0,0.0,0.0,0.0,0.0,0,0,3,0.0,0.0,0.0,0.0,0.0,0.0,0.0,0.0,0.0,0.0,Matches
39,39,Jude Bellingham,MF,eng England,21-006,2003,4,4,370,4.1,2,0,2,2,0,0,1,0,0.5,0.5,0.3,0.8,12,20,23,0.49,0.0,0.49,0.49,0.49,0.12,0.06,0.19,0.12,0.19,Matches
40,40,László Bénes,MF,sk Slovakia,26-300,1997,2,0,71,0.8,0,0,0,0,0,0,0,0,0.1,0.1,0.7,0.8,0,0,8,0.0,0.0,0.0,0.0,0.0,0.23,1.55,1.78,0.23,1.78,Matches
41,41,Bartosz Bereszyński,DF,pl Poland,31-359,1992,1,0,5,0.1,0,0,0,0,0,0,0,0,0.0,0.0,0.0,0.0,0,0,0,0.0,0.0,0.0,0.0,0.0,0.0,0.0,0.0,0.0,0.0,Matches
42,42,Steven Bergwijn,FW,nl Netherlands,26-271,1997,1,1,45,0.5,0,0,0,0,0,0,0,0,0.0,0.0,0.0,0.0,3,5,2,0.0,0.0,0.0,0.0,0.0,0.0,0.0,0.0,0.0,0.0,Matches
43,43,Medon Berisha,MF,al Albania,20-258,2003,1,0,21,0.2,0,0,0,0,0,0,1,0,0.0,0.0,0.0,0.0,0,1,1,0.0,0.0,0.0,0.0,0.0,0.14,0.0,0.14,0.14,0.14,Matches
44,44,Victor Bernth Kristiansen,"DF,MF",dk Denmark,21-202,2002,4,2,156,1.7,0,1,1,0,0,0,0,0,0.0,0.0,0.3,0.3,5,1,18,0.0,0.58,0.58,0.0,0.58,0.02,0.17,0.19,0.02,0.19,Matches
45,45,Matúš Bero,"MF,DF",sk Slovakia,28-303,1995,2,0,41,0.5,0,0,0,0,0,0,0,0,0.0,0.0,0.0,0.0,1,3,6,0.0,0.0,0.0,0.0,0.0,0.26,0.0,0.26,0.26,0.26,Matches
46,46,Jaka Bijol,DF,si Slovenia,25-151,1999,4,4,390,4.3,0,0,0,0,0,0,2,0,0.0,0.0,0.0,0.0,0,3,0,0.0,0.0,0.0,0.0,0.0,0.0,0.0,0.01,0.0,0.01,Matches
47,47,Veljko Birmančević,DF,rs Serbia,26-122,1998,2,0,26,0.3,0,0,0,0,0,0,0,0,0.0,0.0,0.0,0.0,3,3,7,0.0,0.0,0.0,0.0,0.0,0.06,0.0,0.06,0.06,0.06,Matches
48,48,Daley Blind,FW,nl Netherlands,34-118,1990,1,0,1,0.0,0,0,0,0,0,0,0,0,0.0,0.0,0.0,0.0,0,0,0,0.0,0.0,0.0,0.0,0.0,0.0,0.0,0.0,0.0,0.0,Matches
49,49,Bendegúz Bolla,DF,hu Hungary,24-226,1999,3,2,204,2.3,0,0,0,0,0,0,1,0,0.1,0.1,0.2,0.3,2,3,13,0.0,0.0,0.0,0.0,0.0,0.03,0.1,0.13,0.03,0.13,Matches
50,50,Endre Botka,DF,hu Hungary,29-315,1994,1,1,90,1.0,0,0,0,0,0,0,0,0,0.0,0.0,0.0,0.0,0,3,0,0.0,0.0,0.0,0.0,0.0,0.0,0.0,0.0,0.0,0.0,Matches
52,51,Jarrod Bowen,FW,eng England,27-198,1996,2,0,37,0.4,0,0,0,0,0,0,0,0,0.0,0.0,0.2,0.2,1,0,3,0.0,0.0,0.0,0.0,0.0,0.0,0.49,0.49,0.0,0.49,Matches
53,52,Róbert Boženík,FW,sk Slovakia,24-230,1999,4,2,208,2.3,0,0,0,0,0,0,0,0,0.1,0.1,0.0,0.1,1,1,10,0.0,0.0,0.0,0.0,0.0,0.06,0.02,0.07,0.06,0.07,Matches
54,53,Volodymyr Brazhko,MF,ua Ukraine,22-164,2002,3,2,182,2.0,0,0,0,0,0,0,0,0,0.0,0.0,0.0,0.1,0,3,1,0.0,0.0,0.0,0.0,0.0,0.02,0.02,0.04,0.02,0.04,Matches
55,54,David Brekalo,MF,si Slovenia,25-215,1998,2,0,2,0.0,0,0,0,0,0,0,0,0,0.0,0.0,0.0,0.0,0,0,0,0.0,0.0,0.0,0.0,0.0,0.0,0.0,0.0,0.0,0.0,Matches
56,55,Armando Broja,FW,al Albania,22-299,2001,2,1,108,1.2,0,0,0,0,0,0,1,0,0.2,0.2,0.1,0.3,2,1,4,0.0,0.0,0.0,0.0,0.0,0.18,0.06,0.23,0.18,0.23,Matches
57,56,Marcelo Brozović,MF,hr Croatia,31-232,1992,3,3,225,2.5,0,0,0,0,0,0,1,0,0.1,0.1,0.1,0.2,2,13,6,0.0,0.0,0.0,0.0,0.0,0.06,0.03,0.09,0.06,0.09,Matches
58,57,Jacob Bruun Larsen,FW,dk Denmark,25-290,1998,1,0,10,0.1,0,0,0,0,0,0,0,0,0.0,0.0,0.0,0.0,1,1,4,0.0,0.0,0.0,0.0,0.0,0.0,0.0,0.0,0.0,0.0,Matches
59,58,Ante Budimir,FW,hr Croatia,32-349,1991,3,1,122,1.4,0,1,1,0,0,0,0,0,0.8,0.5,1.2,1.7,1,2,5,0.0,0.74,0.74,0.0,0.74,0.6,0.87,1.48,0.38,1.25,Matches
60,59,Adam Buksa,FW,pl Poland,27-359,1996,2,2,149,1.7,1,0,1,1,0,0,0,0,0.2,0.2,0.2,0.3,1,1,6,0.6,0.0,0.6,0.6,0.6,0.1,0.11,0.21,0.1,0.21,Matches
61,60,Andrei Burcă,DF,ro Romania,31-081,1993,4,4,360,4.0,0,0,0,0,0,0,1,0,0.1,0.1,0.0,0.1,2,6,1,0.0,0.0,0.0,0.0,0.0,0.02,0.0,0.02,0.02,0.02,Matches
62,61,Riccardo Calafiori,DF,it Italy,22-047,2002,3,3,270,3.0,0,1,1,0,0,0,2,0,0.3,0.3,0.2,0.5,7,11,1,0.0,0.33,0.33,0.0,0.33,0.1,0.08,0.17,0.1,0.17,Matches
63,62,Hakan Çalhanoğlu,MF,tr Türkiye,30-148,1994,3,3,265,2.9,1,0,1,1,0,0,2,0,0.3,0.3,0.0,0.3,4,16,10,0.34,0.0,0.34,0.34,0.34,0.1,0.0,0.11,0.1,0.11,Matches
64,63,Eduardo Camavinga,MF,fr France,21-238,2002,2,0,50,0.6,0,0,0,0,0,0,0,0,0.0,0.0,0.1,0.1,1,4,2,0.0,0.0,0.0,0.0,0.0,0.0,0.12,0.12,0.0,0.12,Matches
65,64,Andrea Cambiaso,"FW,DF",it Italy,24-136,2000,3,0,76,0.8,0,0,0,0,0,0,0,0,0.0,0.0,0.0,0.0,1,1,7,0.0,0.0,0.0,0.0,0.0,0.0,0.0,0.0,0.0,0.0,Matches
66,65,Emre Can,MF,de Germany,30-175,1994,3,0,57,0.6,1,0,1,1,0,0,0,0,0.0,0.0,0.0,0.1,1,4,0,1.58,0.0,1.58,1.58,1.58,0.06,0.06,0.11,0.06,0.11,Matches
67,66,João Cancelo,"DF,MF",pt Portugal,30-039,1994,3,3,272,3.0,0,0,0,0,0,0,1,0,0.0,0.0,0.2,0.2,12,31,22,0.0,0.0,0.0,0.0,0.0,0.01,0.06,0.07,0.01,0.07,Matches
68,67,Yannick Carrasco,"DF,FW",be Belgium,30-305,1993,4,2,218,2.4,0,0,0,0,0,0,0,0,0.3,0.3,0.0,0.3,5,10,12,0.0,0.0,0.0,0.0,0.0,0.14,0.0,0.14,0.14,0.14,Matches
69,68,Dani Carvajal,DF,es Spain,32-176,1992,3,3,260,2.9,1,0,1,1,0,0,1,0,0.5,0.5,0.4,0.9,8,15,9,0.35,0.0,0.35,0.35,0.35,0.18,0.14,0.32,0.18,0.32,Matches
70,69,Timothy Castagne,DF,be Belgium,28-213,1995,4,4,357,4.0,0,0,0,0,0,0,0,0,0.0,0.0,0.0,0.0,4,11,16,0.0,0.0,0.0,0.0,0.0,0.0,0.0,0.0,0.0,0.0,Matches
71,70,Koen Casteels,GK,be Belgium,32-010,1992,4,4,360,4.0,0,0,0,0,0,0,0,0,0.0,0.0,0.0,0.0,0,0,0,0.0,0.0,0.0,0.0,0.0,0.0,0.0,0.0,0.0,0.0,Matches
72,71,Žan Celar,"FW,MF",si Slovenia,25-113,1999,3,0,67,0.7,0,0,0,0,0,0,1,0,0.0,0.0,0.0,0.0,1,1,2,0.0,0.0,0.0,0.0,0.0,0.07,0.0,0.07,0.07,0.07,Matches
73,72,Zeki Çelik,"DF,MF",tr Türkiye,27-139,1997,2,1,96,1.1,0,0,0,0,0,0,1,0,0.0,0.0,0.5,0.5,0,2,8,0.0,0.0,0.0,0.0,0.0,0.0,0.47,0.47,0.0,0.47,Matches
74,73,Václav Černý,MF,cz Czechia,26-262,1997,1,1,54,0.6,0,0,0,0,0,0,0,0,0.5,0.5,0.1,0.6,1,1,2,0.0,0.0,0.0,0.0,0.0,0.81,0.17,0.99,0.81,0.99,Matches
75,74,Giorgi Chakvetadze,"MF,FW",ge Georgia,24-311,1999,4,3,244,2.7,0,0,0,0,0,0,0,0,0.1,0.1,0.3,0.4,8,11,7,0.0,0.0,0.0,0.0,0.0,0.02,0.11,0.14,0.02,0.14,Matches
76,75,Federico Chiesa,"FW,MF",it Italy,26-254,1997,4,3,263,2.9,0,0,0,0,0,0,0,0,0.2,0.2,0.3,0.4,14,5,32,0.0,0.0,0.0,0.0,0.0,0.06,0.09,0.15,0.06,0.15,Matches
78,76,Tomáš Chorý,MF,cz Czechia,29-161,1995,2,0,36,0.4,0,0,0,0,0,0,0,1,0.4,0.4,0.0,0.4,0,0,1,0.0,0.0,0.0,0.0,0.0,1.0,0.0,1.0,1.0,1.0,Matches
79,77,Andreas Christensen,DF,dk Denmark,28-086,1996,4,4,350,3.9,0,0,0,0,0,0,0,0,0.5,0.5,0.0,0.5,1,9,0,0.0,0.0,0.0,0.0,0.0,0.12,0.0,0.12,0.12,0.12,Matches
80,78,Ryan Christie,"MF,FW",sct Scotland,29-134,1995,3,1,99,1.1,0,0,0,0,0,0,0,0,0.0,0.0,0.0,0.0,0,0,4,0.0,0.0,0.0,0.0,0.0,0.0,0.0,0.0,0.0,0.0,Matches
81,79,Mojmir Chytil,FW,cz Czechia,25-067,1999,3,1,107,1.2,0,0,0,0,0,0,0,0,0.2,0.2,0.1,0.3,0,1,2,0.0,0.0,0.0,0.0,0.0,0.16,0.1,0.26,0.16,0.26,Matches
82,80,Alexandru Cicâldău,MF,ro Romania,26-363,1997,1,0,19,0.2,0,0,0,0,0,0,0,0,0.0,0.0,0.0,0.0,0,0,0,0.0,0.0,0.0,0.0,0.0,0.0,0.0,0.0,0.0,0.0,Matches
83,81,Florinel Coman,MF,ro Romania,26-086,1998,2,2,118,1.3,0,0,0,0,0,0,0,0,0.1,0.1,0.1,0.1,3,1,4,0.0,0.0,0.0,0.0,0.0,0.05,0.05,0.1,0.05,0.1,Matches
84,82,Kingsley Coman,MF,fr France,28-022,1996,1,0,16,0.2,0,0,0,0,0,0,0,0,0.0,0.0,0.0,0.0,0,1,3,0.0,0.0,0.0,0.0,0.0,0.0,0.0,0.0,0.0,0.0,Matches
85,83,Francisco Conceição,"MF,FW",pt Portugal,21-204,2002,3,1,136,1.5,1,0,1,1,0,0,1,0,0.9,0.9,1.0,1.9,10,4,28,0.66,0.0,0.66,0.66,0.66,0.75,0.82,1.57,0.75,1.57,Matches
86,84,Diogo Costa,GK,pt Portugal,24-290,1999,4,4,390,4.3,0,0,0,0,0,0,0,0,0.0,0.0,0.0,0.0,0,0,0,0.0,0.0,0.0,0.0,0.0,0.0,0.0,0.0,0.0,0.0,Matches
87,85,Vladimír Coufal,"DF,FW",cz Czechia,31-318,1992,3,3,270,3.0,0,1,1,0,0,0,1,0,0.0,0.0,0.6,0.6,10,11,12,0.0,0.33,0.33,0.0,0.33,0.0,0.19,0.19,0.0,0.19,Matches
88,86,Bryan Cristante,MF,it Italy,29-124,1995,3,1,133,1.5,0,0,0,0,0,0,1,0,0.1,0.1,0.2,0.3,4,5,2,0.0,0.0,0.0,0.0,0.0,0.05,0.13,0.18,0.05,0.18,Matches
89,87,Kevin Csoboth,DF,hu Hungary,24-015,2000,2,0,9,0.1,1,0,1,1,0,0,2,0,0.6,0.6,0.0,0.6,1,2,1,10.0,0.0,10.0,10.0,10.0,6.22,0.0,6.22,6.22,6.22,Matches
90,88,Marc Cucurella,DF,es Spain,25-349,1998,3,3,245,2.7,0,0,0,0,0,0,0,0,0.0,0.0,0.6,0.6,11,18,20,0.0,0.0,0.0,0.0,0.0,0.01,0.22,0.22,0.01,0.22,Matches
91,89,Mirlind Daku,FW,al Albania,26-186,1998,1,0,6,0.1,0,0,0,0,0,0,1,0,0.1,0.1,0.1,0.2,1,1,2,0.0,0.0,0.0,0.0,0.0,1.71,1.99,3.7,1.71,3.7,Matches
92,90,Diogo Dalot,"DF,MF",pt Portugal,25-109,1999,2,2,152,1.7,0,0,0,0,0,0,0,0,0.1,0.1,0.0,0.1,2,11,13,0.0,0.0,0.0,0.0,0.0,0.03,0.02,0.06,0.03,0.06,Matches
93,91,Mikkel Damsgaard,FW,dk Denmark,24-002,2000,1,0,34,0.4,0,0,0,0,0,0,0,0,0.0,0.0,0.0,0.0,0,0,2,0.0,0.0,0.0,0.0,0.0,0.03,0.0,0.03,0.03,0.03,Matches
94,92,Kevin Danso,DF,at Austria,25-290,1998,3,2,212,2.4,0,0,0,0,0,0,1,0,0.0,0.0,0.0,0.0,4,22,1,0.0,0.0,0.0,0.0,0.0,0.02,0.0,0.02,0.02,0.02,Matches
95,93,Márton Dárdai,DF,hu Hungary,22-144,2002,3,2,175,1.9,0,0,0,0,0,0,0,0,0.1,0.1,0.0,0.1,0,5,0,0.0,0.0,0.0,0.0,0.0,0.04,0.0,0.04,0.04,0.04,Matches
96,94,Matteo Darmian,DF,it Italy,34-216,1989,3,2,161,1.8,0,0,0,0,0,0,0,0,0.0,0.0,0.0,0.0,1,6,5,0.0,0.0,0.0,0.0,0.0,0.0,0.0,0.0,0.0,0.0,Matches
97,95,Zuriko Davitashvili,"FW,MF",ge Georgia,23-141,2001,4,1,115,1.3,0,0,0,0,0,0,1,0,0.1,0.1,0.0,0.1,3,3,11,0.0,0.0,0.0,0.0,0.0,0.07,0.0,0.07,0.07,0.07,Matches
98,96,Paweł Dawidowicz,DF,pl Poland,29-046,1995,2,2,180,2.0,0,0,0,0,0,0,1,0,0.1,0.1,0.0,0.1,0,0,0,0.0,0.0,0.0,0.0,0.0,0.05,0.0,0.05,0.05,0.05,Matches
99,97,Kevin De Bruyne,MF,be Belgium,33-007,1991,4,4,360,4.0,1,0,1,1,0,0,0,0,0.9,0.9,1.6,2.5,7,28,21,0.25,0.0,0.25,0.25,0.25,0.21,0.4,0.61,0.21,0.61,Matches
100,98,Charles De Ketelaere,FW,be Belgium,23-117,2001,1,0,3,0.0,0,0,0,0,0,0,0,0,0.0,0.0,0.0,0.0,0,0,0,0.0,0.0,0.0,0.0,0.0,0.0,0.0,0.0,0.0,0.0,Matches
101,99,Zeno Debast,DF,be Belgium,20-255,2003,2,1,104,1.2,0,0,0,0,0,0,0,0,0.0,0.0,0.1,0.1,0,3,0,0.0,0.0,0.0,0.0,0.0,0.0,0.09,0.09,0.0,0.09,Matches
102,100,Thomas Delaney,MF,dk Denmark,32-306,1991,3,1,84,0.9,0,0,0,0,0,0,0,0,0.1,0.1,0.2,0.3,2,4,4,0.0,0.0,0.0,0.0,0.0,0.12,0.25,0.37,0.12,0.37,Matches
104,101,Ousmane Dembélé,"FW,MF",fr France,27-051,1997,3,3,229,2.5,0,0,0,0,0,0,1,0,0.4,0.4,0.7,1.1,21,8,24,0.0,0.0,0.0,0.0,0.0,0.16,0.28,0.44,0.16,0.44,Matches
105,102,Merih Demiral,DF,tr Türkiye,26-122,1998,4,2,208,2.3,2,0,2,2,0,0,0,0,0.7,0.7,0.0,0.7,0,4,0,0.87,0.0,0.87,0.87,0.87,0.32,0.01,0.32,0.32,0.32,Matches
106,103,Giovanni Di Lorenzo,"DF,FW",it Italy,30-336,1993,4,4,360,4.0,0,0,0,0,0,0,0,0,0.2,0.2,0.0,0.2,4,23,9,0.0,0.0,0.0,0.0,0.0,0.04,0.0,0.04,0.04,0.04,Matches
107,104,Rúben Dias,DF,pt Portugal,27-052,1997,3,3,300,3.3,0,0,0,0,0,0,0,0,0.1,0.1,0.1,0.2,5,18,4,0.0,0.0,0.0,0.0,0.0,0.03,0.02,0.06,0.03,0.06,Matches
108,105,Federico Dimarco,"DF,FW",it Italy,26-238,1997,3,3,228,2.5,0,0,0,0,0,0,0,0,0.0,0.0,0.3,0.3,6,5,13,0.0,0.0,0.0,0.0,0.0,0.02,0.1,0.12,0.02,0.12,Matches
109,106,Berat Djimsiti,DF,al Albania,31-137,1993,3,3,270,3.0,0,0,0,0,0,0,0,0,0.1,0.1,0.0,0.1,1,6,0,0.0,0.0,0.0,0.0,0.0,0.03,0.0,0.04,0.03,0.04,Matches
110,107,Jeremy Doku,"FW,MF",be Belgium,22-039,2002,4,4,320,3.6,0,0,0,0,0,0,0,0,0.2,0.2,0.6,0.8,30,10,31,0.0,0.0,0.0,0.0,0.0,0.06,0.17,0.23,0.06,0.23,Matches
111,108,Kasper Dolberg,FW,dk Denmark,26-273,1997,2,0,40,0.4,0,0,0,0,0,0,0,0,0.0,0.0,0.0,0.0,0,0,3,0.0,0.0,0.0,0.0,0.0,0.0,0.0,0.0,0.0,0.0,Matches
112,109,Gianluigi Donnarumma,GK,it Italy,25-131,1999,4,4,360,4.0,0,0,0,0,0,0,1,0,0.0,0.0,0.0,0.0,0,0,0,0.0,0.0,0.0,0.0,0.0,0.0,0.0,0.0,0.0,0.0,Matches
113,110,David Doudera,FW,cz Czechia,26-035,1998,1,1,90,1.0,0,0,0,0,0,0,0,0,0.0,0.0,0.0,0.0,3,2,1,0.0,0.0,0.0,0.0,0.0,0.0,0.0,0.0,0.0,0.0,Matches
114,111,Artem Dovbyk,FW,ua Ukraine,27-014,1997,3,3,246,2.7,0,0,0,0,0,0,1,0,0.6,0.6,0.6,1.2,2,2,12,0.0,0.0,0.0,0.0,0.0,0.23,0.2,0.44,0.23,0.44,Matches
115,112,Denis Drăguș,FW,ro Romania,24-365,1999,4,4,291,3.2,1,0,1,1,0,0,0,0,1.1,1.1,0.1,1.1,2,3,13,0.31,0.0,0.31,0.31,0.31,0.33,0.02,0.35,0.33,0.35,Matches
116,113,Radu Drăgușin,DF,ro Romania,22-153,2002,4,4,360,4.0,0,0,0,0,0,0,0,0,0.2,0.2,0.0,0.2,0,3,1,0.0,0.0,0.0,0.0,0.0,0.06,0.0,0.06,0.06,0.06,Matches
117,114,Vanja Drkušič,DF,si Slovenia,24-249,1999,4,4,390,4.3,0,0,0,0,0,0,1,0,0.0,0.0,0.1,0.1,0,3,1,0.0,0.0,0.0,0.0,0.0,0.0,0.03,0.03,0.0,0.03,Matches
118,115,Kwadwo Duah,FW,ch Switzerland,27-132,1997,3,1,107,1.2,1,0,1,1,0,0,0,0,0.7,0.7,0.0,0.7,1,1,5,0.84,0.0,0.84,0.84,0.84,0.6,0.0,0.6,0.6,0.6,Matches
119,116,Martin Dúbravka,GK,sk Slovakia,35-172,1989,4,4,390,4.3,0,0,0,0,0,0,0,0,0.0,0.0,0.0,0.0,0,0,0,0.0,0.0,0.0,0.0,0.0,0.0,0.0,0.0,0.0,0.0,Matches
120,117,Ondrej Duda,MF,sk Slovakia,29-213,1994,4,4,317,3.5,1,0,1,1,0,0,1,0,0.3,0.3,0.1,0.4,2,9,9,0.28,0.0,0.28,0.28,0.28,0.08,0.04,0.12,0.08,0.12,Matches
121,118,Denzel Dumfries,DF,nl Netherlands,28-078,1996,3,3,270,3.0,0,0,0,0,0,0,1,0,0.2,0.2,0.6,0.7,6,17,26,0.0,0.0,0.0,0.0,0.0,0.06,0.19,0.25,0.06,0.25,Matches
122,119,Dávid Ďuriš,"FW,MF",sk Slovakia,25-105,1999,2,0,23,0.3,0,0,0,0,0,0,0,0,0.0,0.0,0.0,0.0,0,1,0,0.0,0.0,0.0,0.0,0.0,0.0,0.0,0.0,0.0,0.0,Matches
123,120,Lasha Dvali,DF,ge Georgia,29-052,1995,4,4,360,4.0,0,0,0,0,0,0,0,0,0.0,0.0,0.0,0.0,2,8,0,0.0,0.0,0.0,0.0,0.0,0.0,0.0,0.0,0.0,0.0,Matches
124,121,Timi Elšnik,MF,si Slovenia,26-067,1998,4,4,359,4.0,0,1,1,0,0,0,0,0,0.3,0.3,0.5,0.9,12,11,3,0.0,0.25,0.25,0.0,0.25,0.08,0.14,0.22,0.08,0.22,Matches
125,122,Breel Embolo,"FW,MF",ch Switzerland,27-142,1997,4,2,188,2.1,1,0,1,1,0,0,0,0,1.1,1.1,0.0,1.2,4,4,8,0.48,0.0,0.48,0.48,0.48,0.55,0.02,0.57,0.55,0.57,Matches
126,123,Christian Eriksen,"MF,FW",dk Denmark,32-142,1992,4,4,348,3.9,1,0,1,1,0,0,0,0,1.3,1.3,0.8,2.1,5,17,14,0.26,0.0,0.26,0.26,0.26,0.33,0.21,0.55,0.33,0.55,Matches
127,124,Eberechi Eze,"MF,FW",eng England,26-006,1998,2,0,59,0.7,0,0,0,0,0,0,0,0,0.0,0.0,0.0,0.0,2,1,3,0.0,0.0,0.0,0.0,0.0,0.06,0.0,0.06,0.06,0.06,Matches
128,125,Wout Faes,DF,be Belgium,26-093,1998,4,4,360,4.0,0,0,0,0,0,0,1,0,0.0,0.0,0.0,0.0,3,9,0,0.0,0.0,0.0,0.0,0.0,0.0,0.0,0.0,0.0,0.0,Matches
130,126,Nicolò Fagioli,MF,it Italy,23-144,2001,2,1,95,1.1,0,0,0,0,0,0,1,0,0.0,0.0,0.0,0.0,3,6,0,0.0,0.0,0.0,0.0,0.0,0.02,0.02,0.03,0.02,0.03,Matches
131,127,João Félix,MF,pt Portugal,24-238,1999,1,1,90,1.0,0,0,0,0,0,0,0,0,0.1,0.1,0.4,0.4,2,6,15,0.0,0.0,0.0,0.0,0.0,0.08,0.35,0.43,0.08,0.43,Matches
132,128,Bruno Fernandes,MF,pt Portugal,29-301,1994,3,3,300,3.3,1,0,1,1,0,0,0,0,1.0,1.0,0.7,1.7,17,34,27,0.3,0.0,0.3,0.3,0.3,0.33,0.25,0.57,0.33,0.57,Matches
133,129,Attila Fiola,DF,hu Hungary,34-139,1990,2,2,180,2.0,0,0,0,0,0,0,0,0,0.0,0.0,0.0,0.0,2,3,3,0.0,0.0,0.0,0.0,0.0,0.0,0.02,0.02,0.0,0.02,Matches
134,130,Phil Foden,FW,eng England,24-038,2000,4,4,335,3.7,0,0,0,0,0,0,1,0,0.3,0.3,0.5,0.8,3,13,28,0.0,0.0,0.0,0.0,0.0,0.08,0.13,0.21,0.08,0.21,Matches
135,131,Youssouf Fofana,MF,fr France,25-177,1999,2,0,11,0.1,0,0,0,0,0,0,0,0,0.0,0.0,0.0,0.0,0,1,1,0.0,0.0,0.0,0.0,0.0,0.21,0.0,0.21,0.21,0.21,Matches
136,132,Michael Folorunsho,FW,it Italy,26-149,1998,1,0,1,0.0,0,0,0,0,0,0,0,0,0.0,0.0,0.0,0.0,0,0,0,0.0,0.0,0.0,0.0,0.0,0.0,0.0,0.0,0.0,0.0,Matches
137,133,Przemysław Frankowski,DF,pl Poland,29-084,1995,3,3,270,3.0,0,0,0,0,0,0,0,0,0.0,0.0,0.4,0.4,6,11,9,0.0,0.0,0.0,0.0,0.0,0.0,0.15,0.15,0.0,0.15,Matches
138,134,Davide Frattesi,MF,it Italy,24-257,1999,4,2,185,2.1,0,0,0,0,0,0,0,0,0.3,0.3,0.0,0.3,2,4,13,0.0,0.0,0.0,0.0,0.0,0.12,0.0,0.12,0.12,0.12,Matches
139,135,Remo Freuler,MF,ch Switzerland,32-081,1992,4,4,339,3.8,1,2,3,1,0,0,1,0,0.3,0.3,0.5,0.8,7,14,13,0.27,0.53,0.8,0.27,0.8,0.07,0.14,0.22,0.07,0.22,Matches
140,136,Jeremie Frimpong,FW,nl Netherlands,23-208,2000,2,1,82,0.9,0,0,0,0,0,0,0,0,0.1,0.1,0.0,0.1,3,1,9,0.0,0.0,0.0,0.0,0.0,0.07,0.0,0.07,0.07,0.07,Matches
141,137,Chris Führich,FW,de Germany,26-178,1998,1,0,19,0.2,0,0,0,0,0,0,0,0,0.0,0.0,0.0,0.0,3,2,3,0.0,0.0,0.0,0.0,0.0,0.17,0.0,0.17,0.17,0.17,Matches
142,138,Niclas Füllkrug,FW,de Germany,31-147,1993,4,0,102,1.1,2,0,2,2,0,0,0,0,0.5,0.5,0.1,0.7,0,2,7,1.76,0.0,1.76,1.76,1.76,0.47,0.13,0.6,0.47,0.6,Matches
143,139,Mijat Gaćinović,DF,rs Serbia,29-148,1995,1,0,45,0.5,0,0,0,0,0,0,1,0,0.1,0.1,0.0,0.1,0,0,4,0.0,0.0,0.0,0.0,0.0,0.13,0.0,0.13,0.13,0.13,Matches
144,140,Cody Gakpo,FW,nl Netherlands,25-059,1999,4,4,343,3.8,3,1,4,3,0,0,0,0,0.8,0.8,1.9,2.7,16,8,39,0.79,0.26,1.05,0.79,1.05,0.22,0.49,0.71,0.22,0.71,Matches
145,141,Conor Gallagher,MF,eng England,24-150,2000,4,1,119,1.3,0,0,0,0,0,0,1,0,0.0,0.0,0.0,0.0,0,1,1,0.0,0.0,0.0,0.0,0.0,0.0,0.0,0.0,0.0,0.0,Matches
146,142,Dániel Gazdag,MF,hu Hungary,28-125,1996,1,0,4,0.0,0,0,0,0,0,0,0,0,0.0,0.0,0.0,0.0,0,0,0,0.0,0.0,0.0,0.0,0.0,0.0,0.0,0.0,0.0,0.0,Matches
147,143,Lutsharel Geertruida,DF,nl Netherlands,23-353,2000,2,1,108,1.2,0,0,0,0,0,0,0,0,0.0,0.0,0.1,0.1,1,5,0,0.0,0.0,0.0,0.0,0.0,0.0,0.05,0.05,0.0,0.05,Matches
148,144,Billy Gilmour,MF,sct Scotland,23-024,2001,3,2,184,2.0,0,0,0,0,0,0,0,0,0.0,0.0,0.0,0.0,3,7,3,0.0,0.0,0.0,0.0,0.0,0.02,0.0,0.02,0.02,0.02,Matches
149,145,Olivier Giroud,FW,fr France,37-279,1986,3,0,47,0.5,0,0,0,0,0,0,0,0,0.2,0.2,0.0,0.2,0,0,5,0.0,0.0,0.0,0.0,0.0,0.29,0.08,0.37,0.29,0.37,Matches
150,146,Klaus Gjasula,MF,al Albania,34-204,1989,1,0,19,0.2,1,0,1,1,0,0,1,0,0.3,0.3,0.0,0.3,0,3,0,4.74,0.0,4.74,4.74,4.74,1.48,0.0,1.48,1.48,1.48,Matches
151,147,Adam Gnezda Čerin,MF,si Slovenia,24-355,1999,4,4,390,4.3,0,0,0,0,0,0,0,0,0.3,0.3,0.0,0.3,4,11,5,0.0,0.0,0.0,0.0,0.0,0.06,0.01,0.07,0.06,0.07,Matches
152,148,Anthony Gordon,FW,eng England,23-132,2001,1,0,2,0.0,0,0,0,0,0,0,0,0,0.0,0.0,0.0,0.0,0,1,1,0.0,0.0,0.0,0.0,0.0,0.0,0.84,0.84,0.0,0.84,Matches
153,149,Jon Gorenc Stanković,MF,si Slovenia,28-173,1996,4,0,94,1.0,0,0,0,0,0,0,1,0,0.0,0.0,0.0,0.0,0,5,1,0.0,0.0,0.0,0.0,0.0,0.05,0.0,0.05,0.05,0.05,Matches
154,150,Michael Gregoritsch,FW,at Austria,30-078,1994,4,1,126,1.4,1,0,1,1,0,0,0,0,0.9,0.9,0.0,0.9,0,3,9,0.71,0.0,0.71,0.71,0.71,0.68,0.0,0.68,0.68,0.68,Matches
156,151,Antoine Griezmann,"FW,MF",fr France,33-106,1991,4,3,299,3.3,0,0,0,0,0,0,1,0,1.9,1.9,0.3,2.2,4,18,18,0.0,0.0,0.0,0.0,0.0,0.58,0.1,0.67,0.58,0.67,Matches
157,152,Florian Grillitsch,MF,at Austria,28-333,1995,4,3,194,2.2,0,1,1,0,0,0,0,0,0.2,0.2,0.1,0.3,5,22,3,0.0,0.46,0.46,0.0,0.46,0.09,0.06,0.15,0.09,0.15,Matches
158,153,Álex Grimaldo,DF,es Spain,28-289,1995,2,1,115,1.3,0,0,0,0,0,0,0,0,0.0,0.0,0.6,0.6,4,6,13,0.0,0.0,0.0,0.0,0.0,0.0,0.47,0.47,0.0,0.47,Matches
159,154,Pascal Groß,MF,de Germany,33-020,1991,1,0,45,0.5,0,0,0,0,0,0,0,0,0.0,0.0,0.0,0.0,0,5,2,0.0,0.0,0.0,0.0,0.0,0.07,0.0,0.07,0.07,0.07,Matches
160,155,Kamil Grosicki,MF,pl Poland,36-027,1988,1,0,16,0.2,0,0,0,0,0,0,0,0,0.3,0.3,0.0,0.3,0,0,1,0.0,0.0,0.0,0.0,0.0,1.61,0.0,1.61,1.61,1.61,Matches
161,156,Nemanja Gudelj,MF,rs Serbia,32-232,1991,2,2,90,1.0,0,0,0,0,0,0,1,0,0.0,0.0,0.0,0.0,0,7,0,0.0,0.0,0.0,0.0,0.0,0.0,0.0,0.0,0.0,0.0,Matches
162,157,Marc Guéhi,DF,eng England,23-358,2000,4,4,390,4.3,0,1,1,0,0,0,2,0,0.0,0.0,0.1,0.2,1,16,1,0.0,0.23,0.23,0.0,0.23,0.01,0.04,0.04,0.01,0.04,Matches
163,158,Péter Gulácsi,GK,hu Hungary,34-060,1990,3,3,270,3.0,0,0,0,0,0,0,0,0,0.0,0.0,0.0,0.0,0,0,0,0.0,0.0,0.0,0.0,0.0,0.0,0.0,0.0,0.0,0.0,Matches
164,159,Arda Güler,FW,tr Türkiye,19-131,2005,4,3,250,2.8,1,1,2,1,0,0,1,0,0.2,0.2,1.0,1.2,8,12,15,0.36,0.36,0.72,0.36,0.72,0.07,0.37,0.44,0.07,0.44,Matches
165,160,İlkay Gündoğan,MF,de Germany,33-255,1990,4,4,327,3.6,1,1,2,1,0,0,0,0,0.8,0.8,0.2,1.0,4,14,23,0.28,0.28,0.55,0.28,0.55,0.21,0.05,0.27,0.21,0.27,Matches
166,161,Angus Gunn,GK,sct Scotland,28-165,1996,3,3,270,3.0,0,0,0,0,0,0,0,0,0.0,0.0,0.0,0.0,0,0,0,0.0,0.0,0.0,0.0,0.0,0.0,0.0,0.0,0.0,0.0,Matches
167,162,Mert Günok,GK,tr Türkiye,35-126,1989,3,3,270,3.0,0,0,0,0,0,0,1,0,0.0,0.0,0.0,0.0,0,0,0,0.0,0.0,0.0,0.0,0.0,0.0,0.0,0.0,0.0,0.0,Matches
168,163,Joško Gvardiol,DF,hr Croatia,22-164,2002,3,3,270,3.0,0,0,0,0,0,0,0,0,0.1,0.1,0.0,0.1,3,15,8,0.0,0.0,0.0,0.0,0.0,0.03,0.0,0.03,0.03,0.03,Matches
169,164,Giorgi Gwelesiani,DF,ge Georgia,33-061,1991,3,2,162,1.8,0,0,0,0,0,0,1,0,0.0,0.0,0.0,0.0,1,1,0,0.0,0.0,0.0,0.0,0.0,0.0,0.0,0.0,0.0,0.0,Matches
170,165,Norbert Gyömbér,DF,sk Slovakia,32-002,1992,2,0,32,0.4,0,0,0,0,0,0,1,0,0.0,0.0,0.1,0.1,4,4,0,0.0,0.0,0.0,0.0,0.0,0.0,4.13,4.13,0.0,4.13,Matches
171,166,Ianis Hagi,MF,ro Romania,25-257,1998,4,2,188,2.1,0,0,0,0,0,0,0,0,0.1,0.1,0.1,0.2,4,3,5,0.0,0.0,0.0,0.0,0.0,0.06,0.04,0.1,0.06,0.1,Matches
172,167,Dávid Hancko,DF,sk Slovakia,26-205,1997,4,4,366,4.1,0,0,0,0,0,0,0,0,0.2,0.2,0.0,0.3,6,20,14,0.0,0.0,0.0,0.0,0.0,0.07,0.01,0.07,0.07,0.07,Matches
173,168,Grant Hanley,DF,sct Scotland,32-228,1991,3,2,225,2.5,0,0,0,0,0,0,0,0,0.2,0.2,0.1,0.3,0,4,0,0.0,0.0,0.0,0.0,0.0,0.09,0.03,0.12,0.09,0.12,Matches
174,169,Lukáš Haraslín,FW,sk Slovakia,28-040,1996,4,4,264,2.9,0,1,1,0,0,0,0,0,0.5,0.5,0.6,1.1,13,2,20,0.0,0.34,0.34,0.0,0.34,0.16,0.2,0.36,0.16,0.36,Matches
175,170,Kai Havertz,"FW,MF",de Germany,25-024,1999,4,4,299,3.3,2,1,3,0,2,2,0,0,3.6,2.0,0.3,2.3,8,6,34,0.6,0.3,0.9,0.0,0.3,1.08,0.08,1.16,0.61,0.69,Matches
176,171,Jack Hendry,DF,sct Scotland,29-059,1995,3,3,261,2.9,0,0,0,0,0,0,0,0,0.0,0.0,0.0,0.0,1,6,2,0.0,0.0,0.0,0.0,0.0,0.01,0.0,0.01,0.01,0.01,Matches
177,172,Benjamin Henrichs,DF,de Germany,27-133,1997,1,0,10,0.1,0,0,0,0,0,0,0,0,0.0,0.0,0.0,0.0,1,2,1,0.0,0.0,0.0,0.0,0.0,0.17,0.0,0.17,0.17,0.17,Matches
178,173,Theo Hernández,DF,fr France,26-273,1997,4,4,360,4.0,0,0,0,0,0,0,0,0,0.2,0.2,0.9,1.2,14,28,43,0.0,0.0,0.0,0.0,0.0,0.06,0.23,0.29,0.06,0.29,Matches
179,174,Morten Hjulmand,MF,dk Denmark,25-010,1999,3,3,245,2.7,1,0,1,1,0,0,2,0,0.1,0.1,0.1,0.2,1,18,7,0.37,0.0,0.37,0.37,0.37,0.05,0.02,0.07,0.05,0.07,Matches
180,175,Adam Hložek,MF,cz Czechia,21-346,2002,2,2,108,1.2,0,0,0,0,0,0,0,0,0.5,0.5,0.0,0.5,1,1,3,0.0,0.0,0.0,0.0,0.0,0.46,0.0,0.46,0.46,0.46,Matches
182,176,Tomáš Holeš,DF,cz Czechia,31-096,1993,3,3,269,3.0,0,0,0,0,0,0,1,0,0.0,0.0,0.0,0.1,1,8,0,0.0,0.0,0.0,0.0,0.0,0.01,0.02,0.02,0.01,0.02,Matches
183,177,Arbër Hoxha,"FW,MF",al Albania,25-273,1998,3,0,50,0.6,0,0,0,0,0,0,1,0,0.1,0.1,0.0,0.1,7,1,3,0.0,0.0,0.0,0.0,0.0,0.17,0.08,0.25,0.17,0.25,Matches
184,178,Robin Hranáč,DF,cz Czechia,24-158,2000,3,3,270,3.0,0,1,1,0,0,0,0,0,0.3,0.3,0.5,0.8,1,8,1,0.0,0.33,0.33,0.0,0.33,0.11,0.16,0.27,0.11,0.27,Matches
185,179,Elseid Hysaj,DF,al Albania,30-136,1994,2,2,180,2.0,0,0,0,0,0,0,1,0,0.1,0.1,0.1,0.2,0,5,2,0.0,0.0,0.0,0.0,0.0,0.04,0.07,0.11,0.04,0.11,Matches
186,180,Pierre Højbjerg,MF,dk Denmark,28-335,1995,4,4,353,3.9,0,0,0,0,0,0,0,0,0.2,0.2,0.3,0.5,7,33,13,0.0,0.0,0.0,0.0,0.0,0.05,0.06,0.12,0.05,0.12,Matches
187,181,Rasmus Højlund,FW,dk Denmark,21-152,2003,4,4,286,3.2,0,0,0,0,0,0,0,0,0.7,0.7,0.1,0.8,6,3,28,0.0,0.0,0.0,0.0,0.0,0.21,0.04,0.25,0.21,0.25,Matches
188,182,Ivan Ilić,MF,rs Serbia,23-110,2001,3,2,201,2.2,0,1,1,0,0,0,0,0,0.0,0.0,0.3,0.4,3,13,6,0.0,0.45,0.45,0.0,0.45,0.02,0.15,0.17,0.02,0.17,Matches
189,183,Josip Iličić,"FW,MF",si Slovenia,36-158,1988,2,0,31,0.3,0,0,0,0,0,0,0,0,0.0,0.0,0.0,0.0,0,0,0,0.0,0.0,0.0,0.0,0.0,0.25,0.0,0.25,0.25,0.25,Matches
190,184,Gonçalo Inácio,DF,pt Portugal,22-315,2001,2,1,118,1.3,0,0,0,0,0,0,0,0,0.1,0.1,0.0,0.1,9,25,2,0.0,0.0,0.0,0.0,0.0,0.07,0.0,0.07,0.07,0.07,Matches
191,185,Luka Ivanušec,MF,hr Croatia,25-222,1998,1,0,21,0.2,0,0,0,0,0,0,1,0,0.0,0.0,0.0,0.0,0,0,0,0.0,0.0,0.0,0.0,0.0,0.0,0.0,0.0,0.0,0.0,Matches
192,186,Erik Janža,DF,si Slovenia,31-014,1993,3,3,269,3.0,1,0,1,1,0,0,2,0,0.0,0.0,0.6,0.6,3,11,5,0.33,0.0,0.33,0.33,0.33,0.01,0.19,0.21,0.01,0.21,Matches
193,187,Jorginho,MF,it Italy,32-198,1991,3,3,215,2.4,0,0,0,0,0,0,0,0,0.0,0.0,0.0,0.0,1,18,4,0.0,0.0,0.0,0.0,0.0,0.0,0.01,0.01,0.0,0.01,Matches
194,188,Joselu,FW,es Spain,34-100,1990,1,1,71,0.8,0,0,0,0,0,0,0,0,0.2,0.2,0.0,0.2,1,0,1,0.0,0.0,0.0,0.0,0.0,0.24,0.0,0.24,0.24,0.24,Matches
195,189,Diogo Jota,"FW,MF",pt Portugal,27-214,1996,3,0,100,1.1,0,0,0,0,0,0,0,0,0.7,0.7,0.3,1.0,6,2,13,0.0,0.0,0.0,0.0,0.0,0.86,0.4,1.26,0.86,1.26,Matches
196,190,Luka Jović,"MF,FW",rs Serbia,26-195,1997,3,0,102,1.1,1,0,1,1,0,0,1,0,0.2,0.2,0.0,0.2,1,1,3,0.88,0.0,0.88,0.88,0.88,0.17,0.04,0.2,0.17,0.2,Matches
197,191,Josip Juranović,DF,hr Croatia,28-324,1995,2,1,91,1.0,0,0,0,0,0,0,0,0,0.0,0.0,0.2,0.2,1,3,10,0.0,0.0,0.0,0.0,0.0,0.0,0.15,0.15,0.0,0.15,Matches
198,192,David Jurásek,DF,cz Czechia,23-333,2000,2,2,160,1.8,0,0,0,0,0,0,1,0,0.3,0.3,0.4,0.6,0,2,16,0.0,0.0,0.0,0.0,0.0,0.15,0.21,0.36,0.15,0.36,Matches
199,193,Matěj Jurásek,"DF,MF",cz Czechia,20-310,2003,2,0,46,0.5,0,0,0,0,0,0,0,0,0.1,0.1,0.0,0.1,6,2,13,0.0,0.0,0.0,0.0,0.0,0.17,0.08,0.25,0.17,0.25,Matches
200,194,Ferdi Kadioglu,"DF,MF",tr Türkiye,24-272,1999,4,4,360,4.0,0,0,0,0,0,0,0,0,0.1,0.1,0.8,0.9,21,21,21,0.0,0.0,0.0,0.0,0.0,0.02,0.21,0.23,0.02,0.23,Matches
201,195,İrfan Kahveci,FW,tr Türkiye,28-356,1995,1,0,8,0.1,0,0,0,0,0,0,0,0,0.0,0.0,0.0,0.0,0,0,0,0.0,0.0,0.0,0.0,0.0,0.0,0.0,0.0,0.0,0.0,Matches
202,196,Otar Kakabadze,"DF,MF",ge Georgia,29-008,1995,4,4,360,4.0,0,0,0,0,0,0,0,0,0.0,0.0,0.6,0.6,3,12,9,0.0,0.0,0.0,0.0,0.0,0.0,0.15,0.16,0.0,0.16,Matches
203,197,Harry Kane,FW,eng England,30-343,1993,4,4,353,3.9,2,0,2,2,0,0,0,0,1.9,1.9,0.1,2.0,3,8,14,0.51,0.0,0.51,0.51,0.51,0.47,0.03,0.5,0.47,0.5,Matches
204,198,N'Golo Kanté,MF,fr France,33-098,1991,4,4,330,3.7,0,0,0,0,0,0,0,0,0.1,0.1,1.4,1.5,6,27,8,0.0,0.0,0.0,0.0,0.0,0.02,0.37,0.4,0.02,0.4,Matches
205,199,Žan Karničnik,DF,si Slovenia,29-291,1994,4,4,390,4.3,1,0,1,1,0,0,1,0,0.5,0.5,0.0,0.5,8,7,10,0.23,0.0,0.23,0.23,0.23,0.13,0.0,0.13,0.13,0.13,Matches
206,200,Guram Kashia,DF,ge Georgia,37-001,1987,4,4,360,4.0,0,0,0,0,0,0,1,0,0.0,0.0,0.0,0.0,0,2,0,0.0,0.0,0.0,0.0,0.0,0.0,0.0,0.0,0.0,0.0,Matches
208,201,Milos Kerkez,DF,hu Hungary,20-241,2003,3,3,237,2.6,0,0,0,0,0,0,0,0,0.0,0.0,0.1,0.1,9,5,9,0.0,0.0,0.0,0.0,0.0,0.0,0.02,0.02,0.0,0.02,Matches
209,202,Joshua Kimmich,DF,de Germany,29-148,1995,4,4,360,4.0,0,1,1,0,0,0,0,0,0.3,0.3,0.7,1.0,11,32,38,0.0,0.25,0.25,0.0,0.25,0.09,0.17,0.26,0.09,0.26,Matches
210,203,Otar Kiteishvili,MF,ge Georgia,28-101,1996,2,2,130,1.4,0,0,0,0,0,0,0,0,0.0,0.0,0.0,0.0,1,2,0,0.0,0.0,0.0,0.0,0.0,0.0,0.03,0.03,0.0,0.03,Matches
211,204,Jakub Kiwior,DF,pl Poland,24-141,2000,3,3,270,3.0,0,0,0,0,0,0,0,0,0.1,0.1,0.2,0.4,2,4,5,0.0,0.0,0.0,0.0,0.0,0.05,0.07,0.12,0.05,0.12,Matches
212,205,László Kleinheisler,MF,hu Hungary,30-088,1994,2,0,51,0.6,0,0,0,0,0,0,1,0,0.0,0.0,0.0,0.0,0,2,1,0.0,0.0,0.0,0.0,0.0,0.0,0.0,0.0,0.0,0.0,Matches
213,206,Giorgi Kochorashvili,MF,ge Georgia,25-006,1999,4,4,360,4.0,0,1,1,0,0,0,1,0,0.3,0.3,0.4,0.7,4,18,4,0.0,0.25,0.25,0.0,0.25,0.08,0.09,0.17,0.08,0.17,Matches
214,207,Orkun Kökçü,MF,tr Türkiye,23-189,2000,4,3,221,2.5,0,2,2,0,0,0,2,0,1.0,1.0,1.1,2.1,7,11,10,0.0,0.81,0.81,0.0,0.81,0.4,0.47,0.87,0.4,0.87,Matches
215,208,Randal Kolo Muani,FW,fr France,25-213,1998,3,0,54,0.6,0,0,0,0,0,0,0,0,0.1,0.1,0.0,0.1,3,2,8,0.0,0.0,0.0,0.0,0.0,0.13,0.0,0.13,0.13,0.13,Matches
216,209,Yukhym Konoplia,DF,ua Ukraine,24-314,1999,1,1,71,0.8,0,0,0,0,0,0,1,0,0.0,0.0,0.0,0.0,3,3,10,0.0,0.0,0.0,0.0,0.0,0.0,0.0,0.0,0.0,0.0,Matches
217,210,Ezri Konsa,DF,eng England,26-256,1997,1,0,15,0.2,0,0,0,0,0,0,0,0,0.0,0.0,0.0,0.0,0,0,0,0.0,0.0,0.0,0.0,0.0,,,,,,Matches
218,211,Filip Kostić,DF,rs Serbia,31-247,1992,1,1,42,0.5,0,0,0,0,0,0,0,0,0.0,0.0,0.0,0.0,0,0,3,0.0,0.0,0.0,0.0,0.0,0.0,0.0,0.0,0.0,0.0,Matches
219,212,Jules Koundé,DF,fr France,25-236,1998,4,4,360,4.0,0,0,0,0,0,0,0,0,0.2,0.2,0.7,0.9,9,23,29,0.0,0.0,0.0,0.0,0.0,0.04,0.18,0.22,0.04,0.22,Matches
220,213,Mateo Kovačić,MF,hr Croatia,30-060,1994,3,3,223,2.5,0,0,0,0,0,0,0,0,0.5,0.5,0.1,0.6,12,11,4,0.0,0.0,0.0,0.0,0.0,0.21,0.06,0.26,0.21,0.26,Matches
221,214,Matej Kovar,GK,cz Czechia,24-049,2000,1,0,36,0.4,0,0,0,0,0,0,0,0,0.0,0.0,0.0,0.0,0,0,0,0.0,0.0,0.0,0.0,0.0,0.0,0.0,0.0,0.0,0.0,Matches
222,215,Andrej Kramarić,FW,hr Croatia,33-016,1991,3,3,243,2.7,1,0,1,1,0,0,0,0,0.7,0.7,0.2,0.9,5,7,32,0.37,0.0,0.37,0.37,0.37,0.28,0.07,0.35,0.28,0.35,Matches
223,216,Ladislav Krejčí,DF,cz Czechia,25-076,1999,3,3,270,3.0,0,0,0,0,0,0,1,0,0.3,0.3,0.0,0.4,6,19,0,0.0,0.0,0.0,0.0,0.0,0.11,0.01,0.13,0.11,0.13,Matches
224,217,Toni Kroos,MF,de Germany,34-183,1990,4,4,349,3.9,0,0,0,0,0,0,0,0,0.2,0.2,0.7,0.9,2,62,5,0.0,0.0,0.0,0.0,0.0,0.04,0.18,0.23,0.04,0.23,Matches
225,218,Jan Kuchta,FW,cz Czechia,27-179,1997,2,1,95,1.1,0,0,0,0,0,0,0,0,0.0,0.0,0.0,0.0,0,3,2,0.0,0.0,0.0,0.0,0.0,0.0,0.0,0.0,0.0,0.0,Matches
226,219,Juraj Kucka,MF,sk Slovakia,37-130,1987,4,4,350,3.9,0,1,1,0,0,0,1,0,0.4,0.4,0.5,0.9,3,6,10,0.0,0.26,0.26,0.0,0.26,0.11,0.12,0.23,0.11,0.23,Matches
227,220,Jasmin Kurtić,FW,si Slovenia,35-177,1989,1,0,1,0.0,0,0,0,0,0,0,0,0,0.0,0.0,0.0,0.0,0,0,0,0.0,0.0,0.0,0.0,0.0,0.0,0.0,0.0,0.0,0.0,Matches
228,221,Khvicha Kvaratskhelia,FW,ge Georgia,23-144,2001,4,4,342,3.8,1,0,1,1,0,0,0,0,1.0,1.0,0.6,1.6,16,10,19,0.26,0.0,0.26,0.26,0.26,0.26,0.16,0.42,0.26,0.42,Matches
229,222,Nika Kvekveskiri,MF,ge Georgia,32-037,1992,1,0,12,0.1,0,0,0,0,0,0,0,0,0.0,0.0,0.0,0.0,0,0,1,0.0,0.0,0.0,0.0,0.0,0.0,0.0,0.0,0.0,0.0,Matches
230,223,Giorgi Kvilitaia,FW,ge Georgia,30-278,1993,1,0,3,0.0,0,0,0,0,0,0,0,0,0.0,0.0,0.0,0.0,0,0,0,0.0,0.0,0.0,0.0,0.0,0.0,0.0,0.0,0.0,0.0,Matches
231,224,Solomon Kvirkvelia,DF,ge Georgia,32-150,1992,3,2,180,2.0,0,0,0,0,0,0,1,0,0.0,0.0,0.0,0.0,0,5,1,0.0,0.0,0.0,0.0,0.0,0.0,0.0,0.0,0.0,0.0,Matches
232,225,Qazim Laçi,"MF,FW",al Albania,28-168,1996,3,2,163,1.8,1,0,1,1,0,0,0,0,0.3,0.3,0.1,0.4,2,4,9,0.55,0.0,0.55,0.55,0.55,0.18,0.04,0.22,0.18,0.22,Matches
234,226,Konrad Laimer,"MF,FW",at Austria,27-039,1997,4,3,270,3.0,0,0,0,0,0,0,1,0,0.5,0.5,0.0,0.6,7,17,10,0.0,0.0,0.0,0.0,0.0,0.18,0.01,0.18,0.18,0.18,Matches
235,227,Ádám Lang,DF,hu Hungary,31-170,1993,1,1,45,0.5,0,0,0,0,0,0,0,0,0.0,0.0,0.0,0.0,0,2,0,0.0,0.0,0.0,0.0,0.0,0.0,0.0,0.0,0.0,0.0,Matches
236,228,Aymeric Laporte,DF,es Spain,30-039,1994,3,3,225,2.5,0,0,0,0,0,0,0,0,0.2,0.2,0.1,0.3,5,23,1,0.0,0.0,0.0,0.0,0.0,0.08,0.04,0.12,0.08,0.12,Matches
237,229,Robin Le Normand,DF,es Spain,27-237,1996,4,3,315,3.5,0,0,0,0,0,0,1,0,0.2,0.2,0.0,0.2,1,13,1,0.0,0.0,0.0,0.0,0.0,0.06,0.01,0.07,0.06,0.07,Matches
238,230,Rafael Leão,FW,pt Portugal,25-025,1999,3,3,182,2.0,0,0,0,0,0,0,2,0,0.1,0.1,0.1,0.2,19,5,19,0.0,0.0,0.0,0.0,0.0,0.04,0.05,0.09,0.04,0.09,Matches
239,231,Robert Lewandowski,FW,pl Poland,35-319,1988,2,1,121,1.3,1,0,1,0,1,1,1,0,1.0,0.2,0.1,0.2,0,2,5,0.74,0.0,0.74,0.0,0.0,0.71,0.05,0.76,0.12,0.17,Matches
240,232,Philipp Lienhart,DF,at Austria,27-360,1996,3,3,214,2.4,0,0,0,0,0,0,1,0,0.3,0.3,0.0,0.3,2,8,0,0.0,0.0,0.0,0.0,0.0,0.11,0.0,0.11,0.11,0.11,Matches
241,233,Ondřej Lingr,"MF,FW",cz Czechia,25-272,1998,3,0,83,0.9,0,0,0,0,0,0,0,0,0.5,0.5,0.0,0.5,1,2,6,0.0,0.0,0.0,0.0,0.0,0.51,0.0,0.51,0.51,0.51,Matches
242,234,Dominik Livaković,GK,hr Croatia,29-178,1995,3,3,270,3.0,0,0,0,0,0,0,0,0,0.0,0.0,0.0,0.0,0,0,0,0.0,0.0,0.0,0.0,0.0,0.0,0.0,0.0,0.0,0.0,Matches
243,235,Stanislav Lobotka,MF,sk Slovakia,29-223,1994,4,4,390,4.3,0,0,0,0,0,0,0,0,0.0,0.0,0.1,0.1,8,17,1,0.0,0.0,0.0,0.0,0.0,0.01,0.03,0.03,0.01,0.03,Matches
244,236,Saba Lobzhanidze,FW,ge Georgia,29-200,1994,1,0,9,0.1,0,0,0,0,0,0,0,0,0.2,0.2,0.0,0.2,1,0,2,0.0,0.0,0.0,0.0,0.0,1.82,0.0,1.82,1.82,1.82,Matches
245,237,Luka Lochoshvili,"DF,MF",ge Georgia,26-037,1998,4,2,170,1.9,0,0,0,0,0,0,0,0,0.1,0.1,0.0,0.1,1,1,2,0.0,0.0,0.0,0.0,0.0,0.03,0.0,0.03,0.03,0.03,Matches
246,238,Fermin López,MF,es Spain,21-055,2003,1,0,29,0.3,0,0,0,0,0,0,0,0,0.1,0.1,0.0,0.1,0,1,1,0.0,0.0,0.0,0.0,0.0,0.17,0.0,0.17,0.17,0.17,Matches
247,239,Romelu Lukaku,FW,be Belgium,31-053,1993,4,4,359,4.0,0,1,1,0,0,0,0,0,1.7,1.7,0.2,1.9,6,3,19,0.0,0.25,0.25,0.0,0.25,0.42,0.06,0.48,0.42,0.48,Matches
248,240,Dodi Lukebakio,"FW,DF",be Belgium,26-285,1997,3,1,65,0.7,0,0,0,0,0,0,2,0,0.2,0.2,0.1,0.4,3,1,13,0.0,0.0,0.0,0.0,0.0,0.33,0.19,0.52,0.33,0.52,Matches
249,241,Saša Lukić,MF,rs Serbia,27-327,1996,3,3,209,2.3,0,0,0,0,0,0,1,0,0.1,0.1,0.0,0.1,5,5,7,0.0,0.0,0.0,0.0,0.0,0.04,0.0,0.04,0.04,0.04,Matches
250,242,Andriy Lunin,GK,ua Ukraine,25-145,1999,1,1,90,1.0,0,0,0,0,0,0,0,0,0.0,0.0,0.0,0.0,0,0,0,0.0,0.0,0.0,0.0,0.0,0.0,0.0,0.0,0.0,0.0,Matches
251,243,Mike Maignan,GK,fr France,29-002,1995,4,4,360,4.0,0,0,0,0,0,0,0,0,0.0,0.0,0.0,0.0,0,0,0,0.0,0.0,0.0,0.0,0.0,0.0,0.0,0.0,0.0,0.0,Matches
252,244,Kobbie Mainoo,MF,eng England,19-077,2005,3,1,133,1.5,0,0,0,0,0,0,1,0,0.1,0.1,0.0,0.1,2,9,7,0.0,0.0,0.0,0.0,0.0,0.06,0.01,0.06,0.06,0.06,Matches
253,245,Lovro Majer,"FW,MF",hr Croatia,26-170,1998,3,2,146,1.6,0,0,0,0,0,0,0,0,0.2,0.2,0.3,0.5,4,11,10,0.0,0.0,0.0,0.0,0.0,0.11,0.2,0.31,0.11,0.31,Matches
254,246,Donyell Malen,FW,nl Netherlands,25-178,1999,3,1,145,1.6,2,0,2,2,0,0,1,0,1.8,1.8,0.2,2.0,12,7,22,1.24,0.0,1.24,1.24,1.24,1.12,0.14,1.26,1.12,1.26,Matches
255,247,Ruslan Malinovskyi,MF,ua Ukraine,31-062,1993,3,0,35,0.4,0,0,0,0,0,0,0,0,0.1,0.1,0.3,0.3,1,4,0,0.0,0.0,0.0,0.0,0.0,0.19,0.71,0.9,0.19,0.9,Matches
256,248,Giorgi Mamardashvili,GK,ge Georgia,23-280,2000,4,4,360,4.0,0,0,0,0,0,0,0,0,0.0,0.0,0.0,0.0,0,0,0,0.0,0.0,0.0,0.0,0.0,0.0,0.0,0.0,0.0,0.0,Matches
257,249,Dennis Man,MF,ro Romania,25-314,1998,4,3,266,3.0,0,2,2,0,0,0,0,0,0.3,0.3,1.0,1.3,5,5,19,0.0,0.68,0.68,0.0,0.68,0.11,0.32,0.43,0.11,0.43,Matches
258,250,Rey Manaj,FW,al Albania,27-132,1997,3,2,156,1.7,0,0,0,0,0,0,0,0,0.4,0.4,0.0,0.4,0,0,4,0.0,0.0,0.0,0.0,0.0,0.21,0.0,0.21,0.21,0.21,Matches
260,251,Gianluca Mancini,DF,it Italy,28-079,1996,1,1,90,1.0,0,0,0,0,0,0,1,0,0.0,0.0,0.0,0.0,2,0,0,0.0,0.0,0.0,0.0,0.0,0.0,0.0,0.0,0.0,0.0,Matches
261,252,Orel Mangala,MF,be Belgium,26-109,1998,4,1,133,1.5,0,0,0,0,0,0,2,0,0.0,0.0,0.2,0.2,0,6,2,0.0,0.0,0.0,0.0,0.0,0.0,0.12,0.12,0.0,0.12,Matches
262,253,Marius Marin,MF,ro Romania,25-310,1998,4,4,302,3.4,0,0,0,0,0,0,2,0,0.0,0.0,0.2,0.2,0,6,2,0.0,0.0,0.0,0.0,0.0,0.0,0.06,0.06,0.0,0.06,Matches
263,254,Răzvan Marin,MF,ro Romania,28-043,1996,4,4,355,3.9,2,0,2,1,1,1,1,0,0.9,0.1,0.1,0.2,3,11,5,0.51,0.0,0.51,0.25,0.25,0.24,0.01,0.25,0.04,0.05,Matches
264,255,Ádám Martin,"FW,DF",hu Hungary,29-242,1994,3,0,45,0.5,0,0,0,0,0,0,0,0,0.0,0.0,0.1,0.1,0,0,2,0.0,0.0,0.0,0.0,0.0,0.0,0.18,0.18,0.0,0.18,Matches
265,256,Mykola Matviyenko,DF,ua Ukraine,28-064,1996,3,3,270,3.0,0,0,0,0,0,0,0,0,0.0,0.0,0.2,0.2,7,11,1,0.0,0.0,0.0,0.0,0.0,0.0,0.07,0.07,0.0,0.07,Matches
266,257,Kylian Mbappé,FW,fr France,25-198,1998,3,3,269,3.0,1,0,1,0,1,1,1,0,2.5,1.8,0.0,1.8,21,23,34,0.33,0.0,0.33,0.0,0.0,0.85,0.0,0.85,0.59,0.59,Matches
267,258,John McGinn,"MF,FW",sct Scotland,29-261,1994,3,3,230,2.6,0,0,0,0,0,0,1,0,0.0,0.0,0.0,0.0,2,4,9,0.0,0.0,0.0,0.0,0.0,0.0,0.0,0.0,0.0,0.0,Matches
268,259,Callum McGregor,MF,sct Scotland,31-021,1993,3,3,246,2.7,0,1,1,0,0,0,0,0,0.1,0.1,0.1,0.3,0,5,3,0.0,0.37,0.37,0.0,0.37,0.05,0.05,0.1,0.05,0.1,Matches
269,260,Scott McKenna,DF,sct Scotland,27-236,1996,3,1,134,1.5,0,0,0,0,0,0,1,0,0.0,0.0,0.0,0.0,0,1,3,0.0,0.0,0.0,0.0,0.0,0.02,0.0,0.02,0.02,0.02,Matches
270,261,Kenny McLean,MF,sct Scotland,32-179,1992,3,0,44,0.5,0,0,0,0,0,0,0,0,0.0,0.0,0.0,0.0,0,2,1,0.0,0.0,0.0,0.0,0.0,0.03,0.0,0.03,0.03,0.03,Matches
271,262,Scott McTominay,MF,sct Scotland,27-210,1996,3,3,270,3.0,1,0,1,1,0,0,2,0,0.3,0.3,0.1,0.4,2,4,4,0.33,0.0,0.33,0.33,0.33,0.1,0.04,0.14,0.1,0.14,Matches
272,263,Anzor Mekvabishvili,MF,ge Georgia,23-030,2001,3,2,188,2.1,0,0,0,0,0,0,2,0,0.1,0.1,0.0,0.1,2,8,4,0.0,0.0,0.0,0.0,0.0,0.06,0.0,0.06,0.06,0.06,Matches
273,264,Memphis,FW,nl Netherlands,30-143,1994,4,4,337,3.7,1,0,1,1,0,0,0,0,1.6,1.6,0.6,2.3,4,10,24,0.27,0.0,0.27,0.27,0.27,0.43,0.17,0.6,0.43,0.6,Matches
274,265,Nuno Mendes,DF,pt Portugal,22-016,2002,3,3,299,3.3,0,0,0,0,0,0,0,0,0.1,0.1,0.0,0.1,11,23,17,0.0,0.0,0.0,0.0,0.0,0.02,0.01,0.03,0.02,0.03,Matches
275,266,Mikel Merino,MF,es Spain,28-013,1996,4,1,124,1.4,0,0,0,0,0,0,0,0,0.3,0.3,0.4,0.7,1,12,9,0.0,0.0,0.0,0.0,0.0,0.21,0.26,0.47,0.21,0.47,Matches
276,267,Valentin Mihaila,MF,ro Romania,24-154,2000,3,1,115,1.3,0,0,0,0,0,0,0,0,0.1,0.1,0.0,0.1,0,2,5,0.0,0.0,0.0,0.0,0.0,0.09,0.0,0.09,0.09,0.09,Matches
277,268,Srđan Mijailović,DF,rs Serbia,30-238,1993,1,1,72,0.8,0,0,0,0,0,0,0,0,0.0,0.0,0.0,0.0,1,0,2,0.0,0.0,0.0,0.0,0.0,0.0,0.0,0.0,0.0,0.0,Matches
278,269,Georges Mikautadze,FW,ge Georgia,23-248,2000,4,4,345,3.8,3,1,4,1,2,2,0,0,2.3,0.7,0.5,1.2,4,7,16,0.78,0.26,1.04,0.26,0.52,0.59,0.13,0.71,0.18,0.3,Matches
279,270,Nikola Milenković,DF,rs Serbia,26-267,1997,3,3,270,3.0,0,0,0,0,0,0,1,0,0.0,0.0,0.0,0.0,2,9,0,0.0,0.0,0.0,0.0,0.0,0.0,0.01,0.01,0.0,0.01,Matches
280,271,Sergej Milinković-Savić,MF,rs Serbia,29-129,1995,3,1,121,1.3,0,0,0,0,0,0,0,0,0.2,0.2,0.1,0.3,3,7,7,0.0,0.0,0.0,0.0,0.0,0.18,0.05,0.23,0.18,0.23,Matches
281,272,Mario Mitaj,DF,al Albania,20-334,2003,3,3,270,3.0,0,0,0,0,0,0,0,0,0.0,0.0,0.0,0.0,0,6,4,0.0,0.0,0.0,0.0,0.0,0.01,0.0,0.01,0.01,0.01,Matches
282,273,Aleksandar Mitrović,FW,rs Serbia,29-293,1994,3,3,240,2.7,0,0,0,0,0,0,1,0,1.2,1.2,0.0,1.2,0,2,10,0.0,0.0,0.0,0.0,0.0,0.44,0.0,0.44,0.44,0.44,Matches
283,274,Maximilian Mittelstädt,DF,de Germany,27-109,1997,3,3,240,2.7,0,1,1,0,0,0,1,0,0.1,0.1,0.4,0.5,8,8,37,0.0,0.37,0.37,0.0,0.37,0.04,0.16,0.2,0.04,0.2,Matches
284,275,Filip Mladenović,DF,rs Serbia,32-325,1991,3,1,111,1.2,0,0,0,0,0,0,1,0,0.0,0.0,0.0,0.0,2,2,9,0.0,0.0,0.0,0.0,0.0,0.0,0.01,0.01,0.0,0.01,Matches
286,276,Jan Mlakar,MF,si Slovenia,25-256,1998,4,4,295,3.3,0,0,0,0,0,0,0,0,0.1,0.1,0.0,0.1,4,6,5,0.0,0.0,0.0,0.0,0.0,0.04,0.01,0.04,0.04,0.04,Matches
287,277,Jakub Moder,MF,pl Poland,25-089,1999,3,1,180,2.0,0,0,0,0,0,0,1,0,0.6,0.6,0.0,0.6,2,8,4,0.0,0.0,0.0,0.0,0.0,0.32,0.0,0.32,0.32,0.32,Matches
288,278,Luka Modrić,MF,hr Croatia,38-300,1985,3,3,233,2.6,1,0,1,1,0,1,1,0,1.0,0.1,0.6,0.7,11,21,8,0.39,0.0,0.39,0.39,0.39,0.37,0.25,0.62,0.03,0.28,Matches
289,279,Vasile Mogos,DF,ro Romania,31-248,1992,1,1,37,0.4,0,0,0,0,0,0,0,0,0.0,0.0,0.0,0.0,0,1,1,0.0,0.0,0.0,0.0,0.0,0.0,0.0,0.0,0.0,0.0,Matches
290,280,Álvaro Morata,FW,es Spain,31-256,1992,4,3,228,2.5,1,0,1,1,0,0,1,0,1.0,1.0,0.4,1.5,4,2,15,0.39,0.0,0.39,0.39,0.39,0.41,0.17,0.57,0.41,0.57,Matches
291,281,Lewis Morgan,DF,sct Scotland,27-279,1996,1,0,2,0.0,0,0,0,0,0,0,0,0,0.0,0.0,0.0,0.0,1,0,1,0.0,0.0,0.0,0.0,0.0,1.79,0.0,1.79,1.79,1.79,Matches
292,282,Ernest Muçi,FW,al Albania,23-108,2001,2,0,14,0.2,0,0,0,0,0,0,0,0,0.0,0.0,0.0,0.0,0,0,1,0.0,0.0,0.0,0.0,0.0,0.0,0.0,0.0,0.0,0.0,Matches
293,283,Mykhailo Mudryk,"FW,MF",ua Ukraine,23-182,2001,2,2,174,1.9,0,0,0,0,0,0,0,0,0.4,0.4,0.4,0.9,11,7,16,0.0,0.0,0.0,0.0,0.0,0.23,0.22,0.44,0.23,0.44,Matches
294,284,Mert Müldür,"DF,MF",tr Türkiye,25-093,1999,3,3,264,2.9,1,0,1,1,0,0,1,0,0.6,0.6,0.0,0.6,9,9,9,0.34,0.0,0.34,0.34,0.34,0.19,0.01,0.2,0.19,0.2,Matches
295,285,Thomas Müller,FW,de Germany,34-296,1989,1,0,17,0.2,0,1,1,0,0,0,0,0,0.0,0.0,0.0,0.0,1,1,2,0.0,5.29,5.29,0.0,5.29,0.0,0.19,0.19,0.0,0.19,Matches
296,286,Jamal Musiala,FW,de Germany,21-130,2003,4,4,299,3.3,3,0,3,3,0,0,0,0,0.9,0.9,0.2,1.1,23,15,28,0.9,0.0,0.9,0.9,0.9,0.26,0.06,0.32,0.26,0.32,Matches
297,287,Phillipp Mwene,DF,at Austria,30-158,1994,3,3,194,2.2,0,1,1,0,0,0,1,0,0.0,0.0,0.1,0.1,6,7,18,0.0,0.46,0.46,0.0,0.46,0.0,0.05,0.05,0.0,0.05,Matches
298,288,Vitaliy Mykolenko,DF,ua Ukraine,25-037,1999,1,1,57,0.6,0,0,0,0,0,0,0,0,0.0,0.0,0.1,0.1,1,1,6,0.0,0.0,0.0,0.0,0.0,0.0,0.18,0.18,0.0,0.18,Matches
299,289,Joakim Mæhle,"DF,MF",dk Denmark,27-046,1997,4,3,283,3.1,0,0,0,0,0,0,2,0,0.1,0.1,0.4,0.5,12,10,21,0.0,0.0,0.0,0.0,0.0,0.04,0.12,0.16,0.04,0.16,Matches
300,290,Nacho,DF,es Spain,34-169,1990,1,1,90,1.0,0,0,0,0,0,0,0,0,0.0,0.0,0.0,0.0,0,4,0,0.0,0.0,0.0,0.0,0.0,0.0,0.02,0.02,0.0,0.02,Matches
301,291,Ádám Nagy,MF,hu Hungary,29-018,1995,3,2,159,1.8,0,0,0,0,0,0,0,0,0.0,0.0,0.0,0.0,0,8,0,0.0,0.0,0.0,0.0,0.0,0.01,0.0,0.01,0.01,0.01,Matches
302,292,Zsolt Nagy,DF,hu Hungary,31-041,1993,2,0,21,0.2,0,0,0,0,0,0,0,0,0.0,0.0,0.0,0.0,0,1,2,0.0,0.0,0.0,0.0,0.0,0.0,0.0,0.0,0.0,0.0,Matches
303,293,Jesús Navas,DF,es Spain,38-227,1985,2,1,100,1.1,0,0,0,0,0,0,0,0,0.0,0.0,0.2,0.2,6,0,7,0.0,0.0,0.0,0.0,0.0,0.0,0.19,0.19,0.0,0.19,Matches
304,294,Dan Ndoye,"MF,DF",ch Switzerland,23-254,2000,4,4,310,3.4,1,0,1,1,0,0,1,0,1.5,1.5,0.1,1.7,18,7,27,0.29,0.0,0.29,0.29,0.29,0.45,0.04,0.48,0.45,0.48,Matches
305,295,Pedro Neto,"DF,FW",pt Portugal,24-118,2000,3,1,120,1.3,0,0,0,0,0,0,1,0,0.0,0.0,0.0,0.0,16,5,19,0.0,0.0,0.0,0.0,0.0,0.0,0.01,0.01,0.0,0.01,Matches
306,296,Manuel Neuer,GK,de Germany,38-100,1986,4,4,360,4.0,0,0,0,0,0,0,0,0,0.0,0.0,0.0,0.0,0,0,0,0.0,0.0,0.0,0.0,0.0,0.0,0.0,0.0,0.0,0.0,Matches
307,297,João Neves,MF,pt Portugal,19-282,2004,2,1,77,0.9,0,0,0,0,0,0,0,0,0.1,0.1,0.0,0.1,1,8,3,0.0,0.0,0.0,0.0,0.0,0.06,0.0,0.06,0.06,0.06,Matches
308,298,Rúben Neves,MF,pt Portugal,27-114,1997,3,0,94,1.0,0,0,0,0,0,0,1,0,0.1,0.1,0.1,0.1,3,8,4,0.0,0.0,0.0,0.0,0.0,0.05,0.07,0.12,0.05,0.12,Matches
309,299,Florin Niță,GK,ro Romania,37-002,1987,4,4,360,4.0,0,0,0,0,0,0,0,0,0.0,0.0,0.0,0.0,0,0,0,0.0,0.0,0.0,0.0,0.0,0.0,0.0,0.0,0.0,0.0,Matches
310,300,Matheus Nunes,MF,pt Portugal,25-313,1998,1,0,16,0.2,0,0,0,0,0,0,0,0,0.3,0.3,0.0,0.3,2,1,1,0.0,0.0,0.0,0.0,0.0,1.41,0.12,1.54,1.41,1.54,Matches
312,301,Christian Nørgaard,MF,dk Denmark,30-117,1994,3,0,38,0.4,0,0,0,0,0,0,1,0,0.0,0.0,0.0,0.0,0,3,0,0.0,0.0,0.0,0.0,0.0,0.0,0.05,0.05,0.0,0.05,Matches
313,302,Adam Obert,DF,sk Slovakia,21-317,2002,2,0,25,0.3,0,0,0,0,0,0,0,0,0.0,0.0,0.0,0.0,1,5,3,0.0,0.0,0.0,0.0,0.0,0.0,0.0,0.0,0.0,0.0,Matches
314,303,Jan Oblak,GK,si Slovenia,31-180,1993,4,4,390,4.3,0,0,0,0,0,0,0,0,0.0,0.0,0.0,0.0,0,0,0,0.0,0.0,0.0,0.0,0.0,0.0,0.0,0.0,0.0,0.0,Matches
315,304,Darius Olaru,MF,ro Romania,26-124,1998,2,0,26,0.3,0,0,0,0,0,0,0,0,0.0,0.0,0.0,0.0,0,3,1,0.0,0.0,0.0,0.0,0.0,0.0,0.0,0.0,0.0,0.0,Matches
316,305,Dani Olmo,"MF,FW",es Spain,26-059,1998,3,1,154,1.7,1,1,2,1,0,0,0,0,0.9,0.9,0.9,1.7,9,10,17,0.58,0.58,1.17,0.58,1.17,0.5,0.52,1.02,0.5,1.02,Matches
317,306,Amadou Onana,MF,be Belgium,22-324,2001,4,4,360,4.0,0,0,0,0,0,0,0,0,0.1,0.1,0.0,0.1,4,17,1,0.0,0.0,0.0,0.0,0.0,0.03,0.0,0.03,0.03,0.03,Matches
318,307,Loïs Openda,FW,be Belgium,24-140,2000,3,1,70,0.8,0,0,0,0,0,0,0,0,0.0,0.0,0.0,0.0,0,1,1,0.0,0.0,0.0,0.0,0.0,0.0,0.06,0.06,0.0,0.06,Matches
319,308,Willi Orban,DF,hu Hungary,31-245,1992,3,3,270,3.0,0,0,0,0,0,0,1,0,0.6,0.6,0.1,0.7,0,7,2,0.0,0.0,0.0,0.0,0.0,0.2,0.05,0.24,0.2,0.24,Matches
320,309,Mikel Oyarzabal,FW,es Spain,27-075,1997,4,1,122,1.4,0,1,1,0,0,0,0,0,0.4,0.4,0.2,0.6,2,4,11,0.0,0.74,0.74,0.0,0.74,0.27,0.17,0.43,0.27,0.43,Matches
321,310,Salih Özcan,MF,tr Türkiye,26-176,1998,3,1,79,0.9,0,0,0,0,0,0,1,0,0.0,0.0,0.0,0.0,0,3,1,0.0,0.0,0.0,0.0,0.0,0.0,0.0,0.0,0.0,0.0,Matches
322,311,João Palhinha,MF,pt Portugal,28-362,1995,3,3,210,2.3,0,0,0,0,0,0,1,0,0.2,0.2,0.1,0.2,0,16,1,0.0,0.0,0.0,0.0,0.0,0.08,0.03,0.11,0.08,0.11,Matches
323,312,Cole Palmer,"FW,MF",eng England,22-060,2002,2,0,75,0.8,0,0,0,0,0,0,0,0,0.0,0.0,0.0,0.0,2,9,15,0.0,0.0,0.0,0.0,0.0,0.09,0.0,0.09,0.09,0.09,Matches
324,313,Mario Pašalić,"FW,MF",hr Croatia,29-147,1995,3,1,116,1.3,0,0,0,0,0,0,0,0,0.4,0.4,0.0,0.4,2,5,7,0.0,0.0,0.0,0.0,0.0,0.29,0.0,0.29,0.29,0.29,Matches
325,314,Strahinja Pavlović,DF,rs Serbia,23-042,2001,3,3,270,3.0,0,0,0,0,0,0,0,0,0.0,0.0,0.1,0.1,8,13,4,0.0,0.0,0.0,0.0,0.0,0.0,0.02,0.02,0.0,0.02,Matches
326,315,Pedri,MF,es Spain,21-223,2002,3,3,179,2.0,0,1,1,0,0,0,0,0,1.1,1.1,0.8,1.8,6,10,16,0.0,0.5,0.5,0.0,0.5,0.53,0.4,0.93,0.53,0.93,Matches
327,316,Peter Pekarík,DF,sk Slovakia,37-249,1986,4,4,377,4.2,0,0,0,0,0,0,1,0,0.7,0.7,0.2,0.9,7,10,9,0.0,0.0,0.0,0.0,0.0,0.16,0.06,0.22,0.16,0.22,Matches
328,317,Lorenzo Pellegrini,"FW,MF",it Italy,28-016,1996,4,3,218,2.4,0,1,1,0,0,0,1,0,0.5,0.5,0.5,1.0,10,8,14,0.0,0.41,0.41,0.0,0.41,0.22,0.19,0.41,0.22,0.41,Matches
329,318,Patrick Pentz,GK,at Austria,27-185,1997,4,4,360,4.0,0,0,0,0,0,0,0,0,0.0,0.0,0.0,0.0,0,1,0,0.0,0.0,0.0,0.0,0.0,0.0,0.0,0.0,0.0,0.0,Matches
330,319,Pepe,DF,pt Portugal,41-130,1983,3,3,288,3.2,0,0,0,0,0,0,0,0,0.0,0.0,0.0,0.1,2,16,0,0.0,0.0,0.0,0.0,0.0,0.01,0.01,0.02,0.01,0.02,Matches
331,320,Danilo Pereira,DF,pt Portugal,32-300,1991,1,1,90,1.0,0,0,0,0,0,0,0,0,0.1,0.1,0.0,0.1,1,5,0,0.0,0.0,0.0,0.0,0.0,0.12,0.0,0.12,0.12,0.12,Matches
332,321,Ayoze Pérez,FW,es Spain,30-342,1993,1,0,13,0.1,0,0,0,0,0,0,0,0,0.3,0.3,0.0,0.3,2,1,3,0.0,0.0,0.0,0.0,0.0,2.01,0.0,2.01,2.01,2.01,Matches
333,322,Ivan Perišić,"DF,FW",hr Croatia,35-154,1989,3,1,139,1.5,0,0,0,0,0,0,0,0,0.1,0.1,0.4,0.5,8,4,17,0.0,0.0,0.0,0.0,0.0,0.07,0.24,0.31,0.07,0.31,Matches
334,323,Bruno Petković,FW,hr Croatia,29-293,1994,2,1,87,1.0,0,0,0,0,0,1,0,0,1.1,0.3,0.1,0.4,2,4,2,0.0,0.0,0.0,0.0,0.0,1.11,0.08,1.2,0.3,0.38,Matches
335,324,Krzysztof Piątek,FW,pl Poland,29-004,1995,1,1,59,0.7,1,0,1,1,0,0,0,0,0.5,0.5,0.0,0.5,0,0,2,1.53,0.0,1.53,1.53,1.53,0.82,0.0,0.82,0.82,0.82,Matches
336,325,Jordan Pickford,GK,eng England,30-120,1994,4,4,390,4.3,0,0,0,0,0,0,0,0,0.0,0.0,0.0,0.0,0,1,0,0.0,0.0,0.0,0.0,0.0,0.0,0.0,0.0,0.0,0.0,Matches
338,326,Jakub Piotrowski,MF,pl Poland,26-275,1997,2,1,58,0.6,0,0,0,0,0,0,0,0,0.2,0.2,0.2,0.4,2,1,2,0.0,0.0,0.0,0.0,0.0,0.25,0.35,0.6,0.25,0.6,Matches
339,327,Marin Pongračić,DF,hr Croatia,26-298,1997,2,2,180,2.0,0,0,0,0,0,0,1,0,0.0,0.0,0.0,0.0,0,3,0,0.0,0.0,0.0,0.0,0.0,0.0,0.0,0.0,0.0,0.0,Matches
340,328,Ryan Porteous,DF,sct Scotland,25-102,1999,1,1,43,0.5,0,0,0,0,0,0,0,1,0.0,0.0,0.0,0.0,0,0,0,0.0,0.0,0.0,0.0,0.0,0.0,0.0,0.0,0.0,0.0,Matches
341,329,Stefan Posch,DF,at Austria,27-052,1997,4,4,360,4.0,0,1,1,0,0,0,1,0,0.3,0.3,1.8,2.1,6,18,28,0.0,0.25,0.25,0.0,0.25,0.07,0.45,0.53,0.07,0.53,Matches
342,330,Yussuf Poulsen,"FW,MF",dk Denmark,30-020,1994,4,0,57,0.6,0,0,0,0,0,0,0,0,0.0,0.0,0.0,0.0,1,1,5,0.0,0.0,0.0,0.0,0.0,0.0,0.07,0.07,0.0,0.07,Matches
343,331,Alexander Prass,DF,at Austria,23-040,2001,4,1,166,1.8,0,1,1,0,0,0,0,0,0.0,0.0,0.4,0.4,6,7,6,0.0,0.54,0.54,0.0,0.54,0.0,0.2,0.2,0.0,0.2,Matches
344,332,Lukáš Provod,MF,cz Czechia,27-256,1996,3,3,232,2.6,1,0,1,1,0,0,1,0,0.1,0.1,0.3,0.4,5,3,4,0.39,0.0,0.39,0.39,0.39,0.04,0.12,0.17,0.04,0.17,Matches
345,333,George Pușcaș,FW,ro Romania,28-088,1996,2,0,40,0.4,0,0,0,0,0,0,1,0,0.0,0.0,0.0,0.0,0,0,1,0.0,0.0,0.0,0.0,0.0,0.0,0.0,0.0,0.0,0.0,Matches
346,334,Leopold Querfeld,DF,at Austria,20-198,2003,1,0,27,0.3,0,0,0,0,0,0,1,0,0.0,0.0,0.0,0.0,0,0,0,0.0,0.0,0.0,0.0,0.0,0.0,0.0,0.0,0.0,0.0,Matches
347,335,Adrien Rabiot,MF,fr France,29-093,1995,4,4,310,3.4,0,0,0,0,0,0,2,0,0.3,0.3,0.4,0.7,10,24,18,0.0,0.0,0.0,0.0,0.0,0.08,0.11,0.19,0.08,0.19,Matches
348,336,Bogdan Racovitan,DF,ro Romania,24-029,2000,2,0,57,0.6,0,0,0,0,0,0,0,0,0.0,0.0,0.0,0.0,1,1,0,0.0,0.0,0.0,0.0,0.0,0.0,0.0,0.0,0.0,0.0,Matches
349,337,Predrag Rajković,GK,rs Serbia,28-248,1995,3,3,270,3.0,0,0,0,0,0,0,0,0,0.0,0.0,0.0,0.0,0,0,0,0.0,0.0,0.0,0.0,0.0,0.0,0.0,0.0,0.0,0.0,Matches
350,338,Anthony Ralston,DF,sct Scotland,25-232,1998,3,3,262,2.9,0,0,0,0,0,0,1,0,0.0,0.0,0.1,0.1,2,4,4,0.0,0.0,0.0,0.0,0.0,0.0,0.03,0.03,0.0,0.03,Matches
351,339,Ylber Ramadani,MF,al Albania,28-084,1996,3,3,264,2.9,0,0,0,0,0,0,0,0,0.0,0.0,0.0,0.0,2,4,0,0.0,0.0,0.0,0.0,0.0,0.0,0.02,0.02,0.0,0.02,Matches
352,340,Gonçalo Ramos,FW,pt Portugal,23-015,2001,1,0,25,0.3,0,0,0,0,0,0,0,0,0.1,0.1,0.0,0.1,0,0,0,0.0,0.0,0.0,0.0,0.0,0.25,0.0,0.25,0.25,0.25,Matches
353,341,Giacomo Raspadori,FW,it Italy,24-138,2000,2,1,83,0.9,0,0,0,0,0,0,0,0,0.1,0.1,0.4,0.4,1,9,5,0.0,0.0,0.0,0.0,0.0,0.09,0.4,0.49,0.09,0.49,Matches
354,342,Andrei Ratiu,DF,ro Romania,26-015,1998,4,4,359,4.0,0,0,0,0,0,0,0,0,0.1,0.1,0.0,0.2,3,8,7,0.0,0.0,0.0,0.0,0.0,0.03,0.01,0.04,0.03,0.04,Matches
355,343,David Raum,DF,de Germany,26-074,1998,2,1,110,1.2,0,1,1,0,0,0,0,0,0.0,0.0,1.1,1.1,7,7,3,0.0,0.82,0.82,0.0,0.82,0.02,0.91,0.93,0.02,0.93,Matches
356,344,David Raya,GK,es Spain,28-294,1995,1,1,90,1.0,0,0,0,0,0,0,0,0,0.0,0.0,0.0,0.0,0,0,0,0.0,0.0,0.0,0.0,0.0,0.0,0.0,0.0,0.0,0.0,Matches
357,345,Tijjani Reijnders,MF,nl Netherlands,25-342,1998,4,4,334,3.7,0,0,0,0,0,0,0,0,0.7,0.7,0.6,1.2,14,24,9,0.0,0.0,0.0,0.0,0.0,0.18,0.16,0.33,0.18,0.33,Matches
358,346,Mateo Retegui,FW,it Italy,25-067,1999,4,1,152,1.7,0,0,0,0,0,0,0,0,0.2,0.2,0.0,0.2,0,1,6,0.0,0.0,0.0,0.0,0.0,0.15,0.0,0.15,0.15,0.15,Matches
359,347,Declan Rice,MF,eng England,25-173,1999,4,4,390,4.3,0,0,0,0,0,0,0,0,0.1,0.1,0.1,0.2,3,23,8,0.0,0.0,0.0,0.0,0.0,0.02,0.02,0.05,0.02,0.05,Matches
360,348,Fabian Rieder,MF,ch Switzerland,22-140,2002,4,2,155,1.7,0,0,0,0,0,0,0,0,0.0,0.0,0.2,0.3,6,7,17,0.0,0.0,0.0,0.0,0.0,0.02,0.13,0.15,0.02,0.15,Matches
361,349,Andrew Robertson,DF,sct Scotland,30-116,1994,3,3,268,3.0,0,0,0,0,0,0,0,0,0.0,0.0,0.3,0.3,5,8,7,0.0,0.0,0.0,0.0,0.0,0.0,0.11,0.11,0.0,0.11,Matches
362,350,Rodri,MF,es Spain,28-013,1996,3,3,265,2.9,1,0,1,1,0,0,2,0,0.3,0.3,0.1,0.4,12,26,7,0.34,0.0,0.34,0.34,0.34,0.11,0.04,0.15,0.11,0.15,Matches
364,351,Ricardo Rodríguez,DF,ch Switzerland,31-315,1992,4,4,360,4.0,0,0,0,0,0,0,1,0,0.1,0.1,0.0,0.1,7,13,6,0.0,0.0,0.0,0.0,0.0,0.01,0.01,0.03,0.01,0.03,Matches
365,352,Taras Romanchuk,MF,pl Poland,32-234,1991,1,1,54,0.6,0,0,0,0,0,0,0,0,0.0,0.0,0.0,0.0,0,0,0,0.0,0.0,0.0,0.0,0.0,0.0,0.0,0.0,0.0,0.0,Matches
366,353,Cristiano Ronaldo,FW,pt Portugal,39-151,1985,4,4,365,4.1,0,1,1,0,0,1,1,0,2.8,2.0,1.2,3.2,1,3,29,0.0,0.25,0.25,0.0,0.25,0.74,0.33,1.07,0.53,0.86,Matches
367,354,Antonio Rüdiger,DF,de Germany,31-124,1993,4,4,360,4.0,0,0,0,0,0,0,1,0,0.2,0.2,0.3,0.5,0,29,0,0.0,0.0,0.0,0.0,0.0,0.05,0.07,0.12,0.05,0.12,Matches
368,355,Fabián Ruiz Peña,MF,es Spain,28-093,1996,3,3,259,2.9,2,2,4,2,0,0,0,0,1.0,1.0,0.8,1.8,11,28,7,0.69,0.69,1.39,0.69,1.39,0.33,0.29,0.62,0.33,0.62,Matches
369,356,Adrian Rus,MF,ro Romania,28-109,1996,2,0,21,0.2,0,0,0,0,0,0,0,0,0.0,0.0,0.0,0.0,0,1,0,0.0,0.0,0.0,0.0,0.0,0.0,0.0,0.0,0.0,0.0,Matches
370,357,Marcel Sabitzer,"FW,MF",at Austria,30-110,1994,4,4,360,4.0,1,0,1,1,0,0,0,0,0.9,0.9,0.8,1.6,8,12,37,0.25,0.0,0.25,0.25,0.25,0.22,0.19,0.41,0.22,0.41,Matches
371,358,Bukayo Saka,"FW,DF",eng England,22-304,2001,4,4,333,3.7,0,0,0,0,0,0,0,0,0.2,0.2,0.1,0.3,16,16,45,0.0,0.0,0.0,0.0,0.0,0.07,0.02,0.09,0.07,0.09,Matches
372,359,Bartosz Salamon,DF,pl Poland,33-065,1991,1,1,85,0.9,0,0,0,0,0,0,0,0,0.0,0.0,0.0,0.0,0,0,1,0.0,0.0,0.0,0.0,0.0,0.01,0.0,0.01,0.01,0.01,Matches
373,360,William Saliba,DF,fr France,23-103,2001,4,4,360,4.0,0,0,0,0,0,0,0,0,0.1,0.1,0.0,0.1,4,8,0,0.0,0.0,0.0,0.0,0.0,0.02,0.0,0.02,0.02,0.02,Matches
374,361,Roland Sallai,MF,hu Hungary,27-044,1997,3,3,266,3.0,0,1,1,0,0,0,0,0,0.6,0.6,1.0,1.6,12,5,23,0.0,0.34,0.34,0.0,0.34,0.21,0.34,0.55,0.21,0.55,Matches
375,362,Lazar Samardzic,MF,rs Serbia,22-132,2002,2,1,54,0.6,0,0,0,0,0,0,0,0,0.1,0.1,0.0,0.1,0,1,2,0.0,0.0,0.0,0.0,0.0,0.13,0.0,0.13,0.13,0.13,Matches
376,363,Leroy Sané,FW,de Germany,28-176,1996,4,1,163,1.8,0,0,0,0,0,0,0,0,0.4,0.4,0.1,0.5,5,7,20,0.0,0.0,0.0,0.0,0.0,0.23,0.06,0.29,0.23,0.29,Matches
377,364,Leo Sauer,FW,sk Slovakia,18-202,2005,1,0,5,0.1,0,0,0,0,0,0,0,0,0.0,0.0,0.0,0.0,0,0,3,0.0,0.0,0.0,0.0,0.0,0.0,0.0,0.0,0.0,0.0,Matches
378,365,Gianluca Scamacca,FW,it Italy,25-186,1999,4,3,251,2.8,0,0,0,0,0,0,0,0,0.6,0.6,0.2,0.8,1,3,11,0.0,0.0,0.0,0.0,0.0,0.22,0.08,0.3,0.22,0.3,Matches
379,366,András Schäfer,MF,hu Hungary,25-083,1999,3,3,270,3.0,0,0,0,0,0,0,1,0,0.1,0.1,0.0,0.1,5,14,4,0.0,0.0,0.0,0.0,0.0,0.02,0.0,0.02,0.02,0.02,Matches
380,367,Fabian Schär,DF,ch Switzerland,32-198,1991,4,4,360,4.0,0,0,0,0,0,0,0,0,0.2,0.2,0.1,0.3,4,7,2,0.0,0.0,0.0,0.0,0.0,0.05,0.03,0.08,0.05,0.08,Matches
381,368,Patrik Schick,FW,cz Czechia,28-163,1996,2,2,127,1.4,1,0,1,1,0,0,2,0,1.5,1.5,0.1,1.6,2,1,6,0.71,0.0,0.71,0.71,0.71,1.03,0.08,1.11,1.03,1.11,Matches
382,369,Nico Schlotterbeck,DF,de Germany,24-217,1999,2,1,120,1.3,0,1,1,0,0,0,0,0,0.1,0.1,0.4,0.4,1,1,1,0.0,0.75,0.75,0.0,0.75,0.05,0.28,0.33,0.05,0.33,Matches
383,370,Kasper Schmeichel,GK,dk Denmark,37-243,1986,4,4,360,4.0,0,0,0,0,0,0,0,0,0.0,0.0,0.0,0.0,0,0,0,0.0,0.0,0.0,0.0,0.0,0.0,0.0,0.0,0.0,0.0,Matches
384,371,Romano Schmid,"FW,MF",at Austria,24-160,2000,4,2,145,1.6,1,0,1,1,0,0,1,0,0.1,0.1,0.7,0.8,3,5,11,0.62,0.0,0.62,0.62,0.62,0.08,0.42,0.5,0.08,0.5,Matches
385,372,Jerdy Schouten,MF,nl Netherlands,27-175,1997,4,4,320,3.6,0,0,0,0,0,0,1,0,0.1,0.1,0.1,0.2,5,18,8,0.0,0.0,0.0,0.0,0.0,0.02,0.04,0.06,0.02,0.06,Matches
386,373,Ivan Schranz,FW,sk Slovakia,30-296,1993,4,4,331,3.7,3,0,3,3,0,0,1,0,1.0,1.0,0.3,1.3,5,6,16,0.82,0.0,0.82,0.82,0.82,0.28,0.07,0.35,0.28,0.35,Matches
387,374,Taulant Seferi,FW,al Albania,27-233,1996,2,1,94,1.0,0,0,0,0,0,0,0,0,0.0,0.0,0.1,0.1,2,3,3,0.0,0.0,0.0,0.0,0.0,0.02,0.11,0.12,0.02,0.12,Matches
388,375,Nicolas Seiwald,MF,at Austria,23-062,2001,4,4,360,4.0,0,0,0,0,0,0,0,0,0.0,0.0,0.6,0.7,3,23,5,0.0,0.0,0.0,0.0,0.0,0.01,0.16,0.17,0.01,0.17,Matches
390,376,Nélson Semedo,DF,pt Portugal,30-232,1993,4,0,53,0.6,0,0,0,0,0,0,0,0,0.2,0.2,0.0,0.2,3,2,11,0.0,0.0,0.0,0.0,0.0,0.36,0.0,0.36,0.36,0.36,Matches
391,377,Benjamin Šeško,FW,si Slovenia,21-035,2003,4,4,358,4.0,0,0,0,0,0,0,0,0,0.9,0.9,0.1,1.0,3,7,21,0.0,0.0,0.0,0.0,0.0,0.25,0.03,0.28,0.25,0.28,Matches
392,378,Petr Ševčík,MF,cz Czechia,30-062,1994,2,0,22,0.2,0,0,0,0,0,0,0,0,0.1,0.1,0.0,0.1,3,3,1,0.0,0.0,0.0,0.0,0.0,0.5,0.0,0.5,0.5,0.5,Matches
393,379,Stephan El Shaarawy,FW,it Italy,31-252,1992,1,1,45,0.5,0,0,0,0,0,0,1,0,0.0,0.0,0.0,0.0,1,0,0,0.0,0.0,0.0,0.0,0.0,0.0,0.0,0.0,0.0,0.0,Matches
394,380,Lawrence Shankland,FW,sct Scotland,28-330,1995,3,0,25,0.3,0,0,0,0,0,0,0,0,0.0,0.0,0.0,0.0,1,2,1,0.0,0.0,0.0,0.0,0.0,0.0,0.14,0.14,0.0,0.14,Matches
395,381,Mykola Shaparenko,MF,ua Ukraine,25-275,1998,3,3,220,2.4,1,1,2,1,0,0,0,0,0.2,0.2,0.2,0.5,8,18,5,0.41,0.41,0.82,0.41,0.82,0.09,0.1,0.19,0.09,0.19,Matches
396,382,Xherdan Shaqiri,MF,ch Switzerland,32-269,1991,1,1,59,0.7,1,0,1,1,0,0,0,0,0.1,0.1,0.0,0.1,0,3,3,1.53,0.0,1.53,1.53,1.53,0.11,0.0,0.11,0.11,0.11,Matches
397,383,Vincent Sierro,MF,ch Switzerland,28-271,1995,3,0,35,0.4,0,0,0,0,0,0,1,0,0.0,0.0,0.0,0.0,0,1,0,0.0,0.0,0.0,0.0,0.0,0.03,0.0,0.03,0.03,0.03,Matches
398,384,António Silva,DF,pt Portugal,20-249,2003,2,1,73,0.8,0,0,0,0,0,0,0,0,0.1,0.1,0.1,0.2,1,10,1,0.0,0.0,0.0,0.0,0.0,0.14,0.11,0.25,0.14,0.25,Matches
399,385,Bernardo Silva,"FW,MF",pt Portugal,29-330,1994,3,3,300,3.3,1,0,1,1,0,0,0,0,0.6,0.6,0.4,1.0,11,21,36,0.3,0.0,0.3,0.3,0.3,0.21,0.12,0.33,0.21,0.33,Matches
400,386,Unai Simón,GK,es Spain,27-024,1997,3,3,270,3.0,0,0,0,0,0,0,0,0,0.0,0.0,0.0,0.0,0,0,0,0.0,0.0,0.0,0.0,0.0,0.0,0.0,0.0,0.0,0.0,Matches
401,387,Xavi Simons,"MF,FW",nl Netherlands,21-075,2003,4,3,279,3.1,0,3,3,0,0,0,0,0,0.4,0.4,0.9,1.3,12,19,21,0.0,0.97,0.97,0.0,0.97,0.12,0.28,0.41,0.12,0.41,Matches
402,388,Michał Skóraś,DF,pl Poland,24-141,2000,1,0,23,0.3,0,0,0,0,0,0,0,0,0.0,0.0,0.0,0.0,1,1,0,0.0,0.0,0.0,0.0,0.0,0.0,0.0,0.0,0.0,0.0,Matches
403,389,Łukasz Skorupski,GK,pl Poland,33-061,1991,1,1,90,1.0,0,0,0,0,0,0,0,0,0.0,0.0,0.0,0.0,0,0,0,0.0,0.0,0.0,0.0,0.0,0.0,0.0,0.0,0.0,0.0,Matches
404,390,Andreas Skov Olsen,"MF,FW",dk Denmark,24-189,1999,3,1,122,1.4,0,0,0,0,0,0,0,0,0.0,0.0,0.4,0.4,4,3,11,0.0,0.0,0.0,0.0,0.0,0.02,0.31,0.33,0.02,0.33,Matches
405,391,Milan Škriniar,DF,sk Slovakia,29-145,1995,4,4,390,4.3,0,0,0,0,0,0,1,0,0.3,0.3,0.1,0.4,4,21,0,0.0,0.0,0.0,0.0,0.0,0.07,0.02,0.09,0.07,0.09,Matches
406,392,Bartosz Slisz,MF,pl Poland,25-098,1999,2,1,110,1.2,0,0,0,0,0,0,1,0,0.0,0.0,0.1,0.1,1,5,2,0.0,0.0,0.0,0.0,0.0,0.0,0.1,0.1,0.0,0.1,Matches
407,393,Yann Sommer,GK,ch Switzerland,35-201,1988,4,4,360,4.0,0,0,0,0,0,0,0,0,0.0,0.0,0.0,0.0,0,0,0,0.0,0.0,0.0,0.0,0.0,0.0,0.0,0.0,0.0,0.0,Matches
408,394,Deian Sorescu,"MF,DF",ro Romania,26-311,1997,2,0,34,0.4,0,0,0,0,0,0,0,0,0.0,0.0,0.0,0.0,0,0,1,0.0,0.0,0.0,0.0,0.0,0.0,0.0,0.0,0.0,0.0,Matches
409,395,Borna Sosa,DF,hr Croatia,26-166,1998,1,0,7,0.1,0,0,0,0,0,0,0,0,0.0,0.0,0.0,0.0,0,0,1,0.0,0.0,0.0,0.0,0.0,0.0,0.0,0.0,0.0,0.0,Matches
410,396,Tomáš Souček,MF,cz Czechia,29-129,1995,3,3,270,3.0,1,0,1,1,0,0,2,0,0.6,0.6,1.0,1.5,0,11,4,0.33,0.0,0.33,0.33,0.33,0.19,0.32,0.51,0.19,0.51,Matches
411,397,Andraž Šporar,FW,si Slovenia,30-129,1994,4,4,338,3.8,0,0,0,0,0,0,0,0,1.0,1.0,0.8,1.8,3,3,19,0.0,0.0,0.0,0.0,0.0,0.26,0.22,0.48,0.26,0.48,Matches
412,398,Nicolae Stanciu,"MF,FW",ro Romania,31-059,1993,4,4,353,3.9,1,0,1,1,0,0,1,0,0.2,0.2,0.3,0.5,2,10,3,0.25,0.0,0.25,0.25,0.25,0.05,0.07,0.12,0.05,0.12,Matches
413,399,Jindřich Staněk,GK,cz Czechia,28-069,1996,3,3,234,2.6,0,0,0,0,0,0,0,0,0.0,0.0,0.0,0.0,0,0,0,0.0,0.0,0.0,0.0,0.0,0.0,0.0,0.0,0.0,0.0,Matches
414,400,Josip Stanišić,DF,hr Croatia,24-094,2000,2,2,180,2.0,0,0,0,0,0,0,1,0,0.2,0.2,0.0,0.2,3,8,9,0.0,0.0,0.0,0.0,0.0,0.09,0.02,0.11,0.09,0.11,Matches
416,401,Renato Steffen,DF,ch Switzerland,32-245,1991,1,0,1,0.0,0,0,0,0,0,0,0,0,0.0,0.0,0.0,0.0,1,0,0,0.0,0.0,0.0,0.0,0.0,0.0,0.0,0.0,0.0,0.0,Matches
417,402,Taras Stepanenko,MF,ua Ukraine,34-332,1989,2,1,82,0.9,0,0,0,0,0,0,0,0,0.1,0.1,0.0,0.1,0,5,3,0.0,0.0,0.0,0.0,0.0,0.07,0.0,0.07,0.07,0.07,Matches
418,403,Leonidas Stergiou,DF,ch Switzerland,22-124,2002,3,0,48,0.5,0,0,0,0,0,0,0,0,0.0,0.0,0.0,0.0,0,0,1,0.0,0.0,0.0,0.0,0.0,0.0,0.0,0.0,0.0,0.0,Matches
419,404,Petar Stojanović,MF,si Slovenia,28-272,1995,4,4,316,3.5,0,0,0,0,0,0,1,0,0.0,0.0,0.2,0.2,7,11,9,0.0,0.0,0.0,0.0,0.0,0.01,0.05,0.06,0.01,0.06,Matches
420,405,John Stones,DF,eng England,30-038,1994,4,4,390,4.3,0,0,0,0,0,0,0,0,0.1,0.1,0.0,0.1,0,9,1,0.0,0.0,0.0,0.0,0.0,0.01,0.01,0.02,0.01,0.02,Matches
421,406,Thomas Strakosha,GK,al Albania,29-108,1995,3,3,270,3.0,0,0,0,0,0,0,0,0,0.0,0.0,0.0,0.0,0,0,0,0.0,0.0,0.0,0.0,0.0,0.0,0.0,0.0,0.0,0.0,Matches
422,407,Dávid Strelec,FW,sk Slovakia,23-092,2001,4,2,182,2.0,0,1,1,0,0,0,0,0,0.7,0.7,0.8,1.5,0,2,6,0.0,0.49,0.49,0.0,0.49,0.34,0.42,0.76,0.34,0.76,Matches
423,408,Callum Styles,MF,hu Hungary,24-099,2000,1,1,60,0.7,0,0,0,0,0,0,1,0,0.0,0.0,0.0,0.0,0,2,0,0.0,0.0,0.0,0.0,0.0,0.0,0.03,0.03,0.0,0.03,Matches
424,409,Luka Sučić,"FW,MF",hr Croatia,21-301,2002,3,1,140,1.6,0,0,0,0,0,0,1,0,0.6,0.6,0.4,1.0,6,7,5,0.0,0.0,0.0,0.0,0.0,0.37,0.27,0.64,0.37,0.64,Matches
425,410,Heorhiy Sudakov,MF,ua Ukraine,21-308,2002,3,3,262,2.9,0,0,0,0,0,0,0,0,0.5,0.5,0.2,0.7,6,15,11,0.0,0.0,0.0,0.0,0.0,0.17,0.06,0.23,0.17,0.23,Matches
426,411,Pavel Šulc,MF,cz Czechia,23-189,2000,1,1,78,0.9,0,0,0,0,0,0,0,0,0.1,0.1,0.0,0.1,3,0,2,0.0,0.0,0.0,0.0,0.0,0.1,0.0,0.1,0.1,0.1,Matches
427,412,Tomáš Suslov,"FW,MF",sk Slovakia,22-028,2002,4,0,126,1.4,0,0,0,0,0,0,1,0,0.0,0.0,0.1,0.1,6,6,10,0.0,0.0,0.0,0.0,0.0,0.0,0.12,0.12,0.0,0.12,Matches
428,413,Josip Šutalo,DF,hr Croatia,24-128,2000,3,3,270,3.0,0,0,0,0,0,0,0,0,0.6,0.6,0.0,0.6,1,10,0,0.0,0.0,0.0,0.0,0.0,0.2,0.0,0.2,0.2,0.2,Matches
429,414,Oleksandr Svatok,DF,ua Ukraine,29-282,1994,1,1,80,0.9,0,0,0,0,0,0,0,0,0.0,0.0,0.0,0.0,0,3,0,0.0,0.0,0.0,0.0,0.0,0.0,0.0,0.0,0.0,0.0,Matches
430,415,Karol Świderski,FW,pl Poland,27-164,1997,3,0,90,1.0,0,0,0,0,0,0,1,0,0.3,0.3,0.6,0.9,0,0,6,0.0,0.0,0.0,0.0,0.0,0.29,0.61,0.9,0.29,0.9,Matches
431,416,Serhiy Sydorchuk,MF,ua Ukraine,33-064,1991,1,0,6,0.1,0,0,0,0,0,0,0,0,0.0,0.0,0.0,0.0,0,0,0,0.0,0.0,0.0,0.0,0.0,0.0,0.0,0.0,0.0,0.0,Matches
432,417,Attila Szalai,DF,hu Hungary,26-167,1998,2,1,95,1.1,0,0,0,0,0,0,1,0,0.1,0.1,0.0,0.1,0,8,2,0.0,0.0,0.0,0.0,0.0,0.08,0.0,0.08,0.08,0.08,Matches
433,418,Wojciech Szczęsny,GK,pl Poland,34-078,1990,2,2,180,2.0,0,0,0,0,0,0,1,0,0.0,0.0,0.0,0.0,0,0,0,0.0,0.0,0.0,0.0,0.0,0.0,0.0,0.0,0.0,0.0,Matches
434,419,Dominik Szoboszlai,MF,hu Hungary,23-254,2000,3,3,270,3.0,0,1,1,0,0,0,1,0,0.3,0.3,1.2,1.5,6,8,10,0.0,0.33,0.33,0.0,0.33,0.09,0.39,0.49,0.09,0.49,Matches
435,420,Sebastian Szymański,MF,pl Poland,25-056,1999,2,2,112,1.2,0,0,0,0,0,0,0,0,0.0,0.0,0.0,0.1,3,8,3,0.0,0.0,0.0,0.0,0.0,0.03,0.02,0.05,0.03,0.05,Matches
436,421,Dušan Tadić,MF,rs Serbia,35-228,1988,3,1,156,1.7,0,0,0,0,0,0,1,0,0.0,0.0,0.6,0.6,4,4,17,0.0,0.0,0.0,0.0,0.0,0.0,0.34,0.34,0.0,0.34,Matches
437,422,Jonathan Tah,DF,de Germany,28-145,1996,3,3,240,2.7,0,0,0,0,0,0,2,0,0.0,0.0,0.1,0.1,0,10,1,0.0,0.0,0.0,0.0,0.0,0.0,0.02,0.02,0.0,0.02,Matches
438,423,Maksym Talovierov,MF,ua Ukraine,24-007,2000,1,0,1,0.0,0,0,0,0,0,0,0,0,0.0,0.0,0.0,0.0,0,0,0,0.0,0.0,0.0,0.0,0.0,0.0,0.0,0.0,0.0,0.0,Matches
439,424,Aurélien Tchouaméni,MF,fr France,24-160,2000,3,3,260,2.9,0,0,0,0,0,0,1,0,0.2,0.2,0.1,0.3,7,35,3,0.0,0.0,0.0,0.0,0.0,0.08,0.03,0.11,0.08,0.11,Matches
440,425,Arthur Theate,DF,be Belgium,24-041,2000,3,3,256,2.8,0,0,0,0,0,0,0,0,0.0,0.0,0.0,0.1,5,9,4,0.0,0.0,0.0,0.0,0.0,0.01,0.02,0.03,0.01,0.03,Matches
442,426,Marcus Thuram,FW,fr France,26-334,1997,3,3,225,2.5,0,0,0,0,0,0,0,0,0.6,0.6,0.1,0.6,6,5,15,0.0,0.0,0.0,0.0,0.0,0.23,0.03,0.26,0.23,0.26,Matches
443,427,Youri Tielemans,MF,be Belgium,27-059,1997,3,2,148,1.6,1,0,1,1,0,0,1,0,0.1,0.1,0.0,0.1,3,15,1,0.61,0.0,0.61,0.61,0.61,0.07,0.01,0.08,0.07,0.08,Matches
444,428,Kieran Tierney,DF,sct Scotland,27-030,1997,2,2,136,1.5,0,0,0,0,0,0,0,0,0.0,0.0,0.0,0.0,2,3,0,0.0,0.0,0.0,0.0,0.0,0.0,0.0,0.0,0.0,0.0,Matches
445,429,Ivan Toney,FW,eng England,28-111,1996,1,0,31,0.3,0,1,1,0,0,0,0,0,0.1,0.1,0.2,0.3,0,0,1,0.0,2.9,2.9,0.0,2.9,9.81,20.87,30.68,9.81,30.68,Matches
446,430,Ferrán Torres,FW,es Spain,24-127,2000,3,1,96,1.1,1,0,1,1,0,0,0,0,0.2,0.2,0.1,0.3,3,1,9,0.94,0.0,0.94,0.94,0.94,0.2,0.12,0.32,0.2,0.32,Matches
447,431,Cenk Tosun,FW,tr Türkiye,33-028,1991,1,0,16,0.2,1,0,1,1,0,0,0,0,0.2,0.2,0.0,0.2,1,0,1,5.63,0.0,5.63,5.63,5.63,1.22,0.0,1.22,1.22,1.22,Matches
448,432,Gernot Trauner,DF,at Austria,32-102,1992,2,1,90,1.0,1,0,1,1,0,0,0,0,0.1,0.1,0.0,0.1,0,8,0,1.0,0.0,1.0,1.0,1.0,0.08,0.0,0.08,0.08,0.08,Matches
449,433,Kieran Trippier,DF,eng England,33-290,1990,4,4,328,3.6,0,0,0,0,0,0,1,0,0.1,0.1,0.7,0.8,1,24,18,0.0,0.0,0.0,0.0,0.0,0.02,0.2,0.23,0.02,0.23,Matches
450,434,Leandro Trossard,FW,be Belgium,29-214,1994,3,2,169,1.9,0,0,0,0,0,0,0,0,0.2,0.2,0.1,0.4,5,5,8,0.0,0.0,0.0,0.0,0.0,0.13,0.06,0.19,0.13,0.19,Matches
451,435,Anatolii Trubin,GK,ua Ukraine,22-339,2001,2,2,180,2.0,0,0,0,0,0,0,0,0,0.0,0.0,0.0,0.0,0,0,0,0.0,0.0,0.0,0.0,0.0,0.0,0.0,0.0,0.0,0.0,Matches
452,436,Heorhii Tsitaishvili,"DF,MF",ge Georgia,23-230,2000,4,2,190,2.1,0,0,0,0,0,0,0,0,0.2,0.2,0.1,0.3,5,3,15,0.0,0.0,0.0,0.0,0.0,0.08,0.07,0.15,0.08,0.15,Matches
453,437,Viktor Tsyhankov,FW,ua Ukraine,26-233,1997,1,1,62,0.7,0,0,0,0,0,0,0,0,0.1,0.1,0.0,0.1,2,1,6,0.0,0.0,0.0,0.0,0.0,0.19,0.0,0.19,0.19,0.19,Matches
454,438,Ľubomír Tupta,MF,sk Slovakia,26-100,1998,1,0,12,0.1,0,0,0,0,0,0,0,0,0.0,0.0,0.0,0.0,0,0,1,0.0,0.0,0.0,0.0,0.0,,,,,,Matches
455,439,Oleksandr Tymchyk,DF,ua Ukraine,27-167,1997,3,2,199,2.2,0,0,0,0,0,0,0,0,0.0,0.0,0.0,0.0,5,7,11,0.0,0.0,0.0,0.0,0.0,0.0,0.01,0.01,0.0,0.01,Matches
456,440,Deniz Undav,MF,de Germany,27-352,1996,1,0,7,0.1,0,0,0,0,0,0,0,0,0.0,0.0,0.0,0.0,0,0,0,0.0,0.0,0.0,0.0,0.0,0.0,0.0,0.0,0.0,0.0,Matches
457,441,Dayot Upamecano,DF,fr France,25-252,1998,4,4,360,4.0,0,0,0,0,0,0,0,0,0.1,0.1,0.1,0.2,2,19,2,0.0,0.0,0.0,0.0,0.0,0.03,0.02,0.04,0.03,0.04,Matches
458,442,Kacper Urbanski,"FW,MF",pl Poland,19-302,2004,3,2,148,1.6,0,0,0,0,0,0,0,0,0.1,0.1,0.1,0.2,4,3,4,0.0,0.0,0.0,0.0,0.0,0.08,0.03,0.11,0.08,0.11,Matches
459,443,Virgil van Dijk,DF,nl Netherlands,32-363,1991,4,4,360,4.0,0,0,0,0,0,0,0,0,0.3,0.3,0.1,0.4,0,15,0,0.0,0.0,0.0,0.0,0.0,0.07,0.03,0.11,0.07,0.11,Matches
460,444,Vladyslav Vanat,FW,ua Ukraine,22-183,2002,1,0,21,0.2,0,0,0,0,0,0,0,0,0.0,0.0,0.0,0.0,0,0,2,0.0,0.0,0.0,0.0,0.0,0.0,0.0,0.0,0.0,0.0,Matches
461,445,Barnabás Varga,FW,hu Hungary,30-162,1994,3,3,249,2.8,1,0,1,1,0,0,1,0,1.2,1.2,0.1,1.3,1,7,11,0.36,0.0,0.36,0.36,0.36,0.44,0.03,0.47,0.44,0.47,Matches
462,446,Ruben Vargas,"MF,FW",ch Switzerland,25-335,1998,4,3,243,2.7,1,1,2,1,0,0,0,0,0.7,0.7,1.1,1.8,13,12,17,0.37,0.37,0.74,0.37,0.74,0.26,0.41,0.66,0.26,0.66,Matches
463,447,Denis Vavro,DF,sk Slovakia,28-086,1996,4,4,390,4.3,0,0,0,0,0,0,1,0,0.0,0.0,0.0,0.0,1,15,2,0.0,0.0,0.0,0.0,0.0,0.01,0.0,0.01,0.01,0.01,Matches
464,448,Joey Veerman,MF,nl Netherlands,25-229,1998,4,2,135,1.5,0,0,0,0,0,0,1,0,0.1,0.1,0.1,0.2,0,13,1,0.0,0.0,0.0,0.0,0.0,0.09,0.06,0.15,0.09,0.15,Matches
465,449,Miloš Veljković,DF,rs Serbia,28-283,1995,3,3,270,3.0,0,0,0,0,0,0,0,0,0.0,0.0,0.0,0.0,5,27,3,0.0,0.0,0.0,0.0,0.0,0.0,0.0,0.0,0.0,0.0,Matches
466,450,Micky van de Ven,DF,nl Netherlands,23-077,2001,3,0,52,0.6,0,0,0,0,0,0,0,0,0.0,0.0,0.0,0.0,1,2,2,0.0,0.0,0.0,0.0,0.0,0.0,0.0,0.0,0.0,0.0,Matches
468,451,Benjamin Verbič,MF,si Slovenia,30-221,1993,3,0,74,0.8,0,0,0,0,0,0,0,0,0.0,0.0,0.1,0.2,2,1,3,0.0,0.0,0.0,0.0,0.0,0.05,0.27,0.31,0.05,0.31,Matches
469,452,Bart Verbruggen,GK,nl Netherlands,21-322,2002,4,4,360,4.0,0,0,0,0,0,0,0,0,0.0,0.0,0.0,0.0,0,0,0,0.0,0.0,0.0,0.0,0.0,0.0,0.0,0.0,0.0,0.0,Matches
470,453,Jan Vertonghen,DF,be Belgium,37-072,1987,3,3,270,3.0,0,0,0,0,0,0,1,0,0.1,0.1,0.0,0.1,0,3,1,0.0,0.0,0.0,0.0,0.0,0.03,0.0,0.03,0.03,0.03,Matches
471,454,Jannik Vestergaard,DF,dk Denmark,31-337,1992,4,4,360,4.0,0,0,0,0,0,0,1,0,0.3,0.3,0.0,0.3,1,15,2,0.0,0.0,0.0,0.0,0.0,0.07,0.0,0.07,0.07,0.07,Matches
472,455,Žan Vipotnik,FW,si Slovenia,22-109,2002,1,0,15,0.2,0,0,0,0,0,0,1,0,0.0,0.0,0.0,0.0,0,0,0,0.0,0.0,0.0,0.0,0.0,0.0,0.0,0.0,0.0,0.0,Matches
473,456,Vitinha,MF,pt Portugal,24-143,2000,3,3,240,2.7,0,0,0,0,0,0,0,0,0.3,0.3,0.1,0.4,3,22,6,0.0,0.0,0.0,0.0,0.0,0.11,0.04,0.15,0.11,0.15,Matches
474,457,Daniel Vivian,DF,es Spain,24-356,1999,1,1,90,1.0,0,0,0,0,0,0,1,0,0.0,0.0,0.0,0.0,0,9,1,0.0,0.0,0.0,0.0,0.0,0.04,0.0,0.04,0.04,0.04,Matches
475,458,Dušan Vlahović,"MF,FW",rs Serbia,24-159,2000,3,2,177,2.0,0,0,0,0,0,0,0,0,0.2,0.2,0.0,0.2,1,2,8,0.0,0.0,0.0,0.0,0.0,0.12,0.0,0.12,0.12,0.12,Matches
476,459,Stefan de Vrij,DF,nl Netherlands,32-151,1992,4,4,360,4.0,0,0,0,0,0,0,0,0,0.3,0.3,0.0,0.3,1,20,1,0.0,0.0,0.0,0.0,0.0,0.06,0.0,0.06,0.06,0.06,Matches
477,460,Kyle Walker,DF,eng England,34-038,1990,4,4,390,4.3,0,0,0,0,0,0,0,0,0.0,0.0,0.1,0.1,9,31,16,0.0,0.0,0.0,0.0,0.0,0.0,0.02,0.02,0.0,0.02,Matches
478,461,Ollie Watkins,FW,eng England,28-188,1995,1,0,22,0.2,0,0,0,0,0,0,0,0,0.2,0.2,0.0,0.2,0,0,1,0.0,0.0,0.0,0.0,0.0,0.75,0.0,0.75,0.75,0.75,Matches
479,462,Wout Weghorst,FW,nl Netherlands,31-333,1992,4,0,48,0.5,1,1,2,1,0,0,0,0,0.2,0.2,0.1,0.3,0,0,4,1.87,1.87,3.75,1.87,3.75,0.37,0.17,0.53,0.37,0.53,Matches
480,463,Andreas Weimann,FW,at Austria,32-335,1991,1,0,1,0.0,0,0,0,0,0,0,0,0,0.0,0.0,0.0,0.0,0,0,0,0.0,0.0,0.0,0.0,0.0,0.0,0.0,0.0,0.0,0.0,Matches
481,464,Silvan Widmer,DF,ch Switzerland,31-122,1993,3,3,242,2.7,0,0,0,0,0,0,2,0,0.1,0.1,0.0,0.1,2,3,10,0.0,0.0,0.0,0.0,0.0,0.03,0.0,0.03,0.03,0.03,Matches
482,465,Georginio Wijnaldum,MF,nl Netherlands,33-237,1990,3,0,73,0.8,0,0,0,0,0,0,0,0,0.0,0.0,0.0,0.0,0,2,1,0.0,0.0,0.0,0.0,0.0,0.0,0.0,0.0,0.0,0.0,Matches
483,466,Nico Williams,FW,es Spain,21-359,2002,3,3,234,2.6,1,1,2,1,0,0,0,0,0.8,0.8,0.9,1.7,17,10,40,0.38,0.38,0.77,0.38,0.77,0.3,0.36,0.66,0.3,0.66,Matches
484,467,Patrick Wimmer,"FW,MF",at Austria,23-036,2001,3,1,138,1.5,0,0,0,0,0,0,2,0,0.2,0.2,0.1,0.2,5,4,10,0.0,0.0,0.0,0.0,0.0,0.11,0.04,0.15,0.11,0.15,Matches
485,468,Jonas Wind,FW,dk Denmark,25-149,1999,4,3,193,2.1,0,1,1,0,0,0,1,0,0.5,0.5,0.8,1.2,0,2,21,0.0,0.47,0.47,0.0,0.47,0.21,0.37,0.58,0.21,0.58,Matches
486,469,Florian Wirtz,FW,de Germany,21-063,2003,4,3,204,2.3,1,0,1,1,0,0,0,0,0.3,0.3,0.6,0.9,13,15,23,0.44,0.0,0.44,0.44,0.44,0.15,0.26,0.41,0.15,0.41,Matches
487,470,Maximilian Wöber,DF,at Austria,26-152,1998,3,2,175,1.9,0,0,0,0,0,0,1,0,0.0,0.0,0.1,0.1,2,7,2,0.0,0.0,0.0,0.0,0.0,0.0,0.07,0.07,0.0,0.07,Matches
488,471,Granit Xhaka,MF,ch Switzerland,31-282,1992,4,4,360,4.0,0,0,0,0,0,0,1,0,0.2,0.2,0.4,0.6,6,28,7,0.0,0.0,0.0,0.0,0.0,0.05,0.09,0.14,0.05,0.14,Matches
489,472,Lamine Yamal,FW,es Spain,16-358,2007,4,3,264,2.9,0,2,2,0,0,0,0,0,1.5,1.5,1.6,3.1,24,12,26,0.0,0.68,0.68,0.0,0.68,0.5,0.56,1.06,0.5,1.06,Matches
490,473,Roman Yaremchuk,FW,ua Ukraine,28-221,1995,3,1,121,1.3,1,0,1,1,0,0,1,0,0.4,0.4,0.1,0.6,3,3,11,0.74,0.0,0.74,0.74,0.74,0.33,0.11,0.44,0.33,0.44,Matches
491,474,Andriy Yarmolenko,"FW,MF",ua Ukraine,34-256,1989,3,1,104,1.2,0,0,0,0,0,0,0,0,0.5,0.5,0.0,0.5,4,6,11,0.0,0.0,0.0,0.0,0.0,0.42,0.0,0.42,0.42,0.42,Matches
492,475,Yusuf Yazıcı,"MF,FW",tr Türkiye,27-158,1997,2,0,57,0.6,0,0,0,0,0,0,0,0,0.2,0.2,0.0,0.2,0,3,2,0.0,0.0,0.0,0.0,0.0,0.28,0.0,0.28,0.28,0.28,Matches
494,476,Kenan Yıldız,FW,tr Türkiye,19-062,2005,4,3,269,3.0,0,0,0,0,0,0,1,0,0.7,0.7,0.1,0.7,10,6,21,0.0,0.0,0.0,0.0,0.0,0.22,0.02,0.24,0.22,0.24,Matches
495,477,Okay Yokuşlu,MF,tr Türkiye,30-118,1994,2,0,41,0.5,0,0,0,0,0,0,0,0,0.0,0.0,0.0,0.0,0,1,0,0.0,0.0,0.0,0.0,0.0,0.1,0.0,0.1,0.1,0.1,Matches
496,478,İsmail Yüksek,MF,tr Türkiye,25-161,1999,3,2,152,1.7,0,1,1,0,0,0,2,0,0.1,0.1,0.1,0.2,2,4,2,0.0,0.59,0.59,0.0,0.59,0.04,0.09,0.12,0.04,0.12,Matches
497,479,Illia Zabarnyi,DF,ua Ukraine,21-308,2002,3,3,270,3.0,0,0,0,0,0,0,0,0,0.0,0.0,0.1,0.1,0,14,0,0.0,0.0,0.0,0.0,0.0,0.0,0.03,0.03,0.0,0.03,Matches
498,480,Mattia Zaccagni,"MF,FW",it Italy,29-019,1995,3,0,82,0.9,1,0,1,1,0,0,0,0,0.2,0.2,0.4,0.6,2,3,14,1.1,0.0,1.1,1.1,1.1,0.24,0.43,0.67,0.24,0.67,Matches
499,481,Nicola Zalewski,DF,pl Poland,22-164,2002,3,3,247,2.7,0,0,0,0,0,0,1,0,0.1,0.1,0.1,0.2,11,14,9,0.0,0.0,0.0,0.0,0.0,0.04,0.04,0.09,0.04,0.09,Matches
500,482,Piotr Zieliński,MF,pl Poland,30-046,1994,3,3,253,2.8,0,1,1,0,0,0,0,0,0.5,0.5,0.4,0.8,16,10,11,0.0,0.36,0.36,0.0,0.36,0.16,0.14,0.3,0.16,0.3,Matches
501,483,Oleksandr Zinchenko,DF,ua Ukraine,27-203,1996,3,2,213,2.4,0,1,1,0,0,0,0,0,0.0,0.0,0.2,0.3,3,11,6,0.0,0.42,0.42,0.0,0.42,0.02,0.1,0.12,0.02,0.12,Matches
502,484,Andrija Živković,DF,rs Serbia,27-360,1996,3,3,244,2.7,0,0,0,0,0,0,0,0,0.0,0.0,0.7,0.7,8,12,16,0.0,0.0,0.0,0.0,0.0,0.0,0.24,0.24,0.0,0.24,Matches
503,485,Budu Zivzivadze,"FW,MF",ge Georgia,30-117,1994,2,0,18,0.2,0,0,0,0,0,0,0,0,0.1,0.1,0.0,0.1,0,1,1,0.0,0.0,0.0,0.0,0.0,0.45,0.0,0.45,0.45,0.45,Matches
504,486,Steven Zuber,MF,ch Switzerland,32-323,1991,1,0,20,0.2,0,0,0,0,0,0,0,0,0.1,0.1,0.0,0.1,0,1,1,0.0,0.0,0.0,0.0,0.0,0.32,0.0,0.32,0.32,0.32,Matches
505,487,Martín Zubimendi,MF,es Spain,25-154,1999,2,1,95,1.1,0,0,0,0,0,0,0,0,0.0,0.0,0.0,0.0,2,15,1,0.0,0.0,0.0,0.0,0.0,0.0,0.0,0.0,0.0,0.0,Matches
506,488,Oleksandr Zubkov,FW,ua Ukraine,27-337,1996,1,0,24,0.3,0,0,0,0,0,0,0,0,0.0,0.0,0.0,0.0,0,2,1,0.0,0.0,0.0,0.0,0.0,0.0,0.0,0.0,0.0,0.0,Matches
